year,month,ipsos_code,percent_raw,cap_code
1974,9,AID,0,19
1974,9,BF,0,4
1974,9,BSE,0,4
1974,9,Coa,0,1
1974,9,Com,19,9
1974,9,Cou,0,4
1974,9,Cri,8,12
1974,9,Def,0,19
1974,9,Dru,0,12
1974,9,Eco,0,1
1974,9,Edu,12,6
1974,9,Foo,0,4
1974,9,Ger,0,4
1974,9,GM,0,4
1974,9,Hea,0,3
1974,9,Hou,23,14
1974,9,Inf,82,1
1974,9,Inn,0,1
1974,9,LG,0,20
1974,9,Low,0,5
1974,9,Mor,0,20
1974,9,Nat,0,20
1974,9,NHS,3,3
1974,9,NI,6,19
1974,9,NP,0,1
1974,9,Nuc,0,19
1974,9,Pen,10,5
1974,9,Pet,0,1
1974,9,Pol,0,7
1974,9,Pou,0,1
1974,9,Pov,0,5
1974,9,Pri,0,1
1974,9,Pub,0,20
1974,9,Rac,7,9
1974,9,SA,0,19
1974,9,SWA,0,20
1974,9,Tax,0,1
1974,9,TU,22,1
1974,9,Tra,0,10
1974,9,Tsu,0,19
1974,9,Une,9,1
1974,9,Oth,0,99
1974,9,DK,0,99
1974,10,AID,0,19
1974,10,BF,0,4
1974,10,BSE,0,4
1974,10,Coa,0,1
1974,10,Com,10,9
1974,10,Cou,0,4
1974,10,Cri,9,12
1974,10,Def,0,19
1974,10,Dru,0,12
1974,10,Eco,0,1
1974,10,Edu,5,6
1974,10,Foo,0,4
1974,10,Ger,0,4
1974,10,GM,0,4
1974,10,Hea,0,3
1974,10,Hou,27,14
1974,10,Inf,81,1
1974,10,Inn,0,1
1974,10,LG,0,20
1974,10,Low,0,5
1974,10,Mor,0,20
1974,10,Nat,0,20
1974,10,NHS,2,3
1974,10,NI,6,19
1974,10,NP,0,1
1974,10,Nuc,0,19
1974,10,Pen,8,5
1974,10,Pet,0,1
1974,10,Pol,0,7
1974,10,Pou,0,1
1974,10,Pov,0,5
1974,10,Pri,0,1
1974,10,Pub,0,20
1974,10,Rac,5,9
1974,10,SA,0,19
1974,10,SWA,0,20
1974,10,Tax,0,1
1974,10,TU,18,1
1974,10,Tra,0,10
1974,10,Tsu,0,19
1974,10,Une,8,1
1974,10,Oth,0,99
1974,10,DK,0,99
1977,11,AID,0,19
1977,11,BF,0,4
1977,11,BSE,0,4
1977,11,Coa,0,1
1977,11,Com,0,9
1977,11,Cou,0,4
1977,11,Cri,0,12
1977,11,Def,0,19
1977,11,Dru,0,12
1977,11,Eco,0,1
1977,11,Edu,12,6
1977,11,Foo,0,4
1977,11,Ger,0,4
1977,11,GM,0,4
1977,11,Hea,0,3
1977,11,Hou,9,14
1977,11,Inf,64,1
1977,11,Inn,0,1
1977,11,LG,0,20
1977,11,Low,0,5
1977,11,Mor,0,20
1977,11,Nat,0,20
1977,11,NHS,10,3
1977,11,NI,7,19
1977,11,NP,0,1
1977,11,Nuc,0,19
1977,11,Pen,7,5
1977,11,Pet,0,1
1977,11,Pol,0,7
1977,11,Pou,0,1
1977,11,Pov,0,5
1977,11,Pri,0,1
1977,11,Pub,0,20
1977,11,Rac,16,9
1977,11,SA,0,19
1977,11,SWA,0,20
1977,11,Tax,0,1
1977,11,TU,30,1
1977,11,Tra,0,10
1977,11,Tsu,0,19
1977,11,Une,50,1
1977,11,Oth,0,99
1977,11,DK,0,99
1978,8,AID,0,19
1978,8,BF,0,4
1978,8,BSE,0,4
1978,8,Coa,0,1
1978,8,Com,9,9
1978,8,Cou,0,4
1978,8,Cri,23,12
1978,8,Def,0,19
1978,8,Dru,0,12
1978,8,Eco,0,1
1978,8,Edu,15,6
1978,8,Foo,0,4
1978,8,Ger,0,4
1978,8,GM,0,4
1978,8,Hea,0,3
1978,8,Hou,12,14
1978,8,Inf,63,1
1978,8,Inn,0,1
1978,8,LG,0,20
1978,8,Low,0,5
1978,8,Mor,0,20
1978,8,Nat,0,20
1978,8,NHS,11,3
1978,8,NI,7,19
1978,8,NP,0,1
1978,8,Nuc,0,19
1978,8,Pen,0,5
1978,8,Pet,0,1
1978,8,Pol,0,7
1978,8,Pou,0,1
1978,8,Pov,0,5
1978,8,Pri,7,1
1978,8,Pub,0,20
1978,8,Rac,27,9
1978,8,SA,0,19
1978,8,SWA,0,20
1978,8,Tax,0,1
1978,8,TU,25,1
1978,8,Tra,0,10
1978,8,Tsu,0,19
1978,8,Une,55,1
1978,8,Oth,0,99
1978,8,DK,0,99
1979,2,AID,0,19
1979,2,BF,0,4
1979,2,BSE,0,4
1979,2,Coa,0,1
1979,2,Com,9,9
1979,2,Cou,0,4
1979,2,Cri,14,12
1979,2,Def,0,19
1979,2,Dru,0,12
1979,2,Eco,0,1
1979,2,Edu,9,6
1979,2,Foo,0,4
1979,2,Ger,0,4
1979,2,GM,0,4
1979,2,Hea,0,3
1979,2,Hou,9,14
1979,2,Inf,66,1
1979,2,Inn,0,1
1979,2,LG,0,20
1979,2,Low,0,5
1979,2,Mor,0,20
1979,2,Nat,0,20
1979,2,NHS,15,3
1979,2,NI,5,19
1979,2,NP,0,1
1979,2,Nuc,0,19
1979,2,Pen,0,5
1979,2,Pet,0,1
1979,2,Pol,0,7
1979,2,Pou,0,1
1979,2,Pov,0,5
1979,2,Pri,0,1
1979,2,Pub,0,20
1979,2,Rac,10,9
1979,2,SA,0,19
1979,2,SWA,0,20
1979,2,Tax,0,1
1979,2,TU,73,1
1979,2,Tra,0,10
1979,2,Tsu,0,19
1979,2,Une,31,1
1979,2,Oth,0,99
1979,2,DK,0,99
1979,3,AID,0,19
1979,3,BF,0,4
1979,3,BSE,0,4
1979,3,Coa,0,1
1979,3,Com,12,9
1979,3,Cou,0,4
1979,3,Cri,10,12
1979,3,Def,0,19
1979,3,Dru,0,12
1979,3,Eco,0,1
1979,3,Edu,5,6
1979,3,Foo,0,4
1979,3,Ger,0,4
1979,3,GM,0,4
1979,3,Hea,0,3
1979,3,Hou,7,14
1979,3,Inf,59,1
1979,3,Inn,0,1
1979,3,LG,0,20
1979,3,Low,0,5
1979,3,Mor,0,20
1979,3,Nat,2,20
1979,3,NHS,2,3
1979,3,NI,2,19
1979,3,NP,0,1
1979,3,Nuc,0,19
1979,3,Pen,7,5
1979,3,Pet,0,1
1979,3,Pol,0,7
1979,3,Pou,0,1
1979,3,Pov,0,5
1979,3,Pri,0,1
1979,3,Pub,0,20
1979,3,Rac,5,9
1979,3,SA,0,19
1979,3,SWA,1,20
1979,3,Tax,14,1
1979,3,TU,32,1
1979,3,Tra,0,10
1979,3,Tsu,0,19
1979,3,Une,28,1
1979,3,Oth,0,99
1979,3,DK,0,99
1979,4,AID,0,19
1979,4,BF,0,4
1979,4,BSE,0,4
1979,4,Coa,0,1
1979,4,Com,14,9
1979,4,Cou,0,4
1979,4,Cri,41,12
1979,4,Def,0,19
1979,4,Dru,0,12
1979,4,Eco,0,1
1979,4,Edu,17,6
1979,4,Foo,0,4
1979,4,Ger,0,4
1979,4,GM,0,4
1979,4,Hea,0,3
1979,4,Hou,16,14
1979,4,Inf,68,1
1979,4,Inn,0,1
1979,4,LG,0,20
1979,4,Low,0,5
1979,4,Mor,0,20
1979,4,Nat,0,20
1979,4,NHS,17,3
1979,4,NI,18,19
1979,4,NP,0,1
1979,4,Nuc,0,19
1979,4,Pen,0,5
1979,4,Pet,0,1
1979,4,Pol,0,7
1979,4,Pou,0,1
1979,4,Pov,0,5
1979,4,Pri,0,1
1979,4,Pub,0,20
1979,4,Rac,16,9
1979,4,SA,0,19
1979,4,SWA,0,20
1979,4,Tax,0,1
1979,4,TU,56,1
1979,4,Tra,0,10
1979,4,Tsu,0,19
1979,4,Une,53,1
1979,4,Oth,0,99
1979,4,DK,0,99
1980,2,AID,0,19
1980,2,AW,0,4
1980,2,BF,0,4
1980,2,BSE,0,4
1980,2,Coa,0,1
1980,2,Com,15,9
1980,2,Cou,0,4
1980,2,Cri,19,12
1980,2,Def,0,19
1980,2,Dru,0,12
1980,2,Eco,0,1
1980,2,Edu,18,6
1980,2,Foo,0,4
1980,2,Ger,0,4
1980,2,GM,0,4
1980,2,Hea,0,3
1980,2,Hou,12,14
1980,2,Inf,65,1
1980,2,Inn,0,1
1980,2,LG,0,20
1980,2,Low,0,5
1980,2,Mor,0,20
1980,2,Nat,0,20
1980,2,NHS,12,3
1980,2,NI,11,19
1980,2,NP,0,1
1980,2,Nuc,0,19
1980,2,Pen,7,5
1980,2,Pet,0,1
1980,2,Pol,0,7
1980,2,Pou,0,1
1980,2,Pov,0,5
1980,2,Pri,0,1
1980,2,Pub,0,20
1980,2,Rac,9,9
1980,2,SA,0,19
1980,2,SWA,0,20
1980,2,Tax,0,1
1980,2,TU,55,1
1980,2,Tra,0,10
1980,2,Tsu,0,19
1980,2,Une,41,1
1980,2,Oth,0,99
1980,2,DK,0,99
1980,4,AID,0,19
1980,4,AW,0,4
1980,4,BF,0,4
1980,4,BSE,0,4
1980,4,Coa,0,1
1980,4,Com,23,9
1980,4,Cou,0,4
1980,4,Cri,32,12
1980,4,Def,0,19
1980,4,Dru,0,12
1980,4,Eco,0,1
1980,4,Edu,24,6
1980,4,Foo,0,4
1980,4,Ger,0,4
1980,4,GM,0,4
1980,4,Hea,0,3
1980,4,Hou,15,14
1980,4,Inf,69,1
1980,4,Inn,0,1
1980,4,LG,0,20
1980,4,Low,0,5
1980,4,Mor,0,20
1980,4,Nat,0,20
1980,4,NHS,23,3
1980,4,NI,12,19
1980,4,NP,0,1
1980,4,Nuc,0,19
1980,4,Pen,0,5
1980,4,Pet,0,1
1980,4,Pol,0,7
1980,4,Pou,0,1
1980,4,Pov,0,5
1980,4,Pri,0,1
1980,4,Pub,0,20
1980,4,Rac,14,9
1980,4,SA,0,19
1980,4,SWA,0,20
1980,4,Tax,0,1
1980,4,TU,53,1
1980,4,Tra,0,10
1980,4,Tsu,0,19
1980,4,Une,51,1
1980,4,Oth,0,99
1980,4,DK,0,99
1982,9,AID,0,19
1982,9,AW,0,4
1982,9,BF,0,4
1982,9,BSE,0,4
1982,9,Coa,0,1
1982,9,Com,4,9
1982,9,Cou,0,4
1982,9,Cri,13,12
1982,9,Def,11,19
1982,9,Dru,0,12
1982,9,Eco,0,1
1982,9,Edu,0,6
1982,9,Foo,0,4
1982,9,Ger,0,4
1982,9,GM,0,4
1982,9,Hea,0,3
1982,9,Hou,0,14
1982,9,Inf,32,1
1982,9,Inn,0,1
1982,9,LG,0,20
1982,9,Low,0,5
1982,9,Mor,0,20
1982,9,Nat,0,20
1982,9,NHS,0,3
1982,9,NI,3,19
1982,9,NP,0,1
1982,9,Nuc,0,19
1982,9,Pen,0,5
1982,9,Pet,0,1
1982,9,Pol,0,7
1982,9,Pou,0,1
1982,9,Pov,0,5
1982,9,Pri,0,1
1982,9,Pub,0,20
1982,9,Rac,0,9
1982,9,SA,0,19
1982,9,SWA,0,20
1982,9,Tax,0,1
1982,9,TU,11,1
1982,9,Tra,0,10
1982,9,Tsu,0,19
1982,9,Une,87,1
1982,9,Oth,0,99
1982,9,DK,0,99
1982,10,AID,0,19
1982,10,AW,0,4
1982,10,BF,0,4
1982,10,BSE,0,4
1982,10,Coa,0,1
1982,10,Com,4,9
1982,10,Cou,0,4
1982,10,Cri,10,12
1982,10,Def,13,19
1982,10,Dru,0,12
1982,10,Eco,0,1
1982,10,Edu,0,6
1982,10,Foo,0,4
1982,10,Ger,0,4
1982,10,GM,0,4
1982,10,Hea,0,3
1982,10,Hou,0,14
1982,10,Inf,34,1
1982,10,Inn,0,1
1982,10,LG,0,20
1982,10,Low,0,5
1982,10,Mor,0,20
1982,10,Nat,0,20
1982,10,NHS,0,3
1982,10,NI,3,19
1982,10,NP,0,1
1982,10,Nuc,0,19
1982,10,Pen,0,5
1982,10,Pet,0,1
1982,10,Pol,0,7
1982,10,Pou,0,1
1982,10,Pov,0,5
1982,10,Pri,0,1
1982,10,Pub,0,20
1982,10,Rac,0,9
1982,10,SA,0,19
1982,10,SWA,0,20
1982,10,Tax,0,1
1982,10,TU,9,1
1982,10,Tra,0,10
1982,10,Tsu,0,19
1982,10,Une,85,1
1982,10,Oth,0,99
1982,10,DK,0,99
1982,11,AID,0,19
1982,11,AW,0,4
1982,11,BF,0,4
1982,11,BSE,0,4
1982,11,Coa,0,1
1982,11,Com,6,9
1982,11,Cou,0,4
1982,11,Cri,10,12
1982,11,Def,14,19
1982,11,Dru,0,12
1982,11,Eco,0,1
1982,11,Edu,8,6
1982,11,Foo,0,4
1982,11,Ger,0,4
1982,11,GM,0,4
1982,11,Hea,0,3
1982,11,Hou,5,14
1982,11,Inf,29,1
1982,11,Inn,0,1
1982,11,LG,0,20
1982,11,Low,0,5
1982,11,Mor,0,20
1982,11,Nat,0,20
1982,11,NHS,11,3
1982,11,NI,4,19
1982,11,NP,0,1
1982,11,Nuc,0,19
1982,11,Pen,5,5
1982,11,Pet,0,1
1982,11,Pol,0,7
1982,11,Pou,0,1
1982,11,Pov,0,5
1982,11,Pri,0,1
1982,11,Pub,0,20
1982,11,Rac,5,9
1982,11,SA,0,19
1982,11,SWA,0,20
1982,11,Tax,0,1
1982,11,TU,6,1
1982,11,Tra,0,10
1982,11,Tsu,0,19
1982,11,Une,87,1
1982,11,Oth,0,99
1982,11,DK,0,99
1983,3,AID,0,19
1983,3,AW,0,4
1983,3,BF,0,4
1983,3,BSE,0,4
1983,3,Coa,0,1
1983,3,Com,6,9
1983,3,Cou,0,4
1983,3,Cri,8,12
1983,3,Def,8,19
1983,3,Dru,0,12
1983,3,Eco,0,1
1983,3,Edu,8,6
1983,3,Foo,0,4
1983,3,Ger,0,4
1983,3,GM,0,4
1983,3,Hea,0,3
1983,3,Hou,5,14
1983,3,Inf,24,1
1983,3,Inn,0,1
1983,3,LG,0,20
1983,3,Low,0,5
1983,3,Mor,0,20
1983,3,Nat,0,20
1983,3,NHS,6,3
1983,3,NI,3,19
1983,3,NP,0,1
1983,3,Nuc,24,19
1983,3,Pen,8,5
1983,3,Pet,0,1
1983,3,Pol,0,7
1983,3,Pou,0,1
1983,3,Pov,0,5
1983,3,Pri,0,1
1983,3,Pub,0,20
1983,3,Rac,3,9
1983,3,SA,0,19
1983,3,SWA,0,20
1983,3,Tax,0,1
1983,3,TU,7,1
1983,3,Tra,0,10
1983,3,Tsu,0,19
1983,3,Une,83,1
1983,3,Oth,0,99
1983,3,DK,0,99
1983,4,AID,0,19
1983,4,AW,0,4
1983,4,BF,0,4
1983,4,BSE,0,4
1983,4,Coa,0,1
1983,4,Com,6,9
1983,4,Cou,0,4
1983,4,Cri,9,12
1983,4,Def,10,19
1983,4,Dru,0,12
1983,4,Eco,0,1
1983,4,Edu,11,6
1983,4,Foo,0,4
1983,4,Ger,0,4
1983,4,GM,0,4
1983,4,Hea,0,3
1983,4,Hou,6,14
1983,4,Inf,25,1
1983,4,Inn,0,1
1983,4,LG,0,20
1983,4,Low,0,5
1983,4,Mor,0,20
1983,4,Nat,0,20
1983,4,NHS,10,3
1983,4,NI,3,19
1983,4,NP,0,1
1983,4,Nuc,29,19
1983,4,Pen,6,5
1983,4,Pet,0,1
1983,4,Pol,0,7
1983,4,Pou,0,1
1983,4,Pov,0,5
1983,4,Pri,0,1
1983,4,Pub,0,20
1983,4,Rac,4,9
1983,4,SA,0,19
1983,4,SWA,0,20
1983,4,Tax,0,1
1983,4,TU,8,1
1983,4,Tra,0,10
1983,4,Tsu,0,19
1983,4,Une,83,1
1983,4,Oth,0,99
1983,4,DK,0,99
1983,6,AID,0,19
1983,6,AW,0,4
1983,6,BF,0,4
1983,6,BSE,0,4
1983,6,Coa,0,1
1983,6,Com,8,9
1983,6,Cou,0,4
1983,6,Cri,9,12
1983,6,Def,15,19
1983,6,Dru,0,12
1983,6,Eco,0,1
1983,6,Edu,9,6
1983,6,Foo,0,4
1983,6,Ger,0,4
1983,6,GM,0,4
1983,6,Hea,0,3
1983,6,Hou,4,14
1983,6,Inf,21,1
1983,6,Inn,0,1
1983,6,LG,0,20
1983,6,Low,0,5
1983,6,Mor,0,20
1983,6,Nat,0,20
1983,6,NHS,11,3
1983,6,NI,1,19
1983,6,NP,0,1
1983,6,Nuc,30,19
1983,6,Pen,8,5
1983,6,Pet,0,1
1983,6,Pol,0,7
1983,6,Pou,0,1
1983,6,Pov,0,5
1983,6,Pri,0,1
1983,6,Pub,0,20
1983,6,Rac,3,9
1983,6,SA,0,19
1983,6,SWA,0,20
1983,6,Tax,0,1
1983,6,TU,5,1
1983,6,Tra,0,10
1983,6,Tsu,0,19
1983,6,Une,86,1
1983,6,Oth,0,99
1983,6,DK,0,99
1983,7,AID,0,19
1983,7,AW,0,4
1983,7,BF,0,4
1983,7,BSE,0,4
1983,7,Coa,0,1
1983,7,Com,6,9
1983,7,Cou,0,4
1983,7,Cri,15,12
1983,7,Def,13,19
1983,7,Dru,0,12
1983,7,Eco,0,1
1983,7,Edu,10,6
1983,7,Foo,0,4
1983,7,Ger,0,4
1983,7,GM,0,4
1983,7,Hea,0,3
1983,7,Hou,4,14
1983,7,Inf,21,1
1983,7,Inn,0,1
1983,7,LG,0,20
1983,7,Low,0,5
1983,7,Mor,0,20
1983,7,Nat,0,20
1983,7,NHS,11,3
1983,7,NI,2,19
1983,7,NP,0,1
1983,7,Nuc,26,19
1983,7,Pen,6,5
1983,7,Pet,0,1
1983,7,Pol,0,7
1983,7,Pou,0,1
1983,7,Pov,0,5
1983,7,Pri,0,1
1983,7,Pub,0,20
1983,7,Rac,4,9
1983,7,SA,0,19
1983,7,SWA,0,20
1983,7,Tax,0,1
1983,7,TU,4,1
1983,7,Tra,0,10
1983,7,Tsu,0,19
1983,7,Une,79,1
1983,7,Oth,0,99
1983,7,DK,0,99
1983,8,AID,0,19
1983,8,AW,0,4
1983,8,BF,0,4
1983,8,BSE,0,4
1983,8,Coa,0,1
1983,8,Com,4,9
1983,8,Cou,0,4
1983,8,Cri,15,12
1983,8,Def,11,19
1983,8,Dru,0,12
1983,8,Eco,0,1
1983,8,Edu,9,6
1983,8,Foo,0,4
1983,8,Ger,0,4
1983,8,GM,0,4
1983,8,Hea,0,3
1983,8,Hou,5,14
1983,8,Inf,23,1
1983,8,Inn,0,1
1983,8,LG,0,20
1983,8,Low,0,5
1983,8,Mor,0,20
1983,8,Nat,0,20
1983,8,NHS,14,3
1983,8,NI,3,19
1983,8,NP,0,1
1983,8,Nuc,22,19
1983,8,Pen,6,5
1983,8,Pet,0,1
1983,8,Pol,0,7
1983,8,Pou,0,1
1983,8,Pov,0,5
1983,8,Pri,0,1
1983,8,Pub,0,20
1983,8,Rac,4,9
1983,8,SA,0,19
1983,8,SWA,0,20
1983,8,Tax,0,1
1983,8,TU,4,1
1983,8,Tra,0,10
1983,8,Tsu,0,19
1983,8,Une,82,1
1983,8,Oth,0,99
1983,8,DK,0,99
1983,9,AID,0,19
1983,9,AW,0,4
1983,9,BF,0,4
1983,9,BSE,0,4
1983,9,Coa,0,1
1983,9,Com,4,9
1983,9,Cou,0,4
1983,9,Cri,16,12
1983,9,Def,14,19
1983,9,Dru,0,12
1983,9,Eco,0,1
1983,9,Edu,8,6
1983,9,Foo,0,4
1983,9,Ger,0,4
1983,9,GM,0,4
1983,9,Hea,0,3
1983,9,Hou,3,14
1983,9,Inf,19,1
1983,9,Inn,0,1
1983,9,LG,0,20
1983,9,Low,0,5
1983,9,Mor,0,20
1983,9,Nat,0,20
1983,9,NHS,17,3
1983,9,NI,4,19
1983,9,NP,0,1
1983,9,Nuc,30,19
1983,9,Pen,5,5
1983,9,Pet,0,1
1983,9,Pol,0,7
1983,9,Pou,0,1
1983,9,Pov,0,5
1983,9,Pri,0,1
1983,9,Pub,0,20
1983,9,Rac,4,9
1983,9,SA,0,19
1983,9,SWA,0,20
1983,9,Tax,0,1
1983,9,TU,3,1
1983,9,Tra,0,10
1983,9,Tsu,0,19
1983,9,Une,80,1
1983,9,Oth,0,99
1983,9,DK,0,99
1983,10,AID,0,19
1983,10,AW,0,4
1983,10,BF,0,4
1983,10,BSE,0,4
1983,10,Coa,0,1
1983,10,Com,5,9
1983,10,Cou,0,4
1983,10,Cri,10,12
1983,10,Def,14,19
1983,10,Dru,0,12
1983,10,Eco,0,1
1983,10,Edu,8,6
1983,10,Foo,0,4
1983,10,Ger,0,4
1983,10,GM,0,4
1983,10,Hea,0,3
1983,10,Hou,5,14
1983,10,Inf,22,1
1983,10,Inn,0,1
1983,10,LG,0,20
1983,10,Low,0,5
1983,10,Mor,0,20
1983,10,Nat,0,20
1983,10,NHS,26,3
1983,10,NI,3,19
1983,10,NP,0,1
1983,10,Nuc,30,19
1983,10,Pen,7,5
1983,10,Pet,0,1
1983,10,Pol,0,7
1983,10,Pou,0,1
1983,10,Pov,0,5
1983,10,Pri,0,1
1983,10,Pub,0,20
1983,10,Rac,4,9
1983,10,SA,0,19
1983,10,SWA,0,20
1983,10,Tax,0,1
1983,10,TU,4,1
1983,10,Tra,0,10
1983,10,Tsu,0,19
1983,10,Une,78,1
1983,10,Oth,0,99
1983,10,DK,0,99
1984,1,AID,0,19
1984,1,AW,0,4
1984,1,BF,0,4
1984,1,BSE,0,4
1984,1,Coa,0,1
1984,1,Com,9,9
1984,1,Cou,0,4
1984,1,Cri,9,12
1984,1,Def,13,19
1984,1,Dru,0,12
1984,1,Eco,0,1
1984,1,Edu,8,6
1984,1,Foo,0,4
1984,1,Ger,0,4
1984,1,GM,0,4
1984,1,Hea,0,3
1984,1,Hou,5,14
1984,1,Inf,19,1
1984,1,Inn,0,1
1984,1,LG,0,20
1984,1,Low,0,5
1984,1,Mor,0,20
1984,1,Nat,0,20
1984,1,NHS,14,3
1984,1,NI,6,19
1984,1,NP,0,1
1984,1,Nuc,41,19
1984,1,Pen,7,5
1984,1,Pet,0,1
1984,1,Pol,0,7
1984,1,Pou,0,1
1984,1,Pov,0,5
1984,1,Pri,0,1
1984,1,Pub,0,20
1984,1,Rac,3,9
1984,1,SA,0,19
1984,1,SWA,0,20
1984,1,Tax,0,1
1984,1,TU,6,1
1984,1,Tra,0,10
1984,1,Tsu,0,19
1984,1,Une,79,1
1984,1,Oth,0,99
1984,1,DK,0,99
1984,2,AID,0,19
1984,2,AW,0,4
1984,2,BF,0,4
1984,2,BSE,0,4
1984,2,Coa,0,1
1984,2,Com,8,9
1984,2,Cou,0,4
1984,2,Cri,9,12
1984,2,Def,13,19
1984,2,Dru,0,12
1984,2,Eco,0,1
1984,2,Edu,10,6
1984,2,Foo,0,4
1984,2,Ger,0,4
1984,2,GM,0,4
1984,2,Hea,0,3
1984,2,Hou,4,14
1984,2,Inf,18,1
1984,2,Inn,0,1
1984,2,LG,0,20
1984,2,Low,0,5
1984,2,Mor,0,20
1984,2,Nat,0,20
1984,2,NHS,15,3
1984,2,NI,3,19
1984,2,NP,0,1
1984,2,Nuc,39,19
1984,2,Pen,7,5
1984,2,Pet,0,1
1984,2,Pol,0,7
1984,2,Pou,0,1
1984,2,Pov,0,5
1984,2,Pri,0,1
1984,2,Pub,0,20
1984,2,Rac,3,9
1984,2,SA,0,19
1984,2,SWA,0,20
1984,2,Tax,0,1
1984,2,TU,4,1
1984,2,Tra,0,10
1984,2,Tsu,0,19
1984,2,Une,80,1
1984,2,Oth,0,99
1984,2,DK,0,99
1984,3,AID,0,19
1984,3,AW,0,4
1984,3,BF,0,4
1984,3,BSE,0,4
1984,3,Coa,0,1
1984,3,Com,11,9
1984,3,Cou,0,4
1984,3,Cri,11,12
1984,3,Def,11,19
1984,3,Dru,0,12
1984,3,Eco,0,1
1984,3,Edu,9,6
1984,3,Foo,0,4
1984,3,Ger,0,4
1984,3,GM,0,4
1984,3,Hea,0,3
1984,3,Hou,5,14
1984,3,Inf,21,1
1984,3,Inn,0,1
1984,3,LG,0,20
1984,3,Low,0,5
1984,3,Mor,0,20
1984,3,Nat,0,20
1984,3,NHS,14,3
1984,3,NI,3,19
1984,3,NP,0,1
1984,3,Nuc,29,19
1984,3,Pen,7,5
1984,3,Pet,0,1
1984,3,Pol,0,7
1984,3,Pou,0,1
1984,3,Pov,0,5
1984,3,Pri,0,1
1984,3,Pub,0,20
1984,3,Rac,4,9
1984,3,SA,0,19
1984,3,SWA,0,20
1984,3,Tax,0,1
1984,3,TU,10,1
1984,3,Tra,0,10
1984,3,Tsu,0,19
1984,3,Une,81,1
1984,3,Oth,0,99
1984,3,DK,0,99
1984,4,AID,0,19
1984,4,AW,0,4
1984,4,BF,0,4
1984,4,BSE,0,4
1984,4,Coa,0,1
1984,4,Com,8,9
1984,4,Cou,0,4
1984,4,Cri,12,12
1984,4,Def,11,19
1984,4,Dru,0,12
1984,4,Eco,0,1
1984,4,Edu,8,6
1984,4,Foo,0,4
1984,4,Ger,0,4
1984,4,GM,0,4
1984,4,Hea,0,3
1984,4,Hou,5,14
1984,4,Inf,16,1
1984,4,Inn,0,1
1984,4,LG,0,20
1984,4,Low,0,5
1984,4,Mor,0,20
1984,4,Nat,0,20
1984,4,NHS,12,3
1984,4,NI,3,19
1984,4,NP,0,1
1984,4,Nuc,30,19
1984,4,Pen,5,5
1984,4,Pet,0,1
1984,4,Pol,0,7
1984,4,Pou,0,1
1984,4,Pov,0,5
1984,4,Pri,0,1
1984,4,Pub,0,20
1984,4,Rac,6,9
1984,4,SA,0,19
1984,4,SWA,0,20
1984,4,Tax,0,1
1984,4,TU,15,1
1984,4,Tra,0,10
1984,4,Tsu,0,19
1984,4,Une,76,1
1984,4,Oth,0,99
1984,4,DK,0,99
1984,6,AID,0,19
1984,6,AW,0,4
1984,6,BF,0,4
1984,6,BSE,0,4
1984,6,Coa,0,1
1984,6,Com,15,9
1984,6,Cou,0,4
1984,6,Cri,10,12
1984,6,Def,8,19
1984,6,Dru,0,12
1984,6,Eco,0,1
1984,6,Edu,9,6
1984,6,Foo,0,4
1984,6,Ger,0,4
1984,6,GM,0,4
1984,6,Hea,0,3
1984,6,Hou,4,14
1984,6,Inf,17,1
1984,6,Inn,0,1
1984,6,LG,0,20
1984,6,Low,0,5
1984,6,Mor,0,20
1984,6,Nat,0,20
1984,6,NHS,10,3
1984,6,NI,2,19
1984,6,NP,0,1
1984,6,Nuc,29,19
1984,6,Pen,7,5
1984,6,Pet,0,1
1984,6,Pol,0,7
1984,6,Pou,0,1
1984,6,Pov,0,5
1984,6,Pri,0,1
1984,6,Pub,0,20
1984,6,Rac,4,9
1984,6,SA,0,19
1984,6,SWA,0,20
1984,6,Tax,0,1
1984,6,TU,29,1
1984,6,Tra,0,10
1984,6,Tsu,0,19
1984,6,Une,73,1
1984,6,Oth,0,99
1984,6,DK,0,99
1984,8,AID,0,19
1984,8,AW,0,4
1984,8,BF,0,4
1984,8,BSE,0,4
1984,8,Coa,0,1
1984,8,Com,8,9
1984,8,Cou,0,4
1984,8,Cri,12,12
1984,8,Def,9,19
1984,8,Dru,0,12
1984,8,Eco,0,1
1984,8,Edu,7,6
1984,8,Foo,0,4
1984,8,Ger,0,4
1984,8,GM,0,4
1984,8,Hea,0,3
1984,8,Hou,4,14
1984,8,Inf,19,1
1984,8,Inn,0,1
1984,8,LG,0,20
1984,8,Low,0,5
1984,8,Mor,0,20
1984,8,Nat,0,20
1984,8,NHS,11,3
1984,8,NI,6,19
1984,8,NP,0,1
1984,8,Nuc,25,19
1984,8,Pen,5,5
1984,8,Pet,0,1
1984,8,Pol,0,7
1984,8,Pou,0,1
1984,8,Pov,0,5
1984,8,Pri,0,1
1984,8,Pub,0,20
1984,8,Rac,5,9
1984,8,SA,0,19
1984,8,SWA,0,20
1984,8,Tax,0,1
1984,8,TU,35,1
1984,8,Tra,0,10
1984,8,Tsu,0,19
1984,8,Une,71,1
1984,8,Oth,0,99
1984,8,DK,0,99
1984,9,AID,0,19
1984,9,AW,0,4
1984,9,BF,0,4
1984,9,BSE,0,4
1984,9,Coa,0,1
1984,9,Com,5,9
1984,9,Cou,0,4
1984,9,Cri,10,12
1984,9,Def,7,19
1984,9,Dru,0,12
1984,9,Eco,0,1
1984,9,Edu,7,6
1984,9,Foo,0,4
1984,9,Ger,0,4
1984,9,GM,0,4
1984,9,Hea,0,3
1984,9,Hou,3,14
1984,9,Inf,21,1
1984,9,Inn,0,1
1984,9,LG,0,20
1984,9,Low,0,5
1984,9,Mor,0,20
1984,9,Nat,0,20
1984,9,NHS,10,3
1984,9,NI,2,19
1984,9,NP,0,1
1984,9,Nuc,22,19
1984,9,Pen,5,5
1984,9,Pet,0,1
1984,9,Pol,0,7
1984,9,Pou,0,1
1984,9,Pov,0,5
1984,9,Pri,0,1
1984,9,Pub,0,20
1984,9,Rac,3,9
1984,9,SA,0,19
1984,9,SWA,0,20
1984,9,Tax,0,1
1984,9,TU,39,1
1984,9,Tra,0,10
1984,9,Tsu,0,19
1984,9,Une,70,1
1984,9,Oth,0,99
1984,9,DK,0,99
1984,10,AID,0,19
1984,10,AW,0,4
1984,10,BF,0,4
1984,10,BSE,0,4
1984,10,Coa,0,1
1984,10,Com,5,9
1984,10,Cou,0,4
1984,10,Cri,12,12
1984,10,Def,7,19
1984,10,Dru,0,12
1984,10,Eco,0,1
1984,10,Edu,6,6
1984,10,Foo,0,4
1984,10,Ger,0,4
1984,10,GM,0,4
1984,10,Hea,0,3
1984,10,Hou,3,14
1984,10,Inf,18,1
1984,10,Inn,0,1
1984,10,LG,0,20
1984,10,Low,0,5
1984,10,Mor,0,20
1984,10,Nat,0,20
1984,10,NHS,8,3
1984,10,NI,7,19
1984,10,NP,0,1
1984,10,Nuc,22,19
1984,10,Pen,7,5
1984,10,Pet,0,1
1984,10,Pol,0,7
1984,10,Pou,0,1
1984,10,Pov,0,5
1984,10,Pri,0,1
1984,10,Pub,0,20
1984,10,Rac,2,9
1984,10,SA,0,19
1984,10,SWA,0,20
1984,10,Tax,0,1
1984,10,TU,41,1
1984,10,Tra,0,10
1984,10,Tsu,0,19
1984,10,Une,75,1
1984,10,Oth,0,99
1984,10,DK,0,99
1984,11,AID,0,19
1984,11,AW,0,4
1984,11,BF,0,4
1984,11,BSE,0,4
1984,11,Coa,0,1
1984,11,Com,4,9
1984,11,Cou,0,4
1984,11,Cri,11,12
1984,11,Def,6,19
1984,11,Dru,0,12
1984,11,Eco,0,1
1984,11,Edu,8,6
1984,11,Foo,0,4
1984,11,Ger,0,4
1984,11,GM,0,4
1984,11,Hea,0,3
1984,11,Hou,3,14
1984,11,Inf,18,1
1984,11,Inn,0,1
1984,11,LG,0,20
1984,11,Low,0,5
1984,11,Mor,0,20
1984,11,Nat,0,20
1984,11,NHS,9,3
1984,11,NI,4,19
1984,11,NP,0,1
1984,11,Nuc,20,19
1984,11,Pen,6,5
1984,11,Pet,0,1
1984,11,Pol,0,7
1984,11,Pou,0,1
1984,11,Pov,0,5
1984,11,Pri,0,1
1984,11,Pub,0,20
1984,11,Rac,3,9
1984,11,SA,0,19
1984,11,SWA,0,20
1984,11,Tax,0,1
1984,11,TU,40,1
1984,11,Tra,0,10
1984,11,Tsu,0,19
1984,11,Une,73,1
1984,11,Oth,0,99
1984,11,DK,0,99
1984,12,AID,0,19
1984,12,AW,0,4
1984,12,BF,0,4
1984,12,BSE,0,4
1984,12,Coa,0,1
1984,12,Com,4,9
1984,12,Cou,0,4
1984,12,Cri,12,12
1984,12,Def,7,19
1984,12,Dru,0,12
1984,12,Eco,0,1
1984,12,Edu,10,6
1984,12,Foo,0,4
1984,12,Ger,0,4
1984,12,GM,0,4
1984,12,Hea,0,3
1984,12,Hou,0,14
1984,12,Inf,14,1
1984,12,Inn,0,1
1984,12,LG,0,20
1984,12,Low,0,5
1984,12,Mor,0,20
1984,12,Nat,0,20
1984,12,NHS,9,3
1984,12,NI,3,19
1984,12,NP,0,1
1984,12,Nuc,22,19
1984,12,Pen,0,5
1984,12,Pet,0,1
1984,12,Pol,0,7
1984,12,Pou,0,1
1984,12,Pov,0,5
1984,12,Pri,0,1
1984,12,Pub,0,20
1984,12,Rac,0,9
1984,12,SA,0,19
1984,12,SWA,0,20
1984,12,Tax,0,1
1984,12,TU,36,1
1984,12,Tra,0,10
1984,12,Tsu,0,19
1984,12,Une,79,1
1984,12,Oth,0,99
1984,12,DK,0,99
1985,1,AID,0,19
1985,1,AW,0,4
1985,1,BF,0,4
1985,1,BSE,0,4
1985,1,Coa,0,1
1985,1,Com,4,9
1985,1,Cou,0,4
1985,1,Cri,10,12
1985,1,Def,7,19
1985,1,Dru,0,12
1985,1,Eco,0,1
1985,1,Edu,8,6
1985,1,Foo,0,4
1985,1,Ger,0,4
1985,1,GM,0,4
1985,1,Hea,0,3
1985,1,Hou,3,14
1985,1,Inf,15,1
1985,1,Inn,0,1
1985,1,LG,0,20
1985,1,Low,0,5
1985,1,Mor,0,20
1985,1,Nat,0,20
1985,1,NHS,9,3
1985,1,NI,2,19
1985,1,NP,0,1
1985,1,Nuc,24,19
1985,1,Pen,7,5
1985,1,Pet,0,1
1985,1,Pol,0,7
1985,1,Pou,0,1
1985,1,Pov,0,5
1985,1,Pri,0,1
1985,1,Pub,0,20
1985,1,Rac,2,9
1985,1,SA,0,19
1985,1,SWA,0,20
1985,1,Tax,0,1
1985,1,TU,26,1
1985,1,Tra,0,10
1985,1,Tsu,0,19
1985,1,Une,82,1
1985,1,Oth,0,99
1985,1,DK,0,99
1985,2,AID,0,19
1985,2,AW,0,4
1985,2,BF,0,4
1985,2,BSE,0,4
1985,2,Coa,0,1
1985,2,Com,3,9
1985,2,Cou,0,4
1985,2,Cri,8,12
1985,2,Def,9,19
1985,2,Dru,0,12
1985,2,Eco,0,1
1985,2,Edu,10,6
1985,2,Foo,0,4
1985,2,Ger,0,4
1985,2,GM,0,4
1985,2,Hea,0,3
1985,2,Hou,7,14
1985,2,Inf,28,1
1985,2,Inn,0,1
1985,2,LG,0,20
1985,2,Low,0,5
1985,2,Mor,0,20
1985,2,Nat,0,20
1985,2,NHS,13,3
1985,2,NI,2,19
1985,2,NP,0,1
1985,2,Nuc,20,19
1985,2,Pen,8,5
1985,2,Pet,0,1
1985,2,Pol,0,7
1985,2,Pou,0,1
1985,2,Pov,0,5
1985,2,Pri,0,1
1985,2,Pub,0,20
1985,2,Rac,2,9
1985,2,SA,0,19
1985,2,SWA,0,20
1985,2,Tax,0,1
1985,2,TU,26,1
1985,2,Tra,0,10
1985,2,Tsu,0,19
1985,2,Une,79,1
1985,2,Oth,0,99
1985,2,DK,0,99
1985,3,AID,0,19
1985,3,AW,0,4
1985,3,BF,0,4
1985,3,BSE,0,4
1985,3,Coa,0,1
1985,3,Com,2,9
1985,3,Cou,0,4
1985,3,Cri,13,12
1985,3,Def,5,19
1985,3,Dru,0,12
1985,3,Eco,0,1
1985,3,Edu,10,6
1985,3,Foo,0,4
1985,3,Ger,0,4
1985,3,GM,0,4
1985,3,Hea,0,3
1985,3,Hou,5,14
1985,3,Inf,22,1
1985,3,Inn,0,1
1985,3,LG,0,20
1985,3,Low,0,5
1985,3,Mor,0,20
1985,3,Nat,0,20
1985,3,NHS,16,3
1985,3,NI,2,19
1985,3,NP,0,1
1985,3,Nuc,21,19
1985,3,Pen,10,5
1985,3,Pet,0,1
1985,3,Pol,0,7
1985,3,Pou,0,1
1985,3,Pov,0,5
1985,3,Pri,0,1
1985,3,Pub,0,20
1985,3,Rac,2,9
1985,3,SA,0,19
1985,3,SWA,0,20
1985,3,Tax,0,1
1985,3,TU,7,1
1985,3,Tra,0,10
1985,3,Tsu,0,19
1985,3,Une,85,1
1985,3,Oth,0,99
1985,3,DK,0,99
1985,4,AID,0,19
1985,4,AW,0,4
1985,4,BF,0,4
1985,4,BSE,0,4
1985,4,Coa,0,1
1985,4,Com,3,9
1985,4,Cou,0,4
1985,4,Cri,12,12
1985,4,Def,6,19
1985,4,Dru,0,12
1985,4,Eco,0,1
1985,4,Edu,11,6
1985,4,Foo,0,4
1985,4,Ger,0,4
1985,4,GM,0,4
1985,4,Hea,0,3
1985,4,Hou,5,14
1985,4,Inf,17,1
1985,4,Inn,0,1
1985,4,LG,0,20
1985,4,Low,0,5
1985,4,Mor,0,20
1985,4,Nat,0,20
1985,4,NHS,18,3
1985,4,NI,1,19
1985,4,NP,0,1
1985,4,Nuc,19,19
1985,4,Pen,6,5
1985,4,Pet,0,1
1985,4,Pol,0,7
1985,4,Pou,0,1
1985,4,Pov,0,5
1985,4,Pri,0,1
1985,4,Pub,0,20
1985,4,Rac,4,9
1985,4,SA,0,19
1985,4,SWA,0,20
1985,4,Tax,0,1
1985,4,TU,9,1
1985,4,Tra,0,10
1985,4,Tsu,0,19
1985,4,Une,85,1
1985,4,Oth,0,99
1985,4,DK,0,99
1985,5,AID,0,19
1985,5,AW,0,4
1985,5,BF,0,4
1985,5,BSE,0,4
1985,5,Coa,0,1
1985,5,Com,3,9
1985,5,Cou,0,4
1985,5,Cri,15,12
1985,5,Def,7,19
1985,5,Dru,0,12
1985,5,Eco,0,1
1985,5,Edu,12,6
1985,5,Foo,0,4
1985,5,Ger,0,4
1985,5,GM,0,4
1985,5,Hea,0,3
1985,5,Hou,4,14
1985,5,Inf,17,1
1985,5,Inn,0,1
1985,5,LG,0,20
1985,5,Low,0,5
1985,5,Mor,0,20
1985,5,Nat,0,20
1985,5,NHS,16,3
1985,5,NI,2,19
1985,5,NP,0,1
1985,5,Nuc,17,19
1985,5,Pen,6,5
1985,5,Pet,0,1
1985,5,Pol,0,7
1985,5,Pou,0,1
1985,5,Pov,0,5
1985,5,Pri,0,1
1985,5,Pub,0,20
1985,5,Rac,4,9
1985,5,SA,0,19
1985,5,SWA,0,20
1985,5,Tax,0,1
1985,5,TU,5,1
1985,5,Tra,0,10
1985,5,Tsu,0,19
1985,5,Une,85,1
1985,5,Oth,0,99
1985,5,DK,0,99
1985,6,AID,0,19
1985,6,AW,0,4
1985,6,BF,0,4
1985,6,BSE,0,4
1985,6,Coa,0,1
1985,6,Com,4,9
1985,6,Cou,0,4
1985,6,Cri,20,12
1985,6,Def,7,19
1985,6,Dru,0,12
1985,6,Eco,0,1
1985,6,Edu,11,6
1985,6,Foo,0,4
1985,6,Ger,0,4
1985,6,GM,0,4
1985,6,Hea,0,3
1985,6,Hou,5,14
1985,6,Inf,20,1
1985,6,Inn,0,1
1985,6,LG,0,20
1985,6,Low,0,5
1985,6,Mor,0,20
1985,6,Nat,0,20
1985,6,NHS,16,3
1985,6,NI,1,19
1985,6,NP,0,1
1985,6,Nuc,15,19
1985,6,Pen,11,5
1985,6,Pet,0,1
1985,6,Pol,0,7
1985,6,Pou,0,1
1985,6,Pov,0,5
1985,6,Pri,0,1
1985,6,Pub,0,20
1985,6,Rac,6,9
1985,6,SA,0,19
1985,6,SWA,0,20
1985,6,Tax,0,1
1985,6,TU,5,1
1985,6,Tra,0,10
1985,6,Tsu,0,19
1985,6,Une,78,1
1985,6,Oth,0,99
1985,6,DK,0,99
1985,7,AID,0,19
1985,7,AW,0,4
1985,7,BF,0,4
1985,7,BSE,0,4
1985,7,Coa,0,1
1985,7,Com,3,9
1985,7,Cou,0,4
1985,7,Cri,17,12
1985,7,Def,7,19
1985,7,Dru,0,12
1985,7,Eco,0,1
1985,7,Edu,11,6
1985,7,Foo,0,4
1985,7,Ger,0,4
1985,7,GM,0,4
1985,7,Hea,0,3
1985,7,Hou,0,14
1985,7,Inf,15,1
1985,7,Inn,0,1
1985,7,LG,0,20
1985,7,Low,0,5
1985,7,Mor,0,20
1985,7,Nat,0,20
1985,7,NHS,15,3
1985,7,NI,2,19
1985,7,NP,0,1
1985,7,Nuc,15,19
1985,7,Pen,0,5
1985,7,Pet,0,1
1985,7,Pol,0,7
1985,7,Pou,0,1
1985,7,Pov,0,5
1985,7,Pri,0,1
1985,7,Pub,0,20
1985,7,Rac,0,9
1985,7,SA,0,19
1985,7,SWA,0,20
1985,7,Tax,0,1
1985,7,TU,5,1
1985,7,Tra,0,10
1985,7,Tsu,0,19
1985,7,Une,80,1
1985,7,Oth,0,99
1985,7,DK,0,99
1985,8,AID,0,19
1985,8,AW,0,4
1985,8,BF,0,4
1985,8,BSE,0,4
1985,8,Coa,0,1
1985,8,Com,2,9
1985,8,Cou,0,4
1985,8,Cri,16,12
1985,8,Def,6,19
1985,8,Dru,0,12
1985,8,Eco,0,1
1985,8,Edu,10,6
1985,8,Foo,0,4
1985,8,Ger,0,4
1985,8,GM,0,4
1985,8,Hea,0,3
1985,8,Hou,7,14
1985,8,Inf,15,1
1985,8,Inn,0,1
1985,8,LG,0,20
1985,8,Low,0,5
1985,8,Mor,0,20
1985,8,Nat,0,20
1985,8,NHS,16,3
1985,8,NI,2,19
1985,8,NP,0,1
1985,8,Nuc,18,19
1985,8,Pen,6,5
1985,8,Pet,0,1
1985,8,Pol,0,7
1985,8,Pou,0,1
1985,8,Pov,0,5
1985,8,Pri,0,1
1985,8,Pub,0,20
1985,8,Rac,5,9
1985,8,SA,0,19
1985,8,SWA,0,20
1985,8,Tax,0,1
1985,8,TU,4,1
1985,8,Tra,0,10
1985,8,Tsu,0,19
1985,8,Une,83,1
1985,8,Oth,0,99
1985,8,DK,0,99
1985,9,AID,0,19
1985,9,AW,0,4
1985,9,BF,0,4
1985,9,BSE,0,4
1985,9,Coa,0,1
1985,9,Com,2,9
1985,9,Cou,0,4
1985,9,Cri,19,12
1985,9,Def,7,19
1985,9,Dru,0,12
1985,9,Eco,0,1
1985,9,Edu,10,6
1985,9,Foo,0,4
1985,9,Ger,0,4
1985,9,GM,0,4
1985,9,Hea,0,3
1985,9,Hou,6,14
1985,9,Inf,10,1
1985,9,Inn,0,1
1985,9,LG,0,20
1985,9,Low,0,5
1985,9,Mor,0,20
1985,9,Nat,0,20
1985,9,NHS,13,3
1985,9,NI,1,19
1985,9,NP,0,1
1985,9,Nuc,18,19
1985,9,Pen,6,5
1985,9,Pet,0,1
1985,9,Pol,0,7
1985,9,Pou,0,1
1985,9,Pov,0,5
1985,9,Pri,0,1
1985,9,Pub,0,20
1985,9,Rac,12,9
1985,9,SA,0,19
1985,9,SWA,0,20
1985,9,Tax,0,1
1985,9,TU,3,1
1985,9,Tra,0,10
1985,9,Tsu,0,19
1985,9,Une,83,1
1985,9,Oth,0,99
1985,9,DK,0,99
1985,10,AID,0,19
1985,10,AW,0,4
1985,10,BF,0,4
1985,10,BSE,0,4
1985,10,Coa,0,1
1985,10,Com,1,9
1985,10,Cou,0,4
1985,10,Cri,29,12
1985,10,Def,6,19
1985,10,Dru,0,12
1985,10,Eco,0,1
1985,10,Edu,10,6
1985,10,Foo,0,4
1985,10,Ger,0,4
1985,10,GM,0,4
1985,10,Hea,0,3
1985,10,Hou,5,14
1985,10,Inf,12,1
1985,10,Inn,0,1
1985,10,LG,0,20
1985,10,Low,0,5
1985,10,Mor,0,20
1985,10,Nat,0,20
1985,10,NHS,12,3
1985,10,NI,1,19
1985,10,NP,0,1
1985,10,Nuc,15,19
1985,10,Pen,6,5
1985,10,Pet,0,1
1985,10,Pol,0,7
1985,10,Pou,0,1
1985,10,Pov,0,5
1985,10,Pri,0,1
1985,10,Pub,0,20
1985,10,Rac,17,9
1985,10,SA,0,19
1985,10,SWA,0,20
1985,10,Tax,0,1
1985,10,TU,3,1
1985,10,Tra,0,10
1985,10,Tsu,0,19
1985,10,Une,85,1
1985,10,Oth,0,99
1985,10,DK,0,99
1985,11,AID,0,19
1985,11,AW,0,4
1985,11,BF,0,4
1985,11,BSE,0,4
1985,11,Coa,0,1
1985,11,Com,2,9
1985,11,Cou,0,4
1985,11,Cri,25,12
1985,11,Def,4,19
1985,11,Dru,0,12
1985,11,Eco,0,1
1985,11,Edu,9,6
1985,11,Foo,0,4
1985,11,Ger,0,4
1985,11,GM,0,4
1985,11,Hea,0,3
1985,11,Hou,6,14
1985,11,Inf,11,1
1985,11,Inn,0,1
1985,11,LG,0,20
1985,11,Low,0,5
1985,11,Mor,0,20
1985,11,Nat,0,20
1985,11,NHS,13,3
1985,11,NI,2,19
1985,11,NP,0,1
1985,11,Nuc,15,19
1985,11,Pen,6,5
1985,11,Pet,0,1
1985,11,Pol,0,7
1985,11,Pou,0,1
1985,11,Pov,0,5
1985,11,Pri,0,1
1985,11,Pub,0,20
1985,11,Rac,9,9
1985,11,SA,0,19
1985,11,SWA,0,20
1985,11,Tax,0,1
1985,11,TU,3,1
1985,11,Tra,0,10
1985,11,Tsu,0,19
1985,11,Une,82,1
1985,11,Oth,0,99
1985,11,DK,0,99
1985,12,AID,0,19
1985,12,AW,0,4
1985,12,BF,0,4
1985,12,BSE,0,4
1985,12,Coa,0,1
1985,12,Com,2,9
1985,12,Cou,0,4
1985,12,Cri,21,12
1985,12,Def,5,19
1985,12,Dru,0,12
1985,12,Eco,0,1
1985,12,Edu,8,6
1985,12,Foo,0,4
1985,12,Ger,0,4
1985,12,GM,0,4
1985,12,Hea,0,3
1985,12,Hou,0,14
1985,12,Inf,10,1
1985,12,Inn,0,1
1985,12,LG,0,20
1985,12,Low,0,5
1985,12,Mor,0,20
1985,12,Nat,0,20
1985,12,NHS,10,3
1985,12,NI,2,19
1985,12,NP,0,1
1985,12,Nuc,21,19
1985,12,Pen,0,5
1985,12,Pet,0,1
1985,12,Pol,0,7
1985,12,Pou,0,1
1985,12,Pov,0,5
1985,12,Pri,0,1
1985,12,Pub,0,20
1985,12,Rac,0,9
1985,12,SA,0,19
1985,12,SWA,0,20
1985,12,Tax,0,1
1985,12,TU,3,1
1985,12,Tra,0,10
1985,12,Tsu,0,19
1985,12,Une,82,1
1985,12,Oth,0,99
1985,12,DK,0,99
1986,1,AID,0,19
1986,1,AW,0,4
1986,1,BF,0,4
1986,1,BSE,0,4
1986,1,Coa,0,1
1986,1,Com,2,9
1986,1,Cou,0,4
1986,1,Cri,17,12
1986,1,Def,7,19
1986,1,Dru,0,12
1986,1,Eco,0,1
1986,1,Edu,12,6
1986,1,Foo,0,4
1986,1,Ger,0,4
1986,1,GM,0,4
1986,1,Hea,0,3
1986,1,Hou,6,14
1986,1,Inf,9,1
1986,1,Inn,0,1
1986,1,LG,0,20
1986,1,Low,0,5
1986,1,Mor,0,20
1986,1,Nat,0,20
1986,1,NHS,15,3
1986,1,NI,3,19
1986,1,NP,0,1
1986,1,Nuc,21,19
1986,1,Pen,6,5
1986,1,Pet,0,1
1986,1,Pol,0,7
1986,1,Pou,0,1
1986,1,Pov,0,5
1986,1,Pri,0,1
1986,1,Pub,0,20
1986,1,Rac,0,9
1986,1,SA,0,19
1986,1,SWA,0,20
1986,1,Tax,0,1
1986,1,TU,3,1
1986,1,Tra,0,10
1986,1,Tsu,0,19
1986,1,Une,84,1
1986,1,Oth,0,99
1986,1,DK,0,99
1986,2,AID,0,19
1986,2,AW,0,4
1986,2,BF,0,4
1986,2,BSE,0,4
1986,2,Coa,0,1
1986,2,Com,2,9
1986,2,Cou,0,4
1986,2,Cri,13,12
1986,2,Def,4,19
1986,2,Dru,0,12
1986,2,Eco,0,1
1986,2,Edu,15,6
1986,2,Foo,0,4
1986,2,Ger,0,4
1986,2,GM,0,4
1986,2,Hea,0,3
1986,2,Hou,9,14
1986,2,Inf,11,1
1986,2,Inn,0,1
1986,2,LG,0,20
1986,2,Low,0,5
1986,2,Mor,0,20
1986,2,Nat,0,20
1986,2,NHS,15,3
1986,2,NI,2,19
1986,2,NP,0,1
1986,2,Nuc,14,19
1986,2,Pen,5,5
1986,2,Pet,0,1
1986,2,Pol,0,7
1986,2,Pou,0,1
1986,2,Pov,0,5
1986,2,Pri,0,1
1986,2,Pub,0,20
1986,2,Rac,0,9
1986,2,SA,0,19
1986,2,SWA,0,20
1986,2,Tax,0,1
1986,2,TU,5,1
1986,2,Tra,0,10
1986,2,Tsu,0,19
1986,2,Une,82,1
1986,2,Oth,0,99
1986,2,DK,0,99
1986,3,AID,0,19
1986,3,AW,0,4
1986,3,BF,0,4
1986,3,BSE,0,4
1986,3,Coa,0,1
1986,3,Com,3,9
1986,3,Cou,0,4
1986,3,Cri,17,12
1986,3,Def,4,19
1986,3,Dru,0,12
1986,3,Eco,0,1
1986,3,Edu,12,6
1986,3,Foo,0,4
1986,3,Ger,0,4
1986,3,GM,0,4
1986,3,Hea,0,3
1986,3,Hou,12,14
1986,3,Inf,11,1
1986,3,Inn,0,1
1986,3,LG,0,20
1986,3,Low,0,5
1986,3,Mor,0,20
1986,3,Nat,0,20
1986,3,NHS,14,3
1986,3,NI,3,19
1986,3,NP,0,1
1986,3,Nuc,15,19
1986,3,Pen,6,5
1986,3,Pet,0,1
1986,3,Pol,0,7
1986,3,Pou,0,1
1986,3,Pov,0,5
1986,3,Pri,0,1
1986,3,Pub,0,20
1986,3,Rac,0,9
1986,3,SA,0,19
1986,3,SWA,0,20
1986,3,Tax,0,1
1986,3,TU,3,1
1986,3,Tra,0,10
1986,3,Tsu,0,19
1986,3,Une,86,1
1986,3,Oth,0,99
1986,3,DK,0,99
1986,4,AID,0,19
1986,4,AW,0,4
1986,4,BF,0,4
1986,4,BSE,0,4
1986,4,Coa,0,1
1986,4,Com,3,9
1986,4,Cou,0,4
1986,4,Cri,17,12
1986,4,Def,20,19
1986,4,Dru,0,12
1986,4,Eco,0,1
1986,4,Edu,12,6
1986,4,Foo,0,4
1986,4,Ger,0,4
1986,4,GM,0,4
1986,4,Hea,0,3
1986,4,Hou,6,14
1986,4,Inf,8,1
1986,4,Inn,0,1
1986,4,LG,0,20
1986,4,Low,0,5
1986,4,Mor,0,20
1986,4,Nat,0,20
1986,4,NHS,14,3
1986,4,NI,3,19
1986,4,NP,0,1
1986,4,Nuc,15,19
1986,4,Pen,4,5
1986,4,Pet,0,1
1986,4,Pol,0,7
1986,4,Pou,0,1
1986,4,Pov,0,5
1986,4,Pri,0,1
1986,4,Pub,0,20
1986,4,Rac,0,9
1986,4,SA,0,19
1986,4,SWA,0,20
1986,4,Tax,0,1
1986,4,TU,1,1
1986,4,Tra,0,10
1986,4,Tsu,0,19
1986,4,Une,79,1
1986,4,Oth,0,99
1986,4,DK,0,99
1986,5,AID,0,19
1986,5,AW,0,4
1986,5,BF,0,4
1986,5,BSE,0,4
1986,5,Coa,0,1
1986,5,Com,1,9
1986,5,Cou,0,4
1986,5,Cri,13,12
1986,5,Def,7,19
1986,5,Dru,0,12
1986,5,Eco,0,1
1986,5,Edu,16,6
1986,5,Foo,0,4
1986,5,Ger,0,4
1986,5,GM,0,4
1986,5,Hea,0,3
1986,5,Hou,8,14
1986,5,Inf,8,1
1986,5,Inn,0,1
1986,5,LG,0,20
1986,5,Low,0,5
1986,5,Mor,0,20
1986,5,Nat,0,20
1986,5,NHS,18,3
1986,5,NI,1,19
1986,5,NP,0,1
1986,5,Nuc,29,19
1986,5,Pen,5,5
1986,5,Pet,0,1
1986,5,Pol,0,7
1986,5,Pou,0,1
1986,5,Pov,0,5
1986,5,Pri,0,1
1986,5,Pub,0,20
1986,5,Rac,0,9
1986,5,SA,0,19
1986,5,SWA,0,20
1986,5,Tax,0,1
1986,5,TU,1,1
1986,5,Tra,0,10
1986,5,Tsu,0,19
1986,5,Une,84,1
1986,5,Oth,0,99
1986,5,DK,0,99
1986,6,AID,0,19
1986,6,AW,0,4
1986,6,BF,0,4
1986,6,BSE,0,4
1986,6,Coa,0,1
1986,6,Com,2,9
1986,6,Cou,0,4
1986,6,Cri,15,12
1986,6,Def,9,19
1986,6,Dru,0,12
1986,6,Eco,0,1
1986,6,Edu,15,6
1986,6,Foo,0,4
1986,6,Ger,0,4
1986,6,GM,0,4
1986,6,Hea,0,3
1986,6,Hou,5,14
1986,6,Inf,9,1
1986,6,Inn,0,1
1986,6,LG,0,20
1986,6,Low,0,5
1986,6,Mor,0,20
1986,6,Nat,0,20
1986,6,NHS,19,3
1986,6,NI,2,19
1986,6,NP,0,1
1986,6,Nuc,26,19
1986,6,Pen,5,5
1986,6,Pet,0,1
1986,6,Pol,0,7
1986,6,Pou,0,1
1986,6,Pov,0,5
1986,6,Pri,0,1
1986,6,Pub,0,20
1986,6,Rac,0,9
1986,6,SA,0,19
1986,6,SWA,0,20
1986,6,Tax,0,1
1986,6,TU,2,1
1986,6,Tra,0,10
1986,6,Tsu,0,19
1986,6,Une,83,1
1986,6,Oth,0,99
1986,6,DK,0,99
1986,7,AID,0,19
1986,7,AW,0,4
1986,7,BF,0,4
1986,7,BSE,0,4
1986,7,Coa,0,1
1986,7,Com,2,9
1986,7,Cou,0,4
1986,7,Cri,14,12
1986,7,Def,7,19
1986,7,Dru,0,12
1986,7,Eco,0,1
1986,7,Edu,12,6
1986,7,Foo,0,4
1986,7,Ger,0,4
1986,7,GM,0,4
1986,7,Hea,0,3
1986,7,Hou,7,14
1986,7,Inf,6,1
1986,7,Inn,0,1
1986,7,LG,0,20
1986,7,Low,0,5
1986,7,Mor,0,20
1986,7,Nat,0,20
1986,7,NHS,16,3
1986,7,NI,2,19
1986,7,NP,0,1
1986,7,Nuc,17,19
1986,7,Pen,4,5
1986,7,Pet,0,1
1986,7,Pol,0,7
1986,7,Pou,0,1
1986,7,Pov,0,5
1986,7,Pri,0,1
1986,7,Pub,0,20
1986,7,Rac,0,9
1986,7,SA,0,19
1986,7,SWA,0,20
1986,7,Tax,0,1
1986,7,TU,1,1
1986,7,Tra,0,10
1986,7,Tsu,0,19
1986,7,Une,78,1
1986,7,Oth,0,99
1986,7,DK,0,99
1986,8,AID,0,19
1986,8,AW,0,4
1986,8,BF,0,4
1986,8,BSE,0,4
1986,8,Coa,0,1
1986,8,Com,1,9
1986,8,Cou,0,4
1986,8,Cri,17,12
1986,8,Def,7,19
1986,8,Dru,0,12
1986,8,Eco,0,1
1986,8,Edu,12,6
1986,8,Foo,0,4
1986,8,Ger,0,4
1986,8,GM,0,4
1986,8,Hea,0,3
1986,8,Hou,0,14
1986,8,Inf,7,1
1986,8,Inn,0,1
1986,8,LG,0,20
1986,8,Low,0,5
1986,8,Mor,0,20
1986,8,Nat,0,20
1986,8,NHS,15,3
1986,8,NI,2,19
1986,8,NP,0,1
1986,8,Nuc,17,19
1986,8,Pen,0,5
1986,8,Pet,0,1
1986,8,Pol,0,7
1986,8,Pou,0,1
1986,8,Pov,0,5
1986,8,Pri,0,1
1986,8,Pub,0,20
1986,8,Rac,0,9
1986,8,SA,0,19
1986,8,SWA,0,20
1986,8,Tax,0,1
1986,8,TU,1,1
1986,8,Tra,0,10
1986,8,Tsu,0,19
1986,8,Une,80,1
1986,8,Oth,0,99
1986,8,DK,0,99
1986,9,AID,0,19
1986,9,AW,0,4
1986,9,BF,0,4
1986,9,BSE,0,4
1986,9,Coa,0,1
1986,9,Com,1,9
1986,9,Cou,0,4
1986,9,Cri,17,12
1986,9,Def,7,19
1986,9,Dru,0,12
1986,9,Eco,0,1
1986,9,Edu,11,6
1986,9,Foo,0,4
1986,9,Ger,0,4
1986,9,GM,0,4
1986,9,Hea,0,3
1986,9,Hou,6,14
1986,9,Inf,7,1
1986,9,Inn,0,1
1986,9,LG,0,20
1986,9,Low,0,5
1986,9,Mor,0,20
1986,9,Nat,0,20
1986,9,NHS,19,3
1986,9,NI,2,19
1986,9,NP,0,1
1986,9,Nuc,22,19
1986,9,Pen,4,5
1986,9,Pet,0,1
1986,9,Pol,0,7
1986,9,Pou,0,1
1986,9,Pov,0,5
1986,9,Pri,0,1
1986,9,Pub,0,20
1986,9,Rac,0,9
1986,9,SA,0,19
1986,9,SWA,0,20
1986,9,Tax,0,1
1986,9,TU,1,1
1986,9,Tra,0,10
1986,9,Tsu,0,19
1986,9,Une,78,1
1986,9,Oth,0,99
1986,9,DK,0,99
1986,10,AID,0,19
1986,10,AW,0,4
1986,10,BF,0,4
1986,10,BSE,0,4
1986,10,Coa,0,1
1986,10,Com,1,9
1986,10,Cou,0,4
1986,10,Cri,14,12
1986,10,Def,8,19
1986,10,Dru,0,12
1986,10,Eco,0,1
1986,10,Edu,12,6
1986,10,Foo,0,4
1986,10,Ger,0,4
1986,10,GM,0,4
1986,10,Hea,0,3
1986,10,Hou,7,14
1986,10,Inf,9,1
1986,10,Inn,0,1
1986,10,LG,0,20
1986,10,Low,0,5
1986,10,Mor,0,20
1986,10,Nat,0,20
1986,10,NHS,18,3
1986,10,NI,1,19
1986,10,NP,0,1
1986,10,Nuc,26,19
1986,10,Pen,5,5
1986,10,Pet,0,1
1986,10,Pol,0,7
1986,10,Pou,0,1
1986,10,Pov,0,5
1986,10,Pri,0,1
1986,10,Pub,0,20
1986,10,Rac,0,9
1986,10,SA,0,19
1986,10,SWA,0,20
1986,10,Tax,0,1
1986,10,TU,1,1
1986,10,Tra,0,10
1986,10,Tsu,0,19
1986,10,Une,77,1
1986,10,Oth,0,99
1986,10,DK,0,99
1986,11,AID,0,19
1986,11,AW,0,4
1986,11,BF,0,4
1986,11,BSE,0,4
1986,11,Coa,0,1
1986,11,Com,2,9
1986,11,Cou,0,4
1986,11,Cri,16,12
1986,11,Def,7,19
1986,11,Dru,0,12
1986,11,Eco,0,1
1986,11,Edu,11,6
1986,11,Foo,0,4
1986,11,Ger,0,4
1986,11,GM,0,4
1986,11,Hea,0,3
1986,11,Hou,5,14
1986,11,Inf,6,1
1986,11,Inn,0,1
1986,11,LG,0,20
1986,11,Low,0,5
1986,11,Mor,0,20
1986,11,Nat,0,20
1986,11,NHS,18,3
1986,11,NI,1,19
1986,11,NP,0,1
1986,11,Nuc,22,19
1986,11,Pen,6,5
1986,11,Pet,0,1
1986,11,Pol,0,7
1986,11,Pou,0,1
1986,11,Pov,0,5
1986,11,Pri,0,1
1986,11,Pub,0,20
1986,11,Rac,0,9
1986,11,SA,0,19
1986,11,SWA,0,20
1986,11,Tax,0,1
1986,11,TU,1,1
1986,11,Tra,0,10
1986,11,Tsu,0,19
1986,11,Une,73,1
1986,11,Oth,0,99
1986,11,DK,0,99
1986,12,AID,0,19
1986,12,AW,0,4
1986,12,BF,0,4
1986,12,BSE,0,4
1986,12,Coa,0,1
1986,12,Com,2,9
1986,12,Cou,0,4
1986,12,Cri,13,12
1986,12,Def,19,19
1986,12,Dru,0,12
1986,12,Eco,0,1
1986,12,Edu,13,6
1986,12,Foo,0,4
1986,12,Ger,0,4
1986,12,GM,0,4
1986,12,Hea,0,3
1986,12,Hou,8,14
1986,12,Inf,8,1
1986,12,Inn,0,1
1986,12,LG,0,20
1986,12,Low,0,5
1986,12,Mor,0,20
1986,12,Nat,0,20
1986,12,NHS,17,3
1986,12,NI,1,19
1986,12,NP,0,1
1986,12,Nuc,26,19
1986,12,Pen,9,5
1986,12,Pet,0,1
1986,12,Pol,0,7
1986,12,Pou,0,1
1986,12,Pov,0,5
1986,12,Pri,0,1
1986,12,Pub,0,20
1986,12,Rac,0,9
1986,12,SA,0,19
1986,12,SWA,0,20
1986,12,Tax,0,1
1986,12,TU,1,1
1986,12,Tra,0,10
1986,12,Tsu,0,19
1986,12,Une,78,1
1986,12,Oth,0,99
1986,12,DK,0,99
1987,1,AID,0,19
1987,1,AW,0,4
1987,1,BF,0,4
1987,1,BSE,0,4
1987,1,Coa,0,1
1987,1,Com,2,9
1987,1,Cou,0,4
1987,1,Cri,17,12
1987,1,Def,10,19
1987,1,Dru,0,12
1987,1,Eco,7,1
1987,1,Edu,11,6
1987,1,Foo,0,4
1987,1,Ger,0,4
1987,1,GM,0,4
1987,1,Hea,0,3
1987,1,Hou,6,14
1987,1,Inf,3,1
1987,1,Inn,0,1
1987,1,LG,0,20
1987,1,Low,0,5
1987,1,Mor,0,20
1987,1,Nat,0,20
1987,1,NHS,17,3
1987,1,NI,0.25,19
1987,1,NP,0,1
1987,1,Nuc,19,19
1987,1,Pen,10,5
1987,1,Pet,0,1
1987,1,Pol,0,7
1987,1,Pou,0,1
1987,1,Pov,0,5
1987,1,Pri,0,1
1987,1,Pub,0,20
1987,1,Rac,0,9
1987,1,SA,0,19
1987,1,SWA,0,20
1987,1,Tax,0,1
1987,1,TU,2,1
1987,1,Tra,0,10
1987,1,Tsu,0,19
1987,1,Une,75,1
1987,1,Oth,0,99
1987,1,DK,0,99
1987,2,AID,0,19
1987,2,AW,0,4
1987,2,BF,0,4
1987,2,BSE,0,4
1987,2,Coa,0,1
1987,2,Com,2,9
1987,2,Cou,0,4
1987,2,Cri,18,12
1987,2,Def,9,19
1987,2,Dru,0,12
1987,2,Eco,7,1
1987,2,Edu,12,6
1987,2,Foo,0,4
1987,2,Ger,0,4
1987,2,GM,0,4
1987,2,Hea,0,3
1987,2,Hou,7,14
1987,2,Inf,8,1
1987,2,Inn,0,1
1987,2,LG,0,20
1987,2,Low,0,5
1987,2,Mor,0,20
1987,2,Nat,0,20
1987,2,NHS,19,3
1987,2,NI,1,19
1987,2,NP,0,1
1987,2,Nuc,16,19
1987,2,Pen,8,5
1987,2,Pet,0,1
1987,2,Pol,0,7
1987,2,Pou,0,1
1987,2,Pov,0,5
1987,2,Pri,0,1
1987,2,Pub,0,20
1987,2,Rac,0,9
1987,2,SA,0,19
1987,2,SWA,0,20
1987,2,Tax,0,1
1987,2,TU,1,1
1987,2,Tra,0,10
1987,2,Tsu,0,19
1987,2,Une,77,1
1987,2,Oth,0,99
1987,2,DK,0,99
1987,3,AID,0,19
1987,3,AW,0,4
1987,3,BF,0,4
1987,3,BSE,0,4
1987,3,Coa,0,1
1987,3,Com,1,9
1987,3,Cou,0,4
1987,3,Cri,17,12
1987,3,Def,9,19
1987,3,Dru,0,12
1987,3,Eco,6,1
1987,3,Edu,14,6
1987,3,Foo,0,4
1987,3,Ger,0,4
1987,3,GM,0,4
1987,3,Hea,0,3
1987,3,Hou,7,14
1987,3,Inf,5,1
1987,3,Inn,0,1
1987,3,LG,0,20
1987,3,Low,0,5
1987,3,Mor,0,20
1987,3,Nat,0,20
1987,3,NHS,20,3
1987,3,NI,0.25,19
1987,3,NP,0,1
1987,3,Nuc,20,19
1987,3,Pen,9,5
1987,3,Pet,0,1
1987,3,Pol,0,7
1987,3,Pou,0,1
1987,3,Pov,0,5
1987,3,Pri,0,1
1987,3,Pub,0,20
1987,3,Rac,0,9
1987,3,SA,0,19
1987,3,SWA,0,20
1987,3,Tax,0,1
1987,3,TU,1,1
1987,3,Tra,0,10
1987,3,Tsu,0,19
1987,3,Une,76,1
1987,3,Oth,0,99
1987,3,DK,0,99
1987,4,AID,0,19
1987,4,AW,0,4
1987,4,BF,0,4
1987,4,BSE,0,4
1987,4,Coa,0,1
1987,4,Com,1,9
1987,4,Cou,0,4
1987,4,Cri,19,12
1987,4,Def,9,19
1987,4,Dru,0,12
1987,4,Eco,5,1
1987,4,Edu,17,6
1987,4,Foo,0,4
1987,4,Ger,0,4
1987,4,GM,0,4
1987,4,Hea,0,3
1987,4,Hou,7,14
1987,4,Inf,3,1
1987,4,Inn,0,1
1987,4,LG,0,20
1987,4,Low,0,5
1987,4,Mor,0,20
1987,4,Nat,0,20
1987,4,NHS,19,3
1987,4,NI,1,19
1987,4,NP,0,1
1987,4,Nuc,21,19
1987,4,Pen,8,5
1987,4,Pet,0,1
1987,4,Pol,0,7
1987,4,Pou,0,1
1987,4,Pov,0,5
1987,4,Pri,0,1
1987,4,Pub,0,20
1987,4,Rac,0,9
1987,4,SA,0,19
1987,4,SWA,0,20
1987,4,Tax,0,1
1987,4,TU,1,1
1987,4,Tra,0,10
1987,4,Tsu,0,19
1987,4,Une,75,1
1987,4,Oth,0,99
1987,4,DK,0,99
1987,7,AID,0,19
1987,7,AW,0,4
1987,7,BF,0,4
1987,7,BSE,0,4
1987,7,Coa,0,1
1987,7,Com,1,9
1987,7,Cou,0,4
1987,7,Cri,17,12
1987,7,Def,13,19
1987,7,Dru,0,12
1987,7,Eco,8,1
1987,7,Edu,24,6
1987,7,Foo,0,4
1987,7,Ger,0,4
1987,7,GM,0,4
1987,7,Hea,0,3
1987,7,Hou,7,14
1987,7,Inf,4,1
1987,7,Inn,0,1
1987,7,LG,0,20
1987,7,Low,0,5
1987,7,Mor,0,20
1987,7,Nat,0,20
1987,7,NHS,28,3
1987,7,NI,1,19
1987,7,NP,0,1
1987,7,Nuc,16,19
1987,7,Pen,7,5
1987,7,Pet,0,1
1987,7,Pol,0,7
1987,7,Pou,0,1
1987,7,Pov,0,5
1987,7,Pri,0,1
1987,7,Pub,0,20
1987,7,Rac,0,9
1987,7,SA,0,19
1987,7,SWA,0,20
1987,7,Tax,0,1
1987,7,TU,1,1
1987,7,Tra,0,10
1987,7,Tsu,0,19
1987,7,Une,68,1
1987,7,Oth,0,99
1987,7,DK,0,99
1987,8,AID,6,19
1987,8,AW,0,4
1987,8,BF,0,4
1987,8,BSE,0,4
1987,8,Coa,0,1
1987,8,Com,2,9
1987,8,Cou,0,4
1987,8,Cri,27,12
1987,8,Def,10,19
1987,8,Dru,5,12
1987,8,Eco,9,1
1987,8,Edu,16,6
1987,8,Foo,0,4
1987,8,Ger,0,4
1987,8,GM,0,4
1987,8,Hea,0,3
1987,8,Hou,8,14
1987,8,Inf,6,1
1987,8,Inn,0,1
1987,8,LG,2,20
1987,8,Low,0,5
1987,8,Mor,0,20
1987,8,Nat,0,20
1987,8,NHS,19,3
1987,8,NI,1,19
1987,8,NP,6,1
1987,8,Nuc,17,19
1987,8,Pen,6,5
1987,8,Pet,0,1
1987,8,Pol,0,7
1987,8,Pou,0.25,1
1987,8,Pov,0,5
1987,8,Pri,2,1
1987,8,Pub,0,20
1987,8,Rac,4,9
1987,8,SA,0,19
1987,8,SWA,0,20
1987,8,Tax,2,1
1987,8,TU,2,1
1987,8,Tra,0,10
1987,8,Tsu,0,19
1987,8,Une,65,1
1987,8,Oth,0,99
1987,8,DK,0,99
1987,9,AID,0,19
1987,9,AW,0,4
1987,9,BF,0,4
1987,9,BSE,0,4
1987,9,Coa,0,1
1987,9,Com,2,9
1987,9,Cou,0,4
1987,9,Cri,20,12
1987,9,Def,9,19
1987,9,Dru,0,12
1987,9,Eco,9,1
1987,9,Edu,16,6
1987,9,Foo,0,4
1987,9,Ger,0,4
1987,9,GM,0,4
1987,9,Hea,0,3
1987,9,Hou,9,14
1987,9,Inf,4,1
1987,9,Inn,0,1
1987,9,LG,0,20
1987,9,Low,0,5
1987,9,Mor,0,20
1987,9,Nat,0,20
1987,9,NHS,21,3
1987,9,NI,1,19
1987,9,NP,0,1
1987,9,Nuc,19,19
1987,9,Pen,6,5
1987,9,Pet,0,1
1987,9,Pol,0,7
1987,9,Pou,0,1
1987,9,Pov,0,5
1987,9,Pri,0,1
1987,9,Pub,0,20
1987,9,Rac,0,9
1987,9,SA,0,19
1987,9,SWA,0,20
1987,9,Tax,0,1
1987,9,TU,1,1
1987,9,Tra,0,10
1987,9,Tsu,0,19
1987,9,Une,63,1
1987,9,Oth,0,99
1987,9,DK,0,99
1987,10,AID,0,19
1987,10,AW,0,4
1987,10,BF,0,4
1987,10,BSE,0,4
1987,10,Coa,0,1
1987,10,Com,1,9
1987,10,Cou,0,4
1987,10,Cri,19,12
1987,10,Def,10,19
1987,10,Dru,0,12
1987,10,Eco,13,1
1987,10,Edu,15,6
1987,10,Foo,0,4
1987,10,Ger,0,4
1987,10,GM,0,4
1987,10,Hea,0,3
1987,10,Hou,8,14
1987,10,Inf,5,1
1987,10,Inn,0,1
1987,10,LG,0,20
1987,10,Low,0,5
1987,10,Mor,0,20
1987,10,Nat,0,20
1987,10,NHS,22,3
1987,10,NI,1,19
1987,10,NP,0,1
1987,10,Nuc,18,19
1987,10,Pen,8,5
1987,10,Pet,0,1
1987,10,Pol,0,7
1987,10,Pou,0,1
1987,10,Pov,0,5
1987,10,Pri,0,1
1987,10,Pub,0,20
1987,10,Rac,0,9
1987,10,SA,0,19
1987,10,SWA,0,20
1987,10,Tax,0,1
1987,10,TU,1,1
1987,10,Tra,0,10
1987,10,Tsu,0,19
1987,10,Une,60,1
1987,10,Oth,0,99
1987,10,DK,0,99
1987,11,AID,0,19
1987,11,AW,0,4
1987,11,BF,0,4
1987,11,BSE,0,4
1987,11,Coa,0,1
1987,11,Com,1,9
1987,11,Cou,0,4
1987,11,Cri,20,12
1987,11,Def,8,19
1987,11,Dru,0,12
1987,11,Eco,10,1
1987,11,Edu,19,6
1987,11,Foo,0,4
1987,11,Ger,0,4
1987,11,GM,0,4
1987,11,Hea,0,3
1987,11,Hou,9,14
1987,11,Inf,5,1
1987,11,Inn,0,1
1987,11,LG,0,20
1987,11,Low,0,5
1987,11,Mor,0,20
1987,11,Nat,0,20
1987,11,NHS,32,3
1987,11,NI,3,19
1987,11,NP,0,1
1987,11,Nuc,15,19
1987,11,Pen,7,5
1987,11,Pet,0,1
1987,11,Pol,0,7
1987,11,Pou,0,1
1987,11,Pov,0,5
1987,11,Pri,0,1
1987,11,Pub,0,20
1987,11,Rac,0,9
1987,11,SA,0,19
1987,11,SWA,0,20
1987,11,Tax,0,1
1987,11,TU,1,1
1987,11,Tra,0,10
1987,11,Tsu,0,19
1987,11,Une,58,1
1987,11,Oth,0,99
1987,11,DK,0,99
1987,12,AID,0,19
1987,12,AW,0,4
1987,12,BF,0,4
1987,12,BSE,0,4
1987,12,Coa,0,1
1987,12,Com,1,9
1987,12,Cou,0,4
1987,12,Cri,16,12
1987,12,Def,9,19
1987,12,Dru,0,12
1987,12,Eco,6,1
1987,12,Edu,18,6
1987,12,Foo,0,4
1987,12,Ger,0,4
1987,12,GM,0,4
1987,12,Hea,0,3
1987,12,Hou,9,14
1987,12,Inf,5,1
1987,12,Inn,0,1
1987,12,LG,0,20
1987,12,Low,0,5
1987,12,Mor,0,20
1987,12,Nat,0,20
1987,12,NHS,52,3
1987,12,NI,2,19
1987,12,NP,0,1
1987,12,Nuc,20,19
1987,12,Pen,8,5
1987,12,Pet,0,1
1987,12,Pol,0,7
1987,12,Pou,0,1
1987,12,Pov,0,5
1987,12,Pri,0,1
1987,12,Pub,0,20
1987,12,Rac,0,9
1987,12,SA,0,19
1987,12,SWA,0,20
1987,12,Tax,0,1
1987,12,TU,1,1
1987,12,Tra,0,10
1987,12,Tsu,0,19
1987,12,Une,57,1
1987,12,Oth,0,99
1987,12,DK,0,99
1988,1,AID,5,19
1988,1,AW,0,4
1988,1,BF,0,4
1988,1,BSE,0,4
1988,1,Coa,0,1
1988,1,Com,1,9
1988,1,Cou,0,4
1988,1,Cri,15,12
1988,1,Def,7,19
1988,1,Dru,3,12
1988,1,Eco,6,1
1988,1,Edu,14,6
1988,1,Foo,0,4
1988,1,Ger,0,4
1988,1,GM,0,4
1988,1,Hea,0,3
1988,1,Hou,6,14
1988,1,Inf,2,1
1988,1,Inn,1,1
1988,1,LG,1,20
1988,1,Low,0,5
1988,1,Mor,0,20
1988,1,Nat,0,20
1988,1,NHS,64,3
1988,1,NI,1,19
1988,1,NP,4,1
1988,1,Nuc,13,19
1988,1,Pen,6,5
1988,1,Pet,0,1
1988,1,Pol,0,7
1988,1,Pou,1,1
1988,1,Pov,0,5
1988,1,Pri,1,1
1988,1,Pub,0,20
1988,1,Rac,3,9
1988,1,SA,0,19
1988,1,SWA,0,20
1988,1,Tax,1,1
1988,1,TU,1,1
1988,1,Tra,0,10
1988,1,Tsu,0,19
1988,1,Une,45,1
1988,1,Oth,0,99
1988,1,DK,0,99
1988,2,AID,0,19
1988,2,AW,0,4
1988,2,BF,0,4
1988,2,BSE,0,4
1988,2,Coa,0,1
1988,2,Com,4,9
1988,2,Cou,0,4
1988,2,Cri,17,12
1988,2,Def,5,19
1988,2,Dru,0,12
1988,2,Eco,7,1
1988,2,Edu,13,6
1988,2,Foo,0,4
1988,2,Ger,0,4
1988,2,GM,0,4
1988,2,Hea,0,3
1988,2,Hou,5,14
1988,2,Inf,3,1
1988,2,Inn,0,1
1988,2,LG,1,20
1988,2,Low,0,5
1988,2,Mor,0,20
1988,2,Nat,0,20
1988,2,NHS,59,3
1988,2,NI,2,19
1988,2,NP,0,1
1988,2,Nuc,12,19
1988,2,Pen,7,5
1988,2,Pet,0,1
1988,2,Pol,0,7
1988,2,Pou,0,1
1988,2,Pov,0,5
1988,2,Pri,0,1
1988,2,Pub,0,20
1988,2,Rac,0,9
1988,2,SA,0,19
1988,2,SWA,0,20
1988,2,Tax,0,1
1988,2,TU,3,1
1988,2,Tra,0,10
1988,2,Tsu,0,19
1988,2,Une,49,1
1988,2,Oth,0,99
1988,2,DK,0,99
1988,3,AID,6,19
1988,3,AW,0,4
1988,3,BF,0,4
1988,3,BSE,0,4
1988,3,Coa,0,1
1988,3,Com,2,9
1988,3,Cou,0,4
1988,3,Cri,27,12
1988,3,Def,5,19
1988,3,Dru,4,12
1988,3,Eco,7,1
1988,3,Edu,14,6
1988,3,Foo,0,4
1988,3,Ger,0,4
1988,3,GM,0,4
1988,3,Hea,0,3
1988,3,Hou,9,14
1988,3,Inf,5,1
1988,3,Inn,2,1
1988,3,LG,2,20
1988,3,Low,0,5
1988,3,Mor,0,20
1988,3,Nat,0,20
1988,3,NHS,60,3
1988,3,NI,15,19
1988,3,NP,4,1
1988,3,Nuc,12,19
1988,3,Pen,11,5
1988,3,Pet,0,1
1988,3,Pol,0,7
1988,3,Pou,1,1
1988,3,Pov,0,5
1988,3,Pri,2,1
1988,3,Pub,0,20
1988,3,Rac,4,9
1988,3,SA,0,19
1988,3,SWA,0,20
1988,3,Tax,4,1
1988,3,TU,2,1
1988,3,Tra,0,10
1988,3,Tsu,0,19
1988,3,Une,56,1
1988,3,Oth,0,99
1988,3,DK,0,99
1988,4,AID,5,19
1988,4,AW,0,4
1988,4,BF,0,4
1988,4,BSE,0,4
1988,4,Coa,0,1
1988,4,Com,3,9
1988,4,Cou,0,4
1988,4,Cri,20,12
1988,4,Def,6,19
1988,4,Dru,4,12
1988,4,Eco,8,1
1988,4,Edu,15,6
1988,4,Foo,0,4
1988,4,Ger,0,4
1988,4,GM,0,4
1988,4,Hea,0,3
1988,4,Hou,8,14
1988,4,Inf,6,1
1988,4,Inn,2,1
1988,4,LG,13,20
1988,4,Low,0,5
1988,4,Mor,0,20
1988,4,Nat,0,20
1988,4,NHS,50,3
1988,4,NI,4,19
1988,4,NP,4,1
1988,4,Nuc,13,19
1988,4,Pen,17,5
1988,4,Pet,0,1
1988,4,Pol,0,7
1988,4,Pou,1,1
1988,4,Pov,0,5
1988,4,Pri,2,1
1988,4,Pub,0,20
1988,4,Rac,7,9
1988,4,SA,0,19
1988,4,SWA,0,20
1988,4,Tax,3,1
1988,4,TU,2,1
1988,4,Tra,0,10
1988,4,Tsu,0,19
1988,4,Une,53,1
1988,4,Oth,0,99
1988,4,DK,0,99
1988,5,AID,4,19
1988,5,AW,0,4
1988,5,BF,0,4
1988,5,BSE,0,4
1988,5,Coa,0,1
1988,5,Com,2,9
1988,5,Cou,0,4
1988,5,Cri,23,12
1988,5,Def,6,19
1988,5,Dru,5,12
1988,5,Eco,8,1
1988,5,Edu,15,6
1988,5,Foo,0,4
1988,5,Ger,0,4
1988,5,GM,0,4
1988,5,Hea,0,3
1988,5,Hou,8,14
1988,5,Inf,5,1
1988,5,Inn,1,1
1988,5,LG,9,20
1988,5,Low,0,5
1988,5,Mor,0,20
1988,5,Nat,0,20
1988,5,NHS,44,3
1988,5,NI,3,19
1988,5,NP,4,1
1988,5,Nuc,13,19
1988,5,Pen,13,5
1988,5,Pet,0,1
1988,5,Pol,0,7
1988,5,Pou,1,1
1988,5,Pov,0,5
1988,5,Pri,2,1
1988,5,Pub,0,20
1988,5,Rac,5,9
1988,5,SA,0,19
1988,5,SWA,0,20
1988,5,Tax,2,1
1988,5,TU,1,1
1988,5,Tra,0,10
1988,5,Tsu,0,19
1988,5,Une,53,1
1988,5,Oth,0,99
1988,5,DK,0,99
1988,6,AID,3,19
1988,6,AW,0,4
1988,6,BF,0,4
1988,6,BSE,0,4
1988,6,Coa,0,1
1988,6,Com,4,9
1988,6,Cou,0,4
1988,6,Cri,34,12
1988,6,Def,7,19
1988,6,Dru,6,12
1988,6,Eco,8,1
1988,6,Edu,14,6
1988,6,Foo,0,4
1988,6,Ger,0,4
1988,6,GM,0,4
1988,6,Hea,0,3
1988,6,Hou,10,14
1988,6,Inf,7,1
1988,6,Inn,2,1
1988,6,LG,8,20
1988,6,Low,0,5
1988,6,Mor,0,20
1988,6,Nat,0,20
1988,6,NHS,35,3
1988,6,NI,3,19
1988,6,NP,4,1
1988,6,Nuc,17,19
1988,6,Pen,12,5
1988,6,Pet,0,1
1988,6,Pol,0,7
1988,6,Pou,1,1
1988,6,Pov,0,5
1988,6,Pri,2,1
1988,6,Pub,0,20
1988,6,Rac,5,9
1988,6,SA,0,19
1988,6,SWA,0,20
1988,6,Tax,3,1
1988,6,TU,2,1
1988,6,Tra,0,10
1988,6,Tsu,0,19
1988,6,Une,49,1
1988,6,Oth,0,99
1988,6,DK,0,99
1988,7,AID,3,19
1988,7,AW,0,4
1988,7,BF,0,4
1988,7,BSE,0,4
1988,7,Coa,0,1
1988,7,Com,5,9
1988,7,Cou,0,4
1988,7,Cri,28,12
1988,7,Def,7,19
1988,7,Dru,4,12
1988,7,Eco,13,1
1988,7,Edu,16,6
1988,7,Foo,0,4
1988,7,Ger,0,4
1988,7,GM,0,4
1988,7,Hea,0,3
1988,7,Hou,11,14
1988,7,Inf,9,1
1988,7,Inn,1,1
1988,7,LG,7,20
1988,7,Low,0,5
1988,7,Mor,0,20
1988,7,Nat,0,20
1988,7,NHS,41,3
1988,7,NI,3,19
1988,7,NP,4,1
1988,7,Nuc,15,19
1988,7,Pen,13,5
1988,7,Pet,0,1
1988,7,Pol,0,7
1988,7,Pou,2,1
1988,7,Pov,0,5
1988,7,Pri,4,1
1988,7,Pub,0,20
1988,7,Rac,5,9
1988,7,SA,0,19
1988,7,SWA,0,20
1988,7,Tax,3,1
1988,7,TU,2,1
1988,7,Tra,0,10
1988,7,Tsu,0,19
1988,7,Une,48,1
1988,7,Oth,0,99
1988,7,DK,0,99
1988,8,AID,0,19
1988,8,AW,0,4
1988,8,BF,0,4
1988,8,BSE,0,4
1988,8,Coa,0,1
1988,8,Com,4,9
1988,8,Cou,0,4
1988,8,Cri,29,12
1988,8,Def,7,19
1988,8,Dru,0,12
1988,8,Eco,15,1
1988,8,Edu,15,6
1988,8,Foo,0,4
1988,8,Ger,0,4
1988,8,GM,0,4
1988,8,Hea,0,3
1988,8,Hou,10,14
1988,8,Inf,11,1
1988,8,Inn,0,1
1988,8,LG,0,20
1988,8,Low,0,5
1988,8,Mor,0,20
1988,8,Nat,0,20
1988,8,NHS,34,3
1988,8,NI,15,19
1988,8,NP,0,1
1988,8,Nuc,12,19
1988,8,Pen,13,5
1988,8,Pet,0,1
1988,8,Pol,0,7
1988,8,Pou,0,1
1988,8,Pov,0,5
1988,8,Pri,0,1
1988,8,Pub,0,20
1988,8,Rac,0,9
1988,8,SA,0,19
1988,8,SWA,0,20
1988,8,Tax,0,1
1988,8,TU,1,1
1988,8,Tra,0,10
1988,8,Tsu,0,19
1988,8,Une,48,1
1988,8,Oth,0,99
1988,8,DK,0,99
1988,9,AID,0,19
1988,9,AW,0,4
1988,9,BF,0,4
1988,9,BSE,0,4
1988,9,Coa,0,1
1988,9,Com,8,9
1988,9,Cou,0,4
1988,9,Cri,24,12
1988,9,Def,5,19
1988,9,Dru,0,12
1988,9,Eco,16,1
1988,9,Edu,14,6
1988,9,Foo,0,4
1988,9,Ger,0,4
1988,9,GM,0,4
1988,9,Hea,0,3
1988,9,Hou,9,14
1988,9,Inf,11,1
1988,9,Inn,0,1
1988,9,LG,0,20
1988,9,Low,0,5
1988,9,Mor,0,20
1988,9,Nat,0,20
1988,9,NHS,36,3
1988,9,NI,7,19
1988,9,NP,0,1
1988,9,Nuc,13,19
1988,9,Pen,15,5
1988,9,Pet,0,1
1988,9,Pol,0,7
1988,9,Pou,0,1
1988,9,Pov,0,5
1988,9,Pri,0,1
1988,9,Pub,0,20
1988,9,Rac,0,9
1988,9,SA,0,19
1988,9,SWA,0,20
1988,9,Tax,0,1
1988,9,TU,2,1
1988,9,Tra,0,10
1988,9,Tsu,0,19
1988,9,Une,44,1
1988,9,Oth,0,99
1988,9,DK,0,99
1988,10,AID,4,19
1988,10,AW,0,4
1988,10,BF,0,4
1988,10,BSE,0,4
1988,10,Coa,0,1
1988,10,Com,6,9
1988,10,Cou,0,4
1988,10,Cri,25,12
1988,10,Def,6,19
1988,10,Dru,5,12
1988,10,Eco,14,1
1988,10,Edu,15,6
1988,10,Foo,0,4
1988,10,Ger,0,4
1988,10,GM,0,4
1988,10,Hea,0,3
1988,10,Hou,9,14
1988,10,Inf,9,1
1988,10,Inn,0,1
1988,10,LG,5,20
1988,10,Low,0,5
1988,10,Mor,0,20
1988,10,Nat,0,20
1988,10,NHS,38,3
1988,10,NI,3,19
1988,10,NP,6,1
1988,10,Nuc,13,19
1988,10,Pen,16,5
1988,10,Pet,0,1
1988,10,Pol,10,7
1988,10,Pou,1,1
1988,10,Pov,0,5
1988,10,Pri,3,1
1988,10,Pub,0,20
1988,10,Rac,3,9
1988,10,SA,0,19
1988,10,SWA,0,20
1988,10,Tax,2,1
1988,10,TU,2,1
1988,10,Tra,0,10
1988,10,Tsu,0,19
1988,10,Une,42,1
1988,10,Oth,0,99
1988,10,DK,0,99
1988,11,AID,2,19
1988,11,AW,0,4
1988,11,BF,0,4
1988,11,BSE,0,4
1988,11,Coa,0,1
1988,11,Com,4,9
1988,11,Cou,0,4
1988,11,Cri,21,12
1988,11,Def,7,19
1988,11,Dru,4,12
1988,11,Eco,21,1
1988,11,Edu,15,6
1988,11,Foo,0,4
1988,11,Ger,0,4
1988,11,GM,0,4
1988,11,Hea,0,3
1988,11,Hou,8,14
1988,11,Inf,14,1
1988,11,Inn,0,1
1988,11,LG,5,20
1988,11,Low,0,5
1988,11,Mor,0,20
1988,11,Nat,0,20
1988,11,NHS,39,3
1988,11,NI,3,19
1988,11,NP,5,1
1988,11,Nuc,13,19
1988,11,Pen,20,5
1988,11,Pet,0,1
1988,11,Pol,11,7
1988,11,Pou,2,1
1988,11,Pov,0,5
1988,11,Pri,8,1
1988,11,Pub,0,20
1988,11,Rac,3,9
1988,11,SA,0,19
1988,11,SWA,0,20
1988,11,Tax,2,1
1988,11,TU,0.25,1
1988,11,Tra,0,10
1988,11,Tsu,0,19
1988,11,Une,36,1
1988,11,Oth,0,99
1988,11,DK,0,99
1988,12,AID,3,19
1988,12,AW,0,4
1988,12,BF,0,4
1988,12,BSE,0,4
1988,12,Coa,0,1
1988,12,Com,4,9
1988,12,Cou,0,4
1988,12,Cri,19,12
1988,12,Def,7,19
1988,12,Dru,3,12
1988,12,Eco,21,1
1988,12,Edu,13,6
1988,12,Foo,0,4
1988,12,Ger,0,4
1988,12,GM,0,4
1988,12,Hea,0,3
1988,12,Hou,14,14
1988,12,Inf,15,1
1988,12,Inn,0,1
1988,12,LG,6,20
1988,12,Low,0,5
1988,12,Mor,0,20
1988,12,Nat,0,20
1988,12,NHS,31,3
1988,12,NI,2,19
1988,12,NP,3,1
1988,12,Nuc,11,19
1988,12,Pen,15,5
1988,12,Pet,0,1
1988,12,Pol,5,7
1988,12,Pou,1,1
1988,12,Pov,0,5
1988,12,Pri,3,1
1988,12,Pub,0,20
1988,12,Rac,2,9
1988,12,SA,0,19
1988,12,SWA,0,20
1988,12,Tax,1,1
1988,12,TU,0,1
1988,12,Tra,0,10
1988,12,Tsu,0,19
1988,12,Une,41,1
1988,12,Oth,0,99
1988,12,DK,0,99
1989,1,AID,0,19
1989,1,AW,0,4
1989,1,BF,0,4
1989,1,BSE,0,4
1989,1,Coa,0,1
1989,1,Com,5,9
1989,1,Cou,0,4
1989,1,Cri,26,12
1989,1,Def,5,19
1989,1,Dru,0,12
1989,1,Eco,18,1
1989,1,Edu,11,6
1989,1,Foo,0,4
1989,1,Ger,0,4
1989,1,GM,0,4
1989,1,Hea,0,3
1989,1,Hou,10,14
1989,1,Inf,17,1
1989,1,Inn,0,1
1989,1,LG,0,20
1989,1,Low,0,5
1989,1,Mor,0,20
1989,1,Nat,0,20
1989,1,NHS,34,3
1989,1,NI,3,19
1989,1,NP,0,1
1989,1,Nuc,11,19
1989,1,Pen,13,5
1989,1,Pet,0,1
1989,1,Pol,9,7
1989,1,Pou,0,1
1989,1,Pov,0,5
1989,1,Pri,0,1
1989,1,Pub,0,20
1989,1,Rac,0,9
1989,1,SA,0,19
1989,1,SWA,0,20
1989,1,Tax,0,1
1989,1,TU,0,1
1989,1,Tra,0,10
1989,1,Tsu,0,19
1989,1,Une,38,1
1989,1,Oth,0,99
1989,1,DK,0,99
1989,2,AID,0,19
1989,2,AW,0,4
1989,2,BF,0,4
1989,2,BSE,0,4
1989,2,Coa,0,1
1989,2,Com,4,9
1989,2,Cou,0,4
1989,2,Cri,20,12
1989,2,Def,6,19
1989,2,Dru,0,12
1989,2,Eco,14,1
1989,2,Edu,14,6
1989,2,Foo,0,4
1989,2,Ger,0,4
1989,2,GM,0,4
1989,2,Hea,0,3
1989,2,Hou,10,14
1989,2,Inf,19,1
1989,2,Inn,0,1
1989,2,LG,0,20
1989,2,Low,0,5
1989,2,Mor,0,20
1989,2,Nat,0,20
1989,2,NHS,38,3
1989,2,NI,3,19
1989,2,NP,0,1
1989,2,Nuc,11,19
1989,2,Pen,13,5
1989,2,Pet,0,1
1989,2,Pol,14,7
1989,2,Pou,0,1
1989,2,Pov,0,5
1989,2,Pri,0,1
1989,2,Pub,0,20
1989,2,Rac,0,9
1989,2,SA,0,19
1989,2,SWA,0,20
1989,2,Tax,0,1
1989,2,TU,0,1
1989,2,Tra,0,10
1989,2,Tsu,0,19
1989,2,Une,35,1
1989,2,Oth,0,99
1989,2,DK,0,99
1989,3,AID,0,19
1989,3,AW,0,4
1989,3,BF,0,4
1989,3,BSE,0,4
1989,3,Coa,0,1
1989,3,Com,3,9
1989,3,Cou,0,4
1989,3,Cri,20,12
1989,3,Def,6,19
1989,3,Dru,0,12
1989,3,Eco,15,1
1989,3,Edu,14,6
1989,3,Foo,0,4
1989,3,Ger,0,4
1989,3,GM,0,4
1989,3,Hea,0,3
1989,3,Hou,10,14
1989,3,Inf,21,1
1989,3,Inn,0,1
1989,3,LG,0,20
1989,3,Low,0,5
1989,3,Mor,0,20
1989,3,Nat,0,20
1989,3,NHS,40,3
1989,3,NI,3,19
1989,3,NP,0,1
1989,3,Nuc,9,19
1989,3,Pen,9,5
1989,3,Pet,0,1
1989,3,Pol,22,7
1989,3,Pou,0,1
1989,3,Pov,0,5
1989,3,Pri,0,1
1989,3,Pub,0,20
1989,3,Rac,0,9
1989,3,SA,0,19
1989,3,SWA,0,20
1989,3,Tax,0,1
1989,3,TU,0,1
1989,3,Tra,0,10
1989,3,Tsu,0,19
1989,3,Une,33,1
1989,3,Oth,0,99
1989,3,DK,0,99
1989,4,AID,0,19
1989,4,AW,0,4
1989,4,BF,0,4
1989,4,BSE,0,4
1989,4,Coa,0,1
1989,4,Com,4,9
1989,4,Cou,0,4
1989,4,Cri,24,12
1989,4,Def,5,19
1989,4,Dru,0,12
1989,4,Eco,16,1
1989,4,Edu,14,6
1989,4,Foo,0,4
1989,4,Ger,0,4
1989,4,GM,0,4
1989,4,Hea,0,3
1989,4,Hou,8,14
1989,4,Inf,21,1
1989,4,Inn,0,1
1989,4,LG,10,20
1989,4,Low,0,5
1989,4,Mor,0,20
1989,4,Nat,0,20
1989,4,NHS,35,3
1989,4,NI,2,19
1989,4,NP,0,1
1989,4,Nuc,11,19
1989,4,Pen,14,5
1989,4,Pet,0,1
1989,4,Pol,14,7
1989,4,Pou,0,1
1989,4,Pov,0,5
1989,4,Pri,0,1
1989,4,Pub,0,20
1989,4,Rac,0,9
1989,4,SA,0,19
1989,4,SWA,0,20
1989,4,Tax,0,1
1989,4,TU,0,1
1989,4,Tra,0,10
1989,4,Tsu,0,19
1989,4,Une,32,1
1989,4,Oth,0,99
1989,4,DK,0,99
1989,5,AID,0,19
1989,5,AW,0,4
1989,5,BF,0,4
1989,5,BSE,0,4
1989,5,Coa,0,1
1989,5,Com,11,9
1989,5,Cou,0,4
1989,5,Cri,19,12
1989,5,Def,6,19
1989,5,Dru,0,12
1989,5,Eco,16,1
1989,5,Edu,12,6
1989,5,Foo,0,4
1989,5,Ger,0,4
1989,5,GM,0,4
1989,5,Hea,0,3
1989,5,Hou,7,14
1989,5,Inf,17,1
1989,5,Inn,0,1
1989,5,LG,10,20
1989,5,Low,0,5
1989,5,Mor,0,20
1989,5,Nat,0,20
1989,5,NHS,34,3
1989,5,NI,1,19
1989,5,NP,0,1
1989,5,Nuc,16,19
1989,5,Pen,13,5
1989,5,Pet,0,1
1989,5,Pol,17,7
1989,5,Pou,0,1
1989,5,Pov,0,5
1989,5,Pri,0,1
1989,5,Pub,0,20
1989,5,Rac,0,9
1989,5,SA,0,19
1989,5,SWA,0,20
1989,5,Tax,0,1
1989,5,TU,0,1
1989,5,Tra,0,10
1989,5,Tsu,0,19
1989,5,Une,31,1
1989,5,Oth,0,99
1989,5,DK,0,99
1989,6,AID,0,19
1989,6,AW,0,4
1989,6,BF,0,4
1989,6,BSE,0,4
1989,6,Coa,0,1
1989,6,Com,16,9
1989,6,Cou,0,4
1989,6,Cri,13,12
1989,6,Def,5,19
1989,6,Dru,0,12
1989,6,Eco,19,1
1989,6,Edu,12,6
1989,6,Foo,0,4
1989,6,Ger,0,4
1989,6,GM,0,4
1989,6,Hea,0,3
1989,6,Hou,0,14
1989,6,Inf,23,1
1989,6,Inn,0,1
1989,6,LG,10,20
1989,6,Low,0,5
1989,6,Mor,0,20
1989,6,Nat,0,20
1989,6,NHS,29,3
1989,6,NI,1,19
1989,6,NP,0,1
1989,6,Nuc,12,19
1989,6,Pen,0,5
1989,6,Pet,0,1
1989,6,Pol,23,7
1989,6,Pou,0,1
1989,6,Pov,0,5
1989,6,Pri,0,1
1989,6,Pub,0,20
1989,6,Rac,0,9
1989,6,SA,0,19
1989,6,SWA,0,20
1989,6,Tax,0,1
1989,6,TU,0,1
1989,6,Tra,0,10
1989,6,Tsu,0,19
1989,6,Une,30,1
1989,6,Oth,0,99
1989,6,DK,0,99
1989,7,AID,0,19
1989,7,AW,0,4
1989,7,BF,0,4
1989,7,BSE,0,4
1989,7,Coa,0,1
1989,7,Com,11,9
1989,7,Cou,0,4
1989,7,Cri,15,12
1989,7,Def,3,19
1989,7,Dru,0,12
1989,7,Eco,16,1
1989,7,Edu,15,6
1989,7,Foo,0,4
1989,7,Ger,0,4
1989,7,GM,0,4
1989,7,Hea,0,3
1989,7,Hou,8,14
1989,7,Inf,17,1
1989,7,Inn,0,1
1989,7,LG,13,20
1989,7,Low,0,5
1989,7,Mor,0,20
1989,7,Nat,0,20
1989,7,NHS,29,3
1989,7,NI,1,19
1989,7,NP,0,1
1989,7,Nuc,8,19
1989,7,Pen,11,5
1989,7,Pet,0,1
1989,7,Pol,35,7
1989,7,Pou,0,1
1989,7,Pov,0,5
1989,7,Pri,0,1
1989,7,Pub,0,20
1989,7,Rac,0,9
1989,7,SA,0,19
1989,7,SWA,0,20
1989,7,Tax,0,1
1989,7,TU,0,1
1989,7,Tra,0,10
1989,7,Tsu,0,19
1989,7,Une,24,1
1989,7,Oth,0,99
1989,7,DK,0,99
1989,8,AID,0,19
1989,8,AW,0,4
1989,8,BF,0,4
1989,8,BSE,0,4
1989,8,Coa,0,1
1989,8,Com,7,9
1989,8,Cou,0,4
1989,8,Cri,18,12
1989,8,Def,4,19
1989,8,Dru,0,12
1989,8,Eco,17,1
1989,8,Edu,13,6
1989,8,Foo,0,4
1989,8,Ger,0,4
1989,8,GM,0,4
1989,8,Hea,0,3
1989,8,Hou,8,14
1989,8,Inf,15,1
1989,8,Inn,0,1
1989,8,LG,11,20
1989,8,Low,0,5
1989,8,Mor,0,20
1989,8,Nat,0,20
1989,8,NHS,34,3
1989,8,NI,4,19
1989,8,NP,0,1
1989,8,Nuc,9,19
1989,8,Pen,11,5
1989,8,Pet,0,1
1989,8,Pol,30,7
1989,8,Pou,0,1
1989,8,Pov,0,5
1989,8,Pri,0,1
1989,8,Pub,0,20
1989,8,Rac,0,9
1989,8,SA,0,19
1989,8,SWA,0,20
1989,8,Tax,0,1
1989,8,TU,0,1
1989,8,Tra,0,10
1989,8,Tsu,0,19
1989,8,Une,27,1
1989,8,Oth,0,99
1989,8,DK,0,99
1989,9,AID,0,19
1989,9,AW,0,4
1989,9,BF,0,4
1989,9,BSE,0,4
1989,9,Coa,0,1
1989,9,Com,5,9
1989,9,Cou,0,4
1989,9,Cri,18,12
1989,9,Def,5,19
1989,9,Dru,0,12
1989,9,Eco,17,1
1989,9,Edu,13,6
1989,9,Foo,0,4
1989,9,Ger,0,4
1989,9,GM,0,4
1989,9,Hea,0,3
1989,9,Hou,7,14
1989,9,Inf,16,1
1989,9,Inn,0,1
1989,9,LG,11,20
1989,9,Low,0,5
1989,9,Mor,0,20
1989,9,Nat,0,20
1989,9,NHS,31,3
1989,9,NI,5,19
1989,9,NP,0,1
1989,9,Nuc,9,19
1989,9,Pen,12,5
1989,9,Pet,0,1
1989,9,Pol,28,7
1989,9,Pou,0,1
1989,9,Pov,0,5
1989,9,Pri,0,1
1989,9,Pub,0,20
1989,9,Rac,0,9
1989,9,SA,0,19
1989,9,SWA,0,20
1989,9,Tax,0,1
1989,9,TU,0,1
1989,9,Tra,0,10
1989,9,Tsu,0,19
1989,9,Une,25,1
1989,9,Oth,0,99
1989,9,DK,0,99
1989,10,AID,0,19
1989,10,AW,0,4
1989,10,BF,0,4
1989,10,BSE,0,4
1989,10,Coa,0,1
1989,10,Com,3,9
1989,10,Cou,0,4
1989,10,Cri,16,12
1989,10,Def,5,19
1989,10,Dru,0,12
1989,10,Eco,31,1
1989,10,Edu,14,6
1989,10,Foo,0,4
1989,10,Ger,0,4
1989,10,GM,0,4
1989,10,Hea,0,3
1989,10,Hou,10,14
1989,10,Inf,25,1
1989,10,Inn,0,1
1989,10,LG,13,20
1989,10,Low,0,5
1989,10,Mor,0,20
1989,10,Nat,0,20
1989,10,NHS,35,3
1989,10,NI,2,19
1989,10,NP,0,1
1989,10,Nuc,7,19
1989,10,Pen,12,5
1989,10,Pet,0,1
1989,10,Pol,21,7
1989,10,Pou,0,1
1989,10,Pov,0,5
1989,10,Pri,0,1
1989,10,Pub,0,20
1989,10,Rac,0,9
1989,10,SA,0,19
1989,10,SWA,0,20
1989,10,Tax,0,1
1989,10,TU,0,1
1989,10,Tra,0,10
1989,10,Tsu,0,19
1989,10,Une,23,1
1989,10,Oth,0,99
1989,10,DK,0,99
1989,11,AID,0,19
1989,11,AW,0,4
1989,11,BF,0,4
1989,11,BSE,0,4
1989,11,Coa,0,1
1989,11,Com,10,9
1989,11,Cou,0,4
1989,11,Cri,13,12
1989,11,Def,7,19
1989,11,Dru,0,12
1989,11,Eco,28,1
1989,11,Edu,12,6
1989,11,Foo,0,4
1989,11,Ger,0,4
1989,11,GM,0,4
1989,11,Hea,0,3
1989,11,Hou,14,14
1989,11,Inf,24,1
1989,11,Inn,0,1
1989,11,LG,12,20
1989,11,Low,0,5
1989,11,Mor,0,20
1989,11,Nat,0,20
1989,11,NHS,36,3
1989,11,NI,2,19
1989,11,NP,0,1
1989,11,Nuc,6,19
1989,11,Pen,12,5
1989,11,Pet,0,1
1989,11,Pol,18,7
1989,11,Pou,0,1
1989,11,Pov,0,5
1989,11,Pri,0,1
1989,11,Pub,0,20
1989,11,Rac,0,9
1989,11,SA,0,19
1989,11,SWA,0,20
1989,11,Tax,0,1
1989,11,TU,0,1
1989,11,Tra,0,10
1989,11,Tsu,0,19
1989,11,Une,24,1
1989,11,Oth,0,99
1989,11,DK,0,99
1989,12,AID,0,19
1989,12,AW,0,4
1989,12,BF,0,4
1989,12,BSE,0,4
1989,12,Coa,0,1
1989,12,Com,9,9
1989,12,Cou,0,4
1989,12,Cri,10,12
1989,12,Def,7,19
1989,12,Dru,0,12
1989,12,Eco,24,1
1989,12,Edu,14,6
1989,12,Foo,0,4
1989,12,Ger,0,4
1989,12,GM,0,4
1989,12,Hea,0,3
1989,12,Hou,14,14
1989,12,Inf,17,1
1989,12,Inn,0,1
1989,12,LG,17,20
1989,12,Low,0,5
1989,12,Mor,0,20
1989,12,Nat,0,20
1989,12,NHS,34,3
1989,12,NI,2,19
1989,12,NP,0,1
1989,12,Nuc,5,19
1989,12,Pen,12,5
1989,12,Pet,0,1
1989,12,Pol,17,7
1989,12,Pou,0,1
1989,12,Pov,0,5
1989,12,Pri,0,1
1989,12,Pub,0,20
1989,12,Rac,0,9
1989,12,SA,0,19
1989,12,SWA,0,20
1989,12,Tax,0,1
1989,12,TU,0,1
1989,12,Tra,0,10
1989,12,Tsu,0,19
1989,12,Une,24,1
1989,12,Oth,0,99
1989,12,DK,0,99
1990,1,AID,3,19
1990,1,AW,0,4
1990,1,BF,0,4
1990,1,BSE,0,4
1990,1,Coa,0,1
1990,1,Com,9,9
1990,1,Cou,0,4
1990,1,Cri,14,12
1990,1,Def,3,19
1990,1,Dru,3,12
1990,1,Eco,24,1
1990,1,Edu,13,6
1990,1,Foo,0,4
1990,1,Ger,0,4
1990,1,GM,0,4
1990,1,Hea,0,3
1990,1,Hou,10,14
1990,1,Inf,24,1
1990,1,Inn,0,1
1990,1,LG,22,20
1990,1,Low,0,5
1990,1,Mor,0,20
1990,1,Nat,0,20
1990,1,NHS,31,3
1990,1,NI,2,19
1990,1,NP,1,1
1990,1,Nuc,5,19
1990,1,Pen,12,5
1990,1,Pet,0,1
1990,1,Pol,19,7
1990,1,Pou,1,1
1990,1,Pov,0,5
1990,1,Pri,3,1
1990,1,Pub,0,20
1990,1,Rac,8,9
1990,1,SA,0,19
1990,1,SWA,0,20
1990,1,Tax,2,1
1990,1,TU,4,1
1990,1,Tra,0,10
1990,1,Tsu,0,19
1990,1,Une,26,1
1990,1,Oth,0,99
1990,1,DK,0,99
1990,2,AID,0,19
1990,2,AW,0,4
1990,2,BF,0,4
1990,2,BSE,0,4
1990,2,Coa,0,1
1990,2,Com,6,9
1990,2,Cou,0,4
1990,2,Cri,12,12
1990,2,Def,4,19
1990,2,Dru,0,12
1990,2,Eco,26,1
1990,2,Edu,14,6
1990,2,Foo,0,4
1990,2,Ger,0,4
1990,2,GM,0,4
1990,2,Hea,0,3
1990,2,Hou,11,14
1990,2,Inf,29,1
1990,2,Inn,0,1
1990,2,LG,32,20
1990,2,Low,0,5
1990,2,Mor,0,20
1990,2,Nat,0,20
1990,2,NHS,27,3
1990,2,NI,1,19
1990,2,NP,0,1
1990,2,Nuc,5,19
1990,2,Pen,10,5
1990,2,Pet,0,1
1990,2,Pol,18,7
1990,2,Pou,0,1
1990,2,Pov,0,5
1990,2,Pri,0,1
1990,2,Pub,0,20
1990,2,Rac,0,9
1990,2,SA,0,19
1990,2,SWA,0,20
1990,2,Tax,0,1
1990,2,TU,0,1
1990,2,Tra,0,10
1990,2,Tsu,0,19
1990,2,Une,20,1
1990,2,Oth,0,99
1990,2,DK,0,99
1990,3,AID,0,19
1990,3,AW,0,4
1990,3,BF,0,4
1990,3,BSE,0,4
1990,3,Coa,0,1
1990,3,Com,6,9
1990,3,Cou,0,4
1990,3,Cri,9,12
1990,3,Def,3,19
1990,3,Dru,0,12
1990,3,Eco,24,1
1990,3,Edu,12,6
1990,3,Foo,0,4
1990,3,Ger,0,4
1990,3,GM,0,4
1990,3,Hea,0,3
1990,3,Hou,8,14
1990,3,Inf,26,1
1990,3,Inn,0,1
1990,3,LG,49,20
1990,3,Low,0,5
1990,3,Mor,0,20
1990,3,Nat,0,20
1990,3,NHS,25,3
1990,3,NI,2,19
1990,3,NP,0,1
1990,3,Nuc,3,19
1990,3,Pen,9,5
1990,3,Pet,0,1
1990,3,Pol,21,7
1990,3,Pou,0,1
1990,3,Pov,0,5
1990,3,Pri,0,1
1990,3,Pub,0,20
1990,3,Rac,0,9
1990,3,SA,0,19
1990,3,SWA,0,20
1990,3,Tax,0,1
1990,3,TU,0,1
1990,3,Tra,0,10
1990,3,Tsu,0,19
1990,3,Une,18,1
1990,3,Oth,0,99
1990,3,DK,0,99
1990,4,AID,0,19
1990,4,AW,0,4
1990,4,BF,0,4
1990,4,BSE,0,4
1990,4,Coa,0,1
1990,4,Com,7,9
1990,4,Cou,0,4
1990,4,Cri,12,12
1990,4,Def,4,19
1990,4,Dru,0,12
1990,4,Eco,24,1
1990,4,Edu,15,6
1990,4,Foo,0,4
1990,4,Ger,0,4
1990,4,GM,0,4
1990,4,Hea,0,3
1990,4,Hou,9,14
1990,4,Inf,23,1
1990,4,Inn,0,1
1990,4,LG,46,20
1990,4,Low,0,5
1990,4,Mor,0,20
1990,4,Nat,0,20
1990,4,NHS,25,3
1990,4,NI,1,19
1990,4,NP,0,1
1990,4,Nuc,5,19
1990,4,Pen,11,5
1990,4,Pet,0,1
1990,4,Pol,19,7
1990,4,Pou,0,1
1990,4,Pov,0,5
1990,4,Pri,0,1
1990,4,Pub,0,20
1990,4,Rac,0,9
1990,4,SA,0,19
1990,4,SWA,0,20
1990,4,Tax,0,1
1990,4,TU,0,1
1990,4,Tra,0,10
1990,4,Tsu,0,19
1990,4,Une,20,1
1990,4,Oth,0,99
1990,4,DK,0,99
1990,5,AID,0,19
1990,5,AW,0,4
1990,5,BF,0,4
1990,5,BSE,0,4
1990,5,Coa,0,1
1990,5,Com,8,9
1990,5,Cou,0,4
1990,5,Cri,14,12
1990,5,Def,3,19
1990,5,Dru,0,12
1990,5,Eco,25,1
1990,5,Edu,15,6
1990,5,Foo,0,4
1990,5,Ger,0,4
1990,5,GM,0,4
1990,5,Hea,0,3
1990,5,Hou,8,14
1990,5,Inf,29,1
1990,5,Inn,0,1
1990,5,LG,39,20
1990,5,Low,0,5
1990,5,Mor,0,20
1990,5,Nat,0,20
1990,5,NHS,23,3
1990,5,NI,2,19
1990,5,NP,0,1
1990,5,Nuc,4,19
1990,5,Pen,10,5
1990,5,Pet,0,1
1990,5,Pol,22,7
1990,5,Pou,0,1
1990,5,Pov,0,5
1990,5,Pri,0,1
1990,5,Pub,0,20
1990,5,Rac,0,9
1990,5,SA,0,19
1990,5,SWA,0,20
1990,5,Tax,0,1
1990,5,TU,0,1
1990,5,Tra,0,10
1990,5,Tsu,0,19
1990,5,Une,26,1
1990,5,Oth,0,99
1990,5,DK,0,99
1990,6,AID,0,19
1990,6,AW,0,4
1990,6,BF,0,4
1990,6,BSE,0,4
1990,6,Coa,0,1
1990,6,Com,10,9
1990,6,Cou,0,4
1990,6,Cri,12,12
1990,6,Def,5,19
1990,6,Dru,0,12
1990,6,Eco,23,1
1990,6,Edu,17,6
1990,6,Foo,0,4
1990,6,Ger,0,4
1990,6,GM,0,4
1990,6,Hea,0,3
1990,6,Hou,10,14
1990,6,Inf,19,1
1990,6,Inn,0,1
1990,6,LG,30,20
1990,6,Low,0,5
1990,6,Mor,0,20
1990,6,Nat,0,20
1990,6,NHS,22,3
1990,6,NI,2,19
1990,6,NP,0,1
1990,6,Nuc,4,19
1990,6,Pen,7,5
1990,6,Pet,0,1
1990,6,Pol,20,7
1990,6,Pou,0,1
1990,6,Pov,0,5
1990,6,Pri,0,1
1990,6,Pub,0,20
1990,6,Rac,0,9
1990,6,SA,0,19
1990,6,SWA,0,20
1990,6,Tax,0,1
1990,6,TU,0,1
1990,6,Tra,0,10
1990,6,Tsu,0,19
1990,6,Une,19,1
1990,6,Oth,0,99
1990,6,DK,0,99
1990,7,AID,0,19
1990,7,AW,0,4
1990,7,BF,0,4
1990,7,BSE,0,4
1990,7,Coa,0,1
1990,7,Com,15,9
1990,7,Cou,0,4
1990,7,Cri,12,12
1990,7,Def,4,19
1990,7,Dru,0,12
1990,7,Eco,21,1
1990,7,Edu,18,6
1990,7,Foo,0,4
1990,7,Ger,0,4
1990,7,GM,0,4
1990,7,Hea,0,3
1990,7,Hou,8,14
1990,7,Inf,19,1
1990,7,Inn,0,1
1990,7,LG,30,20
1990,7,Low,0,5
1990,7,Mor,0,20
1990,7,Nat,0,20
1990,7,NHS,30,3
1990,7,NI,1,19
1990,7,NP,0,1
1990,7,Nuc,4,19
1990,7,Pen,11,5
1990,7,Pet,0,1
1990,7,Pol,30,7
1990,7,Pou,0,1
1990,7,Pov,0,5
1990,7,Pri,0,1
1990,7,Pub,0,20
1990,7,Rac,0,9
1990,7,SA,0,19
1990,7,SWA,0,20
1990,7,Tax,0,1
1990,7,TU,0,1
1990,7,Tra,0,10
1990,7,Tsu,0,19
1990,7,Une,20,1
1990,7,Oth,0,99
1990,7,DK,0,99
1990,8,AID,1,19
1990,8,AW,0,4
1990,8,BF,0,4
1990,8,BSE,0,4
1990,8,Coa,0,1
1990,8,Com,3,9
1990,8,Cou,0,4
1990,8,Cri,10,12
1990,8,Def,31,19
1990,8,Dru,2,12
1990,8,Eco,25,1
1990,8,Edu,17,6
1990,8,Foo,0,4
1990,8,Ger,1,4
1990,8,GM,0,4
1990,8,Hea,0,3
1990,8,Hou,10,14
1990,8,Inf,32,1
1990,8,Inn,0,1
1990,8,LG,24,20
1990,8,Low,0,5
1990,8,Mor,0,20
1990,8,Nat,0,20
1990,8,NHS,28,3
1990,8,NI,1,19
1990,8,NP,1,1
1990,8,Nuc,3,19
1990,8,Pen,10,5
1990,8,Pet,0,1
1990,8,Pol,18,7
1990,8,Pou,1,1
1990,8,Pov,0,5
1990,8,Pri,2,1
1990,8,Pub,0,20
1990,8,Rac,3,9
1990,8,SA,0.25,19
1990,8,SWA,0,20
1990,8,Tax,2,1
1990,8,TU,1,1
1990,8,Tra,0,10
1990,8,Tsu,0,19
1990,8,Une,26,1
1990,8,Oth,0,99
1990,8,DK,0,99
1990,9,AID,1,19
1990,9,AW,0,4
1990,9,BF,0,4
1990,9,BSE,0,4
1990,9,Coa,0,1
1990,9,Com,3,9
1990,9,Cou,0,4
1990,9,Cri,9,12
1990,9,Def,35,19
1990,9,Dru,2,12
1990,9,Eco,26,1
1990,9,Edu,20,6
1990,9,Foo,0,4
1990,9,Ger,1,4
1990,9,GM,0,4
1990,9,Hea,0,3
1990,9,Hou,9,14
1990,9,Inf,30,1
1990,9,Inn,0,1
1990,9,LG,22,20
1990,9,Low,0,5
1990,9,Mor,0,20
1990,9,Nat,0,20
1990,9,NHS,29,3
1990,9,NI,1,19
1990,9,NP,1,1
1990,9,Nuc,2,19
1990,9,Pen,11,5
1990,9,Pet,0,1
1990,9,Pol,14,7
1990,9,Pou,1,1
1990,9,Pov,0,5
1990,9,Pri,2,1
1990,9,Pub,0,20
1990,9,Rac,3,9
1990,9,SA,0.25,19
1990,9,SWA,0,20
1990,9,Tax,2,1
1990,9,TU,0.25,1
1990,9,Tra,0,10
1990,9,Tsu,0,19
1990,9,Une,24,1
1990,9,Oth,0,99
1990,9,DK,0,99
1990,10,AID,1,19
1990,10,AW,0,4
1990,10,BF,0,4
1990,10,BSE,0,4
1990,10,Coa,0,1
1990,10,Com,5,9
1990,10,Cou,0,4
1990,10,Cri,12,12
1990,10,Def,25,19
1990,10,Dru,1,12
1990,10,Eco,25,1
1990,10,Edu,32,6
1990,10,Foo,0,4
1990,10,Ger,1,4
1990,10,GM,0,4
1990,10,Hea,0,3
1990,10,Hou,6,14
1990,10,Inf,23,1
1990,10,Inn,0,1
1990,10,LG,23,20
1990,10,Low,0,5
1990,10,Mor,0,20
1990,10,Nat,0,20
1990,10,NHS,31,3
1990,10,NI,1,19
1990,10,NP,1,1
1990,10,Nuc,2,19
1990,10,Pen,10,5
1990,10,Pet,0,1
1990,10,Pol,12,7
1990,10,Pou,2,1
1990,10,Pov,0,5
1990,10,Pri,1,1
1990,10,Pub,0,20
1990,10,Rac,2,9
1990,10,SA,0.25,19
1990,10,SWA,0,20
1990,10,Tax,2,1
1990,10,TU,0.25,1
1990,10,Tra,0,10
1990,10,Tsu,0,19
1990,10,Une,26,1
1990,10,Oth,0,99
1990,10,DK,0,99
1990,11,AID,1,19
1990,11,AW,0,4
1990,11,BF,0,4
1990,11,BSE,0,4
1990,11,Coa,0,1
1990,11,Com,18,9
1990,11,Cou,0,4
1990,11,Cri,8,12
1990,11,Def,33,19
1990,11,Dru,1,12
1990,11,Eco,23,1
1990,11,Edu,21,6
1990,11,Foo,0,4
1990,11,Ger,2,4
1990,11,GM,0,4
1990,11,Hea,0,3
1990,11,Hou,10,14
1990,11,Inf,19,1
1990,11,Inn,0,1
1990,11,LG,36,20
1990,11,Low,0,5
1990,11,Mor,0,20
1990,11,Nat,0,20
1990,11,NHS,28,3
1990,11,NI,1,19
1990,11,NP,1,1
1990,11,Nuc,2,19
1990,11,Pen,10,5
1990,11,Pet,0,1
1990,11,Pol,9,7
1990,11,Pou,1,1
1990,11,Pov,0,5
1990,11,Pri,1,1
1990,11,Pub,0,20
1990,11,Rac,1,9
1990,11,SA,0,19
1990,11,SWA,0,20
1990,11,Tax,2,1
1990,11,TU,0.25,1
1990,11,Tra,0,10
1990,11,Tsu,0,19
1990,11,Une,22,1
1990,11,Oth,0,99
1990,11,DK,0,99
1990,12,AID,2,19
1990,12,AW,0,4
1990,12,BF,0,4
1990,12,BSE,0,4
1990,12,Coa,0,1
1990,12,Com,14,9
1990,12,Cou,0,4
1990,12,Cri,9,12
1990,12,Def,29,19
1990,12,Dru,2,12
1990,12,Eco,23,1
1990,12,Edu,14,6
1990,12,Foo,0,4
1990,12,Ger,1,4
1990,12,GM,0,4
1990,12,Hea,0,3
1990,12,Hou,10,14
1990,12,Inf,17,1
1990,12,Inn,0,1
1990,12,LG,29,20
1990,12,Low,0,5
1990,12,Mor,0,20
1990,12,Nat,0,20
1990,12,NHS,24,3
1990,12,NI,1,19
1990,12,NP,0.25,1
1990,12,Nuc,2,19
1990,12,Pen,10,5
1990,12,Pet,0,1
1990,12,Pol,6,7
1990,12,Pou,1,1
1990,12,Pov,0,5
1990,12,Pri,2,1
1990,12,Pub,0,20
1990,12,Rac,2,9
1990,12,SA,0.25,19
1990,12,SWA,0,20
1990,12,Tax,2,1
1990,12,TU,0.25,1
1990,12,Tra,0,10
1990,12,Tsu,0,19
1990,12,Une,22,1
1990,12,Oth,0,99
1990,12,DK,0,99
1991,1,AID,1,19
1991,1,AW,0,4
1991,1,BF,0,4
1991,1,BSE,0,4
1991,1,Coa,0,1
1991,1,Com,4,9
1991,1,Cou,0,4
1991,1,Cri,5,12
1991,1,Def,65,19
1991,1,Dru,1,12
1991,1,Eco,28,1
1991,1,Edu,17,6
1991,1,Foo,0,4
1991,1,Ger,0.25,4
1991,1,GM,0,4
1991,1,Hea,0,3
1991,1,Hou,10,14
1991,1,Inf,19,1
1991,1,Inn,0,1
1991,1,LG,28,20
1991,1,Low,0,5
1991,1,Mor,0,20
1991,1,Nat,0,20
1991,1,NHS,27,3
1991,1,NI,1,19
1991,1,NP,0.25,1
1991,1,Nuc,3,19
1991,1,Pen,10,5
1991,1,Pet,0,1
1991,1,Pol,5,7
1991,1,Pou,1,1
1991,1,Pov,0,5
1991,1,Pri,1,1
1991,1,Pub,0,20
1991,1,Rac,2,9
1991,1,SA,0.25,19
1991,1,SWA,0,20
1991,1,Tax,1,1
1991,1,TU,0.25,1
1991,1,Tra,0,10
1991,1,Tsu,0,19
1991,1,Une,34,1
1991,1,Oth,0,99
1991,1,DK,0,99
1991,2,AID,1,19
1991,2,AW,0,4
1991,2,BF,0,4
1991,2,BSE,0,4
1991,2,Coa,0,1
1991,2,Com,3,9
1991,2,Cou,0,4
1991,2,Cri,7,12
1991,2,Def,51,19
1991,2,Dru,1,12
1991,2,Eco,33,1
1991,2,Edu,17,6
1991,2,Foo,0,4
1991,2,Ger,0.25,4
1991,2,GM,0,4
1991,2,Hea,0,3
1991,2,Hou,8,14
1991,2,Inf,19,1
1991,2,Inn,0,1
1991,2,LG,35,20
1991,2,Low,0,5
1991,2,Mor,0,20
1991,2,Nat,0,20
1991,2,NHS,23,3
1991,2,NI,2,19
1991,2,NP,0.25,1
1991,2,Nuc,0.25,19
1991,2,Pen,8,5
1991,2,Pet,0,1
1991,2,Pol,5,7
1991,2,Pou,1,1
1991,2,Pov,0,5
1991,2,Pri,1,1
1991,2,Pub,0,20
1991,2,Rac,1,9
1991,2,SA,0.25,19
1991,2,SWA,0,20
1991,2,Tax,2,1
1991,2,TU,0.25,1
1991,2,Tra,0,10
1991,2,Tsu,0,19
1991,2,Une,37,1
1991,2,Oth,0,99
1991,2,DK,0,99
1991,3,AID,1,19
1991,3,AW,0,4
1991,3,BF,0,4
1991,3,BSE,0,4
1991,3,Coa,0,1
1991,3,Com,5,9
1991,3,Cou,0,4
1991,3,Cri,7,12
1991,3,Def,6,19
1991,3,Dru,1,12
1991,3,Eco,32,1
1991,3,Edu,18,6
1991,3,Foo,0,4
1991,3,Ger,0.25,4
1991,3,GM,0,4
1991,3,Hea,0,3
1991,3,Hou,8,14
1991,3,Inf,22,1
1991,3,Inn,0,1
1991,3,LG,38,20
1991,3,Low,0,5
1991,3,Mor,0,20
1991,3,Nat,0,20
1991,3,NHS,24,3
1991,3,NI,0.25,19
1991,3,NP,0.25,1
1991,3,Nuc,0.25,19
1991,3,Pen,9,5
1991,3,Pet,0,1
1991,3,Pol,9,7
1991,3,Pou,1,1
1991,3,Pov,0,5
1991,3,Pri,1,1
1991,3,Pub,0,20
1991,3,Rac,1,9
1991,3,SA,0.25,19
1991,3,SWA,0,20
1991,3,Tax,3,1
1991,3,TU,0.25,1
1991,3,Tra,0,10
1991,3,Tsu,0,19
1991,3,Une,38,1
1991,3,Oth,0,99
1991,3,DK,0,99
1991,4,AID,0,19
1991,4,AW,0,4
1991,4,BF,0,4
1991,4,BSE,0,4
1991,4,Coa,0,1
1991,4,Com,4,9
1991,4,Cou,0,4
1991,4,Cri,15,12
1991,4,Def,10,19
1991,4,Dru,0,12
1991,4,Eco,27,1
1991,4,Edu,20,6
1991,4,Foo,0,4
1991,4,Ger,0,4
1991,4,GM,0,4
1991,4,Hea,0,3
1991,4,Hou,10,14
1991,4,Inf,21,1
1991,4,Inn,0,1
1991,4,LG,27,20
1991,4,Low,0,5
1991,4,Mor,0,20
1991,4,Nat,0,20
1991,4,NHS,29,3
1991,4,NI,1,19
1991,4,NP,0,1
1991,4,Nuc,1,19
1991,4,Pen,10,5
1991,4,Pet,0,1
1991,4,Pol,10,7
1991,4,Pou,0,1
1991,4,Pov,0,5
1991,4,Pri,0,1
1991,4,Pub,0,20
1991,4,Rac,0,9
1991,4,SA,0,19
1991,4,SWA,0,20
1991,4,Tax,0,1
1991,4,TU,0,1
1991,4,Tra,0,10
1991,4,Tsu,0,19
1991,4,Une,48,1
1991,4,Oth,0,99
1991,4,DK,0,99
1991,5,AID,0,19
1991,5,AW,0,4
1991,5,BF,0,4
1991,5,BSE,0,4
1991,5,Coa,0,1
1991,5,Com,5,9
1991,5,Cou,0,4
1991,5,Cri,14,12
1991,5,Def,4,19
1991,5,Dru,0,12
1991,5,Eco,28,1
1991,5,Edu,25,6
1991,5,Foo,0,4
1991,5,Ger,0,4
1991,5,GM,0,4
1991,5,Hea,0,3
1991,5,Hou,7,14
1991,5,Inf,16,1
1991,5,Inn,0,1
1991,5,LG,13,20
1991,5,Low,0,5
1991,5,Mor,0,20
1991,5,Nat,0,20
1991,5,NHS,51,3
1991,5,NI,0.25,19
1991,5,NP,0,1
1991,5,Nuc,1,19
1991,5,Pen,7,5
1991,5,Pet,0,1
1991,5,Pol,9,7
1991,5,Pou,0,1
1991,5,Pov,0,5
1991,5,Pri,0,1
1991,5,Pub,0,20
1991,5,Rac,0,9
1991,5,SA,0,19
1991,5,SWA,0,20
1991,5,Tax,0,1
1991,5,TU,0,1
1991,5,Tra,0,10
1991,5,Tsu,0,19
1991,5,Une,45,1
1991,5,Oth,0,99
1991,5,DK,0,99
1991,6,AID,0,19
1991,6,AW,0,4
1991,6,BF,0,4
1991,6,BSE,0,4
1991,6,Coa,0,1
1991,6,Com,18,9
1991,6,Cou,0,4
1991,6,Cri,9,12
1991,6,Def,4,19
1991,6,Dru,0,12
1991,6,Eco,28,1
1991,6,Edu,20,6
1991,6,Foo,0,4
1991,6,Ger,0,4
1991,6,GM,0,4
1991,6,Hea,0,3
1991,6,Hou,11,14
1991,6,Inf,18,1
1991,6,Inn,0,1
1991,6,LG,13,20
1991,6,Low,0,5
1991,6,Mor,0,20
1991,6,Nat,0,20
1991,6,NHS,40,3
1991,6,NI,0.25,19
1991,6,NP,0,1
1991,6,Nuc,1,19
1991,6,Pen,7,5
1991,6,Pet,0,1
1991,6,Pol,8,7
1991,6,Pou,0,1
1991,6,Pov,0,5
1991,6,Pri,0,1
1991,6,Pub,0,20
1991,6,Rac,0,9
1991,6,SA,0,19
1991,6,SWA,0,20
1991,6,Tax,0,1
1991,6,TU,0,1
1991,6,Tra,0,10
1991,6,Tsu,0,19
1991,6,Une,52,1
1991,6,Oth,0,99
1991,6,DK,0,99
1991,7,AID,0,19
1991,7,AW,0,4
1991,7,BF,0,4
1991,7,BSE,0,4
1991,7,Coa,0,1
1991,7,Com,8,9
1991,7,Cou,0,4
1991,7,Cri,13,12
1991,7,Def,6,19
1991,7,Dru,0,12
1991,7,Eco,34,1
1991,7,Edu,17,6
1991,7,Foo,0,4
1991,7,Ger,0,4
1991,7,GM,0,4
1991,7,Hea,0,3
1991,7,Hou,9,14
1991,7,Inf,14,1
1991,7,Inn,0,1
1991,7,LG,11,20
1991,7,Low,0,5
1991,7,Mor,0,20
1991,7,Nat,0,20
1991,7,NHS,33,3
1991,7,NI,0.25,19
1991,7,NP,0,1
1991,7,Nuc,2,19
1991,7,Pen,7,5
1991,7,Pet,0,1
1991,7,Pol,18,7
1991,7,Pou,0,1
1991,7,Pov,0,5
1991,7,Pri,0,1
1991,7,Pub,0,20
1991,7,Rac,0,9
1991,7,SA,0,19
1991,7,SWA,0,20
1991,7,Tax,0,1
1991,7,TU,0,1
1991,7,Tra,0,10
1991,7,Tsu,0,19
1991,7,Une,53,1
1991,7,Oth,0,99
1991,7,DK,0,99
1991,8,AID,0,19
1991,8,AW,0,4
1991,8,BF,0,4
1991,8,BSE,0,4
1991,8,Coa,0,1
1991,8,Com,6,9
1991,8,Cou,0,4
1991,8,Cri,13,12
1991,8,Def,9,19
1991,8,Dru,0,12
1991,8,Eco,34,1
1991,8,Edu,19,6
1991,8,Foo,0,4
1991,8,Ger,0,4
1991,8,GM,0,4
1991,8,Hea,0,3
1991,8,Hou,13,14
1991,8,Inf,17,1
1991,8,Inn,0,1
1991,8,LG,11,20
1991,8,Low,0,5
1991,8,Mor,0,20
1991,8,Nat,0,20
1991,8,NHS,34,3
1991,8,NI,0.25,19
1991,8,NP,0,1
1991,8,Nuc,2,19
1991,8,Pen,8,5
1991,8,Pet,0,1
1991,8,Pol,8,7
1991,8,Pou,0,1
1991,8,Pov,0,5
1991,8,Pri,0,1
1991,8,Pub,0,20
1991,8,Rac,0,9
1991,8,SA,0,19
1991,8,SWA,0,20
1991,8,Tax,0,1
1991,8,TU,0,1
1991,8,Tra,0,10
1991,8,Tsu,0,19
1991,8,Une,54,1
1991,8,Oth,0,99
1991,8,DK,0,99
1991,9,AID,0,19
1991,9,AW,0,4
1991,9,BF,0,4
1991,9,BSE,0,4
1991,9,Coa,0,1
1991,9,Com,8,9
1991,9,Cou,0,4
1991,9,Cri,23,12
1991,9,Def,6,19
1991,9,Dru,0,12
1991,9,Eco,26,1
1991,9,Edu,26,6
1991,9,Foo,0,4
1991,9,Ger,0,4
1991,9,GM,0,4
1991,9,Hea,0,3
1991,9,Hou,9,14
1991,9,Inf,12,1
1991,9,Inn,0,1
1991,9,LG,9,20
1991,9,Low,0,5
1991,9,Mor,0,20
1991,9,Nat,0,20
1991,9,NHS,45,3
1991,9,NI,0.25,19
1991,9,NP,0,1
1991,9,Nuc,1,19
1991,9,Pen,9,5
1991,9,Pet,0,1
1991,9,Pol,7,7
1991,9,Pou,0,1
1991,9,Pov,0,5
1991,9,Pri,0,1
1991,9,Pub,0,20
1991,9,Rac,0,9
1991,9,SA,0,19
1991,9,SWA,0,20
1991,9,Tax,0,1
1991,9,TU,0,1
1991,9,Tra,0,10
1991,9,Tsu,0,19
1991,9,Une,54,1
1991,9,Oth,0,99
1991,9,DK,0,99
1991,10,AID,0,19
1991,10,AW,0,4
1991,10,BF,0,4
1991,10,BSE,0,4
1991,10,Coa,0,1
1991,10,Com,9,9
1991,10,Cou,0,4
1991,10,Cri,15,12
1991,10,Def,8,19
1991,10,Dru,0,12
1991,10,Eco,24,1
1991,10,Edu,21,6
1991,10,Foo,0,4
1991,10,Ger,0,4
1991,10,GM,0,4
1991,10,Hea,0,3
1991,10,Hou,9,14
1991,10,Inf,11,1
1991,10,Inn,0,1
1991,10,LG,8,20
1991,10,Low,0,5
1991,10,Mor,0,20
1991,10,Nat,0,20
1991,10,NHS,51,3
1991,10,NI,1,19
1991,10,NP,0,1
1991,10,Nuc,2,19
1991,10,Pen,10,5
1991,10,Pet,0,1
1991,10,Pol,10,7
1991,10,Pou,0,1
1991,10,Pov,0,5
1991,10,Pri,0,1
1991,10,Pub,0,20
1991,10,Rac,0,9
1991,10,SA,0,19
1991,10,SWA,0,20
1991,10,Tax,0,1
1991,10,TU,0,1
1991,10,Tra,0,10
1991,10,Tsu,0,19
1991,10,Une,54,1
1991,10,Oth,0,99
1991,10,DK,0,99
1991,11,AID,0,19
1991,11,AW,0,4
1991,11,BF,0,4
1991,11,BSE,0,4
1991,11,Coa,0,1
1991,11,Com,32,9
1991,11,Cou,0,4
1991,11,Cri,12,12
1991,11,Def,4,19
1991,11,Dru,0,12
1991,11,Eco,28,1
1991,11,Edu,24,6
1991,11,Foo,0,4
1991,11,Ger,0,4
1991,11,GM,0,4
1991,11,Hea,0,3
1991,11,Hou,9,14
1991,11,Inf,9,1
1991,11,Inn,0,1
1991,11,LG,10,20
1991,11,Low,0,5
1991,11,Mor,0,20
1991,11,Nat,0,20
1991,11,NHS,42,3
1991,11,NI,1,19
1991,11,NP,0,1
1991,11,Nuc,2,19
1991,11,Pen,10,5
1991,11,Pet,0,1
1991,11,Pol,7,7
1991,11,Pou,0,1
1991,11,Pov,0,5
1991,11,Pri,0,1
1991,11,Pub,0,20
1991,11,Rac,0,9
1991,11,SA,0,19
1991,11,SWA,0,20
1991,11,Tax,0,1
1991,11,TU,0,1
1991,11,Tra,0,10
1991,11,Tsu,0,19
1991,11,Une,48,1
1991,11,Oth,0,99
1991,11,DK,0,99
1991,12,AID,0,19
1991,12,AW,0,4
1991,12,BF,0,4
1991,12,BSE,0,4
1991,12,Coa,0,1
1991,12,Com,24,9
1991,12,Cou,0,4
1991,12,Cri,15,12
1991,12,Def,6,19
1991,12,Dru,0,12
1991,12,Eco,31,1
1991,12,Edu,17,6
1991,12,Foo,0,4
1991,12,Ger,0,4
1991,12,GM,0,4
1991,12,Hea,0,3
1991,12,Hou,17,14
1991,12,Inf,10,1
1991,12,Inn,0,1
1991,12,LG,9,20
1991,12,Low,0,5
1991,12,Mor,0,20
1991,12,Nat,0,20
1991,12,NHS,34,3
1991,12,NI,1,19
1991,12,NP,0,1
1991,12,Nuc,2,19
1991,12,Pen,8,5
1991,12,Pet,0,1
1991,12,Pol,4,7
1991,12,Pou,0,1
1991,12,Pov,0,5
1991,12,Pri,0,1
1991,12,Pub,0,20
1991,12,Rac,0,9
1991,12,SA,0,19
1991,12,SWA,0,20
1991,12,Tax,0,1
1991,12,TU,0,1
1991,12,Tra,0,10
1991,12,Tsu,0,19
1991,12,Une,41,1
1991,12,Oth,0,99
1991,12,DK,0,99
1992,1,AID,0,19
1992,1,AW,0,4
1992,1,BF,0,4
1992,1,BSE,0,4
1992,1,Coa,0,1
1992,1,Com,12,9
1992,1,Cou,0,4
1992,1,Cri,11,12
1992,1,Def,6,19
1992,1,Dru,0,12
1992,1,Eco,37,1
1992,1,Edu,24,6
1992,1,Foo,0,4
1992,1,Ger,0,4
1992,1,GM,0,4
1992,1,Hea,0,3
1992,1,Hou,12,14
1992,1,Inf,11,1
1992,1,Inn,0,1
1992,1,LG,8,20
1992,1,Low,0,5
1992,1,Mor,0,20
1992,1,Nat,0,20
1992,1,NHS,43,3
1992,1,NI,2,19
1992,1,NP,0,1
1992,1,Nuc,3,19
1992,1,Pen,9,5
1992,1,Pet,0,1
1992,1,Pol,5,7
1992,1,Pou,0,1
1992,1,Pov,0,5
1992,1,Pri,0,1
1992,1,Pub,0,20
1992,1,Rac,0,9
1992,1,SA,0,19
1992,1,SWA,0,20
1992,1,Tax,0,1
1992,1,TU,0,1
1992,1,Tra,0,10
1992,1,Tsu,0,19
1992,1,Une,54,1
1992,1,Oth,0,99
1992,1,DK,0,99
1992,2,AID,0,19
1992,2,AW,0,4
1992,2,BF,0,4
1992,2,BSE,0,4
1992,2,Coa,0,1
1992,2,Com,9,9
1992,2,Cou,0,4
1992,2,Cri,13,12
1992,2,Def,4,19
1992,2,Dru,0,12
1992,2,Eco,40,1
1992,2,Edu,27,6
1992,2,Foo,0,4
1992,2,Ger,0,4
1992,2,GM,0,4
1992,2,Hea,0,3
1992,2,Hou,11,14
1992,2,Inf,10,1
1992,2,Inn,0,1
1992,2,LG,9,20
1992,2,Low,0,5
1992,2,Mor,0,20
1992,2,Nat,0,20
1992,2,NHS,49,3
1992,2,NI,2,19
1992,2,NP,0,1
1992,2,Nuc,1,19
1992,2,Pen,10,5
1992,2,Pet,0,1
1992,2,Pol,7,7
1992,2,Pou,0,1
1992,2,Pov,0,5
1992,2,Pri,0,1
1992,2,Pub,0,20
1992,2,Rac,0,9
1992,2,SA,0,19
1992,2,SWA,0,20
1992,2,Tax,0,1
1992,2,TU,0,1
1992,2,Tra,0,10
1992,2,Tsu,0,19
1992,2,Une,56,1
1992,2,Oth,0,99
1992,2,DK,0,99
1992,4,AID,0,19
1992,4,AW,0,4
1992,4,BF,0,4
1992,4,BSE,0,4
1992,4,Coa,0,1
1992,4,Com,10,9
1992,4,Cou,0,4
1992,4,Cri,11,12
1992,4,Def,3,19
1992,4,Dru,0,12
1992,4,Eco,32,1
1992,4,Edu,27,6
1992,4,Foo,0,4
1992,4,Ger,0,4
1992,4,GM,0,4
1992,4,Hea,0,3
1992,4,Hou,9,14
1992,4,Inf,8,1
1992,4,Inn,0,1
1992,4,LG,7,20
1992,4,Low,0,5
1992,4,Mor,0,20
1992,4,Nat,0,20
1992,4,NHS,41,3
1992,4,NI,1,19
1992,4,NP,0,1
1992,4,Nuc,1,19
1992,4,Pen,8,5
1992,4,Pet,0,1
1992,4,Pol,10,7
1992,4,Pou,0,1
1992,4,Pov,0,5
1992,4,Pri,0,1
1992,4,Pub,0,20
1992,4,Rac,0,9
1992,4,SA,0,19
1992,4,SWA,0,20
1992,4,Tax,0,1
1992,4,TU,0,1
1992,4,Tra,0,10
1992,4,Tsu,0,19
1992,4,Une,53,1
1992,4,Oth,0,99
1992,4,DK,0,99
1992,5,AID,2,19
1992,5,AW,0,4
1992,5,BF,0,4
1992,5,BSE,0,4
1992,5,Coa,0,1
1992,5,Com,14,9
1992,5,Cou,0,4
1992,5,Cri,15,12
1992,5,Def,4,19
1992,5,Dru,2,12
1992,5,Eco,27,1
1992,5,Edu,23,6
1992,5,Foo,0,4
1992,5,Ger,1,4
1992,5,GM,0,4
1992,5,Hea,0,3
1992,5,Hou,11,14
1992,5,Inf,9,1
1992,5,Inn,0,1
1992,5,LG,7,20
1992,5,Low,0,5
1992,5,Mor,0,20
1992,5,Nat,0,20
1992,5,NHS,32,3
1992,5,NI,1,19
1992,5,NP,0,1
1992,5,Nuc,1,19
1992,5,Pen,8,5
1992,5,Pet,0,1
1992,5,Pol,13,7
1992,5,Pou,0.25,1
1992,5,Pov,0,5
1992,5,Pri,2,1
1992,5,Pub,0,20
1992,5,Rac,5,9
1992,5,SA,0.25,19
1992,5,SWA,0,20
1992,5,Tax,1,1
1992,5,TU,0.25,1
1992,5,Tra,0,10
1992,5,Tsu,0,19
1992,5,Une,57,1
1992,5,Oth,0,99
1992,5,DK,0,99
1992,6,AID,1,19
1992,6,AW,0,4
1992,6,BF,0,4
1992,6,BSE,0,4
1992,6,Coa,0,1
1992,6,Com,17,9
1992,6,Cou,0,4
1992,6,Cri,16,12
1992,6,Def,3,19
1992,6,Dru,2,12
1992,6,Eco,26,1
1992,6,Edu,21,6
1992,6,Foo,0,4
1992,6,Ger,1,4
1992,6,GM,0,4
1992,6,Hea,0,3
1992,6,Hou,11,14
1992,6,Inf,9,1
1992,6,Inn,0,1
1992,6,LG,5,20
1992,6,Low,0,5
1992,6,Mor,0,20
1992,6,Nat,0,20
1992,6,NHS,30,3
1992,6,NI,1,19
1992,6,NP,0,1
1992,6,Nuc,2,19
1992,6,Pen,9,5
1992,6,Pet,0,1
1992,6,Pol,15,7
1992,6,Pou,1,1
1992,6,Pov,0,5
1992,6,Pri,1,1
1992,6,Pub,0,20
1992,6,Rac,4,9
1992,6,SA,0.25,19
1992,6,SWA,0,20
1992,6,Tax,1,1
1992,6,TU,0.25,1
1992,6,Tra,0,10
1992,6,Tsu,0,19
1992,6,Une,57,1
1992,6,Oth,0,99
1992,6,DK,0,99
1992,7,AID,0,19
1992,7,AW,0,4
1992,7,BF,0,4
1992,7,BSE,0,4
1992,7,Coa,0,1
1992,7,Com,10,9
1992,7,Cou,0,4
1992,7,Cri,17,12
1992,7,Def,3,19
1992,7,Dru,0,12
1992,7,Eco,35,1
1992,7,Edu,20,6
1992,7,Foo,0,4
1992,7,Ger,0,4
1992,7,GM,0,4
1992,7,Hea,0,3
1992,7,Hou,12,14
1992,7,Inf,7,1
1992,7,Inn,0,1
1992,7,LG,5,20
1992,7,Low,0,5
1992,7,Mor,0,20
1992,7,Nat,0,20
1992,7,NHS,28,3
1992,7,NI,0.25,19
1992,7,NP,0,1
1992,7,Nuc,1,19
1992,7,Pen,7,5
1992,7,Pet,0,1
1992,7,Pol,14,7
1992,7,Pou,0,1
1992,7,Pov,0,5
1992,7,Pri,0,1
1992,7,Pub,0,20
1992,7,Rac,0,9
1992,7,SA,0,19
1992,7,SWA,0,20
1992,7,Tax,0,1
1992,7,TU,0,1
1992,7,Tra,0,10
1992,7,Tsu,0,19
1992,7,Une,61,1
1992,7,Oth,0,99
1992,7,DK,0,99
1992,8,AID,2,19
1992,8,AW,0,4
1992,8,BF,0,4
1992,8,BSE,0,4
1992,8,Coa,0,1
1992,8,Com,10,9
1992,8,Cou,0,4
1992,8,Cri,14,12
1992,8,Def,7,19
1992,8,Dru,2,12
1992,8,Eco,44,1
1992,8,Edu,18,6
1992,8,Foo,0,4
1992,8,Ger,2,4
1992,8,GM,0,4
1992,8,Hea,0,3
1992,8,Hou,15,14
1992,8,Inf,13,1
1992,8,Inn,0,1
1992,8,LG,7,20
1992,8,Low,0,5
1992,8,Mor,0,20
1992,8,Nat,0,20
1992,8,NHS,26,3
1992,8,NI,1,19
1992,8,NP,0,1
1992,8,Nuc,2,19
1992,8,Pen,7,5
1992,8,Pet,0,1
1992,8,Pol,8,7
1992,8,Pou,4,1
1992,8,Pov,0,5
1992,8,Pri,2,1
1992,8,Pub,0,20
1992,8,Rac,6,9
1992,8,SA,0.25,19
1992,8,SWA,0.25,20
1992,8,Tax,1,1
1992,8,TU,1,1
1992,8,Tra,0,10
1992,8,Tsu,0,19
1992,8,Une,64,1
1992,8,Oth,0,99
1992,8,DK,0,99
1992,9,AID,1,19
1992,9,AW,0,4
1992,9,BF,0,4
1992,9,BSE,0,4
1992,9,Coa,0,1
1992,9,Com,22,9
1992,9,Cou,0,4
1992,9,Cri,11,12
1992,9,Def,3,19
1992,9,Dru,1,12
1992,9,Eco,53,1
1992,9,Edu,17,6
1992,9,Foo,0,4
1992,9,Ger,1,4
1992,9,GM,0,4
1992,9,Hea,0,3
1992,9,Hou,13,14
1992,9,Inf,9,1
1992,9,Inn,0,1
1992,9,LG,3,20
1992,9,Low,0,5
1992,9,Mor,0,20
1992,9,Nat,0,20
1992,9,NHS,21,3
1992,9,NI,0.25,19
1992,9,NP,0,1
1992,9,Nuc,1,19
1992,9,Pen,6,5
1992,9,Pet,0,1
1992,9,Pol,7,7
1992,9,Pou,4,1
1992,9,Pov,0,5
1992,9,Pri,1,1
1992,9,Pub,0,20
1992,9,Rac,3,9
1992,9,SA,0.25,19
1992,9,SWA,0,20
1992,9,Tax,1,1
1992,9,TU,0.25,1
1992,9,Tra,0,10
1992,9,Tsu,0,19
1992,9,Une,61,1
1992,9,Oth,0,99
1992,9,DK,0,99
1992,10,AID,1,19
1992,10,AW,0,4
1992,10,BF,0,4
1992,10,BSE,0,4
1992,10,Coa,0,1
1992,10,Com,19,9
1992,10,Cou,0,4
1992,10,Cri,9,12
1992,10,Def,2,19
1992,10,Dru,1,12
1992,10,Eco,50,1
1992,10,Edu,14,6
1992,10,Foo,0,4
1992,10,Ger,1,4
1992,10,GM,0,4
1992,10,Hea,0,3
1992,10,Hou,10,14
1992,10,Inf,9,1
1992,10,Inn,0,1
1992,10,LG,3,20
1992,10,Low,0,5
1992,10,Mor,0,20
1992,10,Nat,0,20
1992,10,NHS,27,3
1992,10,NI,0.25,19
1992,10,NP,0,1
1992,10,Nuc,0.25,19
1992,10,Pen,7,5
1992,10,Pet,0,1
1992,10,Pol,4,7
1992,10,Pou,2,1
1992,10,Pov,0,5
1992,10,Pri,2,1
1992,10,Pub,0,20
1992,10,Rac,2,9
1992,10,SA,0,19
1992,10,SWA,0,20
1992,10,Tax,0.25,1
1992,10,TU,8,1
1992,10,Tra,0,10
1992,10,Tsu,0,19
1992,10,Une,74,1
1992,10,Oth,0,99
1992,10,DK,0,99
1992,11,AID,2,19
1992,11,AW,0,4
1992,11,BF,0,4
1992,11,BSE,0,4
1992,11,Coa,0,1
1992,11,Com,19,9
1992,11,Cou,0,4
1992,11,Cri,12,12
1992,11,Def,2,19
1992,11,Dru,0,12
1992,11,Eco,47,1
1992,11,Edu,16,6
1992,11,Foo,0,4
1992,11,Ger,1,4
1992,11,GM,0,4
1992,11,Hea,0,3
1992,11,Hou,15,14
1992,11,Inf,8,1
1992,11,Inn,0,1
1992,11,LG,5,20
1992,11,Low,0,5
1992,11,Mor,0,20
1992,11,Nat,0,20
1992,11,NHS,27,3
1992,11,NI,1,19
1992,11,NP,0,1
1992,11,Nuc,0.25,19
1992,11,Pen,7,5
1992,11,Pet,0,1
1992,11,Pol,5,7
1992,11,Pou,3,1
1992,11,Pov,0,5
1992,11,Pri,2,1
1992,11,Pub,0,20
1992,11,Rac,4,9
1992,11,SA,0.25,19
1992,11,SWA,0,20
1992,11,Tax,1,1
1992,11,TU,1,1
1992,11,Tra,0,10
1992,11,Tsu,0,19
1992,11,Une,71,1
1992,11,Oth,0,99
1992,11,DK,0,99
1992,12,AID,2,19
1992,12,AW,0,4
1992,12,BF,0,4
1992,12,BSE,0,4
1992,12,Coa,0,1
1992,12,Com,24,9
1992,12,Cou,0,4
1992,12,Cri,12,12
1992,12,Def,3,19
1992,12,Dru,2,12
1992,12,Eco,41,1
1992,12,Edu,15,6
1992,12,Foo,0,4
1992,12,Ger,1,4
1992,12,GM,0,4
1992,12,Hea,0,3
1992,12,Hou,17,14
1992,12,Inf,7,1
1992,12,Inn,0,1
1992,12,LG,2,20
1992,12,Low,0,5
1992,12,Mor,0,20
1992,12,Nat,0,20
1992,12,NHS,24,3
1992,12,NI,0.25,19
1992,12,NP,0,1
1992,12,Nuc,0.25,19
1992,12,Pen,7,5
1992,12,Pet,0,1
1992,12,Pol,3,7
1992,12,Pou,1,1
1992,12,Pov,0,5
1992,12,Pri,2,1
1992,12,Pub,0,20
1992,12,Rac,3,9
1992,12,SA,0,19
1992,12,SWA,0,20
1992,12,Tax,1,1
1992,12,TU,0.25,1
1992,12,Tra,0,10
1992,12,Tsu,0,19
1992,12,Une,72,1
1992,12,Oth,0,99
1992,12,DK,0,99
1993,1,AID,2,19
1993,1,AW,0,4
1993,1,BF,0,4
1993,1,BSE,0,4
1993,1,Coa,3,1
1993,1,Com,8,9
1993,1,Cou,0,4
1993,1,Cri,17,12
1993,1,Def,9,19
1993,1,Dru,2,12
1993,1,Eco,37,1
1993,1,Edu,16,6
1993,1,Foo,0,4
1993,1,Ger,1,4
1993,1,GM,0,4
1993,1,Hea,0,3
1993,1,Hou,10,14
1993,1,Inf,5,1
1993,1,Inn,0,1
1993,1,LG,3,20
1993,1,Low,0,5
1993,1,Mor,0,20
1993,1,Nat,0,20
1993,1,NHS,28,3
1993,1,NI,0.25,19
1993,1,NP,0,1
1993,1,Nuc,1,19
1993,1,Pen,7,5
1993,1,Pet,0,1
1993,1,Pol,4,7
1993,1,Pou,1,1
1993,1,Pov,0,5
1993,1,Pri,3,1
1993,1,Pub,0,20
1993,1,Rac,2,9
1993,1,SA,0.25,19
1993,1,SWA,0,20
1993,1,Tax,1,1
1993,1,TU,0.25,1
1993,1,Tra,0,10
1993,1,Tsu,0,19
1993,1,Une,79,1
1993,1,Oth,0,99
1993,1,DK,0,99
1993,2,AID,1,19
1993,2,AW,0,4
1993,2,BF,0,4
1993,2,BSE,0,4
1993,2,Coa,1,1
1993,2,Com,10,9
1993,2,Cou,0,4
1993,2,Cri,33,12
1993,2,Def,3,19
1993,2,Dru,2,12
1993,2,Eco,31,1
1993,2,Edu,20,6
1993,2,Foo,0,4
1993,2,Ger,1,4
1993,2,GM,0,4
1993,2,Hea,0,3
1993,2,Hou,9,14
1993,2,Inf,4,1
1993,2,Inn,0,1
1993,2,LG,2,20
1993,2,Low,0,5
1993,2,Mor,0,20
1993,2,Nat,0,20
1993,2,NHS,30,3
1993,2,NI,0.25,19
1993,2,NP,0,1
1993,2,Nuc,0.25,19
1993,2,Pen,7,5
1993,2,Pet,0,1
1993,2,Pol,5,7
1993,2,Pou,1,1
1993,2,Pov,0,5
1993,2,Pri,2,1
1993,2,Pub,0,20
1993,2,Rac,2,9
1993,2,SA,0.25,19
1993,2,SWA,0,20
1993,2,Tax,1,1
1993,2,TU,1,1
1993,2,Tra,0,10
1993,2,Tsu,0,19
1993,2,Une,81,1
1993,2,Oth,0,99
1993,2,DK,0,99
1993,3,AID,1,19
1993,3,AW,0,4
1993,3,BF,0,4
1993,3,BSE,0,4
1993,3,Coa,2,1
1993,3,Com,10,9
1993,3,Cou,0,4
1993,3,Cri,34,12
1993,3,Def,3,19
1993,3,Dru,2,12
1993,3,Eco,33,1
1993,3,Edu,18,6
1993,3,Foo,0,4
1993,3,Ger,1,4
1993,3,GM,0,4
1993,3,Hea,0,3
1993,3,Hou,10,14
1993,3,Inf,8,1
1993,3,Inn,0,1
1993,3,LG,3,20
1993,3,Low,0,5
1993,3,Mor,0,20
1993,3,Nat,0,20
1993,3,NHS,24,3
1993,3,NI,3,19
1993,3,NP,0,1
1993,3,Nuc,1,19
1993,3,Pen,9,5
1993,3,Pet,0,1
1993,3,Pol,4,7
1993,3,Pou,1,1
1993,3,Pov,0,5
1993,3,Pri,1,1
1993,3,Pub,0,20
1993,3,Rac,2,9
1993,3,SA,0.25,19
1993,3,SWA,0,20
1993,3,Tax,2,1
1993,3,TU,0.25,1
1993,3,Tra,0,10
1993,3,Tsu,0,19
1993,3,Une,78,1
1993,3,Oth,0,99
1993,3,DK,0,99
1993,4,AID,1,19
1993,4,AW,0,4
1993,4,BF,0,4
1993,4,BSE,0,4
1993,4,Coa,1,1
1993,4,Com,9,9
1993,4,Cou,0,4
1993,4,Cri,26,12
1993,4,Def,8,19
1993,4,Dru,2,12
1993,4,Eco,36,1
1993,4,Edu,19,6
1993,4,Foo,0,4
1993,4,Ger,1,4
1993,4,GM,0,4
1993,4,Hea,0,3
1993,4,Hou,10,14
1993,4,Inf,6,1
1993,4,Inn,0,1
1993,4,LG,2,20
1993,4,Low,0,5
1993,4,Mor,0,20
1993,4,Nat,0,20
1993,4,NHS,24,3
1993,4,NI,2,19
1993,4,NP,0,1
1993,4,Nuc,1,19
1993,4,Pen,10,5
1993,4,Pet,0,1
1993,4,Pol,5,7
1993,4,Pou,0.25,1
1993,4,Pov,0,5
1993,4,Pri,2,1
1993,4,Pub,0,20
1993,4,Rac,3,9
1993,4,SA,0.25,19
1993,4,SWA,0,20
1993,4,Tax,1,1
1993,4,TU,1,1
1993,4,Tra,0,10
1993,4,Tsu,0,19
1993,4,Une,73,1
1993,4,Oth,0,99
1993,4,DK,0,99
1993,5,AID,1,19
1993,5,AW,0,4
1993,5,BF,0,4
1993,5,BSE,0,4
1993,5,Coa,1,1
1993,5,Com,13,9
1993,5,Cou,0,4
1993,5,Cri,24,12
1993,5,Def,5,19
1993,5,Dru,2,12
1993,5,Eco,30,1
1993,5,Edu,19,6
1993,5,Foo,0,4
1993,5,Ger,0.25,4
1993,5,GM,0,4
1993,5,Hea,0,3
1993,5,Hou,8,14
1993,5,Inf,6,1
1993,5,Inn,0,1
1993,5,LG,2,20
1993,5,Low,0,5
1993,5,Mor,0,20
1993,5,Nat,0,20
1993,5,NHS,41,3
1993,5,NI,1,19
1993,5,NP,0,1
1993,5,Nuc,0.25,19
1993,5,Pen,12,5
1993,5,Pet,0,1
1993,5,Pol,3,7
1993,5,Pou,1,1
1993,5,Pov,0,5
1993,5,Pri,4,1
1993,5,Pub,0,20
1993,5,Rac,3,9
1993,5,SA,0.25,19
1993,5,SWA,0,20
1993,5,Tax,2,1
1993,5,TU,0.25,1
1993,5,Tra,0,10
1993,5,Tsu,0,19
1993,5,Une,68,1
1993,5,Oth,0,99
1993,5,DK,0,99
1993,6,AID,1,19
1993,6,AW,0,4
1993,6,BF,0,4
1993,6,BSE,0,4
1993,6,Coa,1,1
1993,6,Com,9,9
1993,6,Cou,0,4
1993,6,Cri,20,12
1993,6,Def,6,19
1993,6,Dru,2,12
1993,6,Eco,36,1
1993,6,Edu,21,6
1993,6,Foo,0,4
1993,6,Ger,0.25,4
1993,6,GM,0,4
1993,6,Hea,0,3
1993,6,Hou,9,14
1993,6,Inf,6,1
1993,6,Inn,0,1
1993,6,LG,2,20
1993,6,Low,0,5
1993,6,Mor,0,20
1993,6,Nat,0,20
1993,6,NHS,37,3
1993,6,NI,1,19
1993,6,NP,0,1
1993,6,Nuc,0.25,19
1993,6,Pen,10,5
1993,6,Pet,0,1
1993,6,Pol,4,7
1993,6,Pou,1,1
1993,6,Pov,0,5
1993,6,Pri,2,1
1993,6,Pub,0,20
1993,6,Rac,4,9
1993,6,SA,0.25,19
1993,6,SWA,0,20
1993,6,Tax,2,1
1993,6,TU,0.25,1
1993,6,Tra,0,10
1993,6,Tsu,0,19
1993,6,Une,69,1
1993,6,Oth,0,99
1993,6,DK,0,99
1993,7,AID,2,19
1993,7,AW,0,4
1993,7,BF,0,4
1993,7,BSE,0,4
1993,7,Coa,0,1
1993,7,Com,19,9
1993,7,Cou,0,4
1993,7,Cri,24,12
1993,7,Def,4,19
1993,7,Dru,3,12
1993,7,Eco,31,1
1993,7,Edu,18,6
1993,7,Foo,0,4
1993,7,Ger,1,4
1993,7,GM,0,4
1993,7,Hea,0,3
1993,7,Hou,8,14
1993,7,Inf,5,1
1993,7,Inn,0,1
1993,7,LG,1,20
1993,7,Low,0,5
1993,7,Mor,0,20
1993,7,Nat,0,20
1993,7,NHS,32,3
1993,7,NI,1,19
1993,7,NP,0,1
1993,7,Nuc,1,19
1993,7,Pen,11,5
1993,7,Pet,0,1
1993,7,Pol,7,7
1993,7,Pou,0,1
1993,7,Pov,0,5
1993,7,Pri,2,1
1993,7,Pub,0,20
1993,7,Rac,0,9
1993,7,SA,0,19
1993,7,SWA,0,20
1993,7,Tax,3,1
1993,7,TU,0,1
1993,7,Tra,0,10
1993,7,Tsu,0,19
1993,7,Une,66,1
1993,7,Oth,0,99
1993,7,DK,0,99
1993,8,AID,1,19
1993,8,AW,0,4
1993,8,BF,0,4
1993,8,BSE,0,4
1993,8,Coa,1,1
1993,8,Com,10,9
1993,8,Cou,0,4
1993,8,Cri,25,12
1993,8,Def,6,19
1993,8,Dru,2,12
1993,8,Eco,32,1
1993,8,Edu,21,6
1993,8,Foo,0,4
1993,8,Ger,1,4
1993,8,GM,0,4
1993,8,Hea,0,3
1993,8,Hou,8,14
1993,8,Inf,5,1
1993,8,Inn,0,1
1993,8,LG,1,20
1993,8,Low,0,5
1993,8,Mor,0,20
1993,8,Nat,0,20
1993,8,NHS,36,3
1993,8,NI,1,19
1993,8,NP,0,1
1993,8,Nuc,0.25,19
1993,8,Pen,9,5
1993,8,Pet,0,1
1993,8,Pol,5,7
1993,8,Pou,0,1
1993,8,Pov,0,5
1993,8,Pri,3,1
1993,8,Pub,0,20
1993,8,Rac,0,9
1993,8,SA,0,19
1993,8,SWA,0,20
1993,8,Tax,3,1
1993,8,TU,0,1
1993,8,Tra,0,10
1993,8,Tsu,0,19
1993,8,Une,63,1
1993,8,Oth,0,99
1993,8,DK,0,99
1993,9,AID,1,19
1993,9,AW,0,4
1993,9,BF,0,4
1993,9,BSE,0,4
1993,9,Coa,0.25,1
1993,9,Com,7,9
1993,9,Cou,0,4
1993,9,Cri,29,12
1993,9,Def,4,19
1993,9,Dru,2,12
1993,9,Eco,32,1
1993,9,Edu,19,6
1993,9,Foo,0,4
1993,9,Ger,1,4
1993,9,GM,0,4
1993,9,Hea,0,3
1993,9,Hou,9,14
1993,9,Inf,6,1
1993,9,Inn,0,1
1993,9,LG,2,20
1993,9,Low,0,5
1993,9,Mor,0,20
1993,9,Nat,0,20
1993,9,NHS,32,3
1993,9,NI,1,19
1993,9,NP,0,1
1993,9,Nuc,1,19
1993,9,Pen,11,5
1993,9,Pet,0,1
1993,9,Pol,3,7
1993,9,Pou,1,1
1993,9,Pov,0,5
1993,9,Pri,2,1
1993,9,Pub,0,20
1993,9,Rac,8,9
1993,9,SA,0.25,19
1993,9,SWA,0,20
1993,9,Tax,4,1
1993,9,TU,0.25,1
1993,9,Tra,0,10
1993,9,Tsu,0,19
1993,9,Une,61,1
1993,9,Oth,0,99
1993,9,DK,0,99
1993,10,AID,0,19
1993,10,AW,0,4
1993,10,BF,0,4
1993,10,BSE,0,4
1993,10,Coa,2,1
1993,10,Com,6,9
1993,10,Cou,0,4
1993,10,Cri,33,12
1993,10,Def,6,19
1993,10,Dru,2,12
1993,10,Eco,30,1
1993,10,Edu,17,6
1993,10,Foo,0,4
1993,10,Ger,0,4
1993,10,GM,0,4
1993,10,Hea,0,3
1993,10,Hou,9,14
1993,10,Inf,7,1
1993,10,Inn,0,1
1993,10,LG,3,20
1993,10,Low,0,5
1993,10,Mor,0,20
1993,10,Nat,0,20
1993,10,NHS,32,3
1993,10,NI,1,19
1993,10,NP,0,1
1993,10,Nuc,1,19
1993,10,Pen,13,5
1993,10,Pet,0,1
1993,10,Pol,3,7
1993,10,Pou,0,1
1993,10,Pov,0,5
1993,10,Pri,1,1
1993,10,Pub,0,20
1993,10,Rac,0,9
1993,10,SA,0,19
1993,10,SWA,0,20
1993,10,Tax,7,1
1993,10,TU,0,1
1993,10,Tra,0,10
1993,10,Tsu,0,19
1993,10,Une,61,1
1993,10,Oth,0,99
1993,10,DK,0,99
1993,11,AID,1,19
1993,11,AW,0,4
1993,11,BF,0,4
1993,11,BSE,0,4
1993,11,Coa,1,1
1993,11,Com,6,9
1993,11,Cou,0,4
1993,11,Cri,28,12
1993,11,Def,4,19
1993,11,Dru,3,12
1993,11,Eco,30,1
1993,11,Edu,23,6
1993,11,Foo,0,4
1993,11,Ger,1,4
1993,11,GM,0,4
1993,11,Hea,0,3
1993,11,Hou,9,14
1993,11,Inf,5,1
1993,11,Inn,0,1
1993,11,LG,2,20
1993,11,Low,0,5
1993,11,Mor,0,20
1993,11,Nat,0,20
1993,11,NHS,35,3
1993,11,NI,3,19
1993,11,NP,0,1
1993,11,Nuc,1,19
1993,11,Pen,13,5
1993,11,Pet,0,1
1993,11,Pol,4,7
1993,11,Pou,0.25,1
1993,11,Pov,0,5
1993,11,Pri,2,1
1993,11,Pub,0,20
1993,11,Rac,4,9
1993,11,SA,0.25,19
1993,11,SWA,0,20
1993,11,Tax,4,1
1993,11,TU,0.25,1
1993,11,Tra,0,10
1993,11,Tsu,0,19
1993,11,Une,61,1
1993,11,Oth,0,99
1993,11,DK,0,99
1993,12,AID,1,19
1993,12,AW,0,4
1993,12,BF,0,4
1993,12,BSE,0,4
1993,12,Coa,1,1
1993,12,Com,6,9
1993,12,Cou,0,4
1993,12,Cri,23,12
1993,12,Def,4,19
1993,12,Dru,2,12
1993,12,Eco,28,1
1993,12,Edu,19,6
1993,12,Foo,0,4
1993,12,Ger,0.25,4
1993,12,GM,0,4
1993,12,Hea,0,3
1993,12,Hou,10,14
1993,12,Inf,5,1
1993,12,Inn,0,1
1993,12,LG,2,20
1993,12,Low,0,5
1993,12,Mor,0,20
1993,12,Nat,0,20
1993,12,NHS,34,3
1993,12,NI,2,19
1993,12,NP,0,1
1993,12,Nuc,1,19
1993,12,Pen,15,5
1993,12,Pet,0,1
1993,12,Pol,4,7
1993,12,Pou,1,1
1993,12,Pov,0,5
1993,12,Pri,2,1
1993,12,Pub,0,20
1993,12,Rac,3,9
1993,12,SA,0.25,19
1993,12,SWA,0,20
1993,12,Tax,4,1
1993,12,TU,1,1
1993,12,Tra,0,10
1993,12,Tsu,0,19
1993,12,Une,66,1
1993,12,Oth,0,99
1993,12,DK,0,99
1994,1,AID,1,19
1994,1,AW,0,4
1994,1,BF,0,4
1994,1,BSE,0,4
1994,1,Coa,0.25,1
1994,1,Com,5,9
1994,1,Cou,0,4
1994,1,Cri,31,12
1994,1,Def,6,19
1994,1,Dru,4,12
1994,1,Eco,30,1
1994,1,Edu,22,6
1994,1,Foo,0,4
1994,1,Ger,0,4
1994,1,GM,0,4
1994,1,Hea,0,3
1994,1,Hou,14,14
1994,1,Inf,5,1
1994,1,Inn,0,1
1994,1,LG,2,20
1994,1,Low,0,5
1994,1,Mor,6,20
1994,1,Nat,0,20
1994,1,NHS,32,3
1994,1,NI,2,19
1994,1,NP,0.25,1
1994,1,Nuc,0.25,19
1994,1,Pen,9,5
1994,1,Pet,0,1
1994,1,Pol,5,7
1994,1,Pou,0.25,1
1994,1,Pov,0,5
1994,1,Pri,2,1
1994,1,Pub,0,20
1994,1,Rac,4,9
1994,1,SA,0.25,19
1994,1,SWA,0,20
1994,1,Tax,6,1
1994,1,TU,0.25,1
1994,1,Tra,0,10
1994,1,Tsu,0,19
1994,1,Une,61,1
1994,1,Oth,0,99
1994,1,DK,0,99
1994,2,AID,1,19
1994,2,AW,0,4
1994,2,BF,0,4
1994,2,BSE,0,4
1994,2,Coa,0.25,1
1994,2,Com,4,9
1994,2,Cou,0,4
1994,2,Cri,26,12
1994,2,Def,9,19
1994,2,Dru,5,12
1994,2,Eco,23,1
1994,2,Edu,22,6
1994,2,Foo,0,4
1994,2,Ger,0,4
1994,2,GM,0,4
1994,2,Hea,0,3
1994,2,Hou,10,14
1994,2,Inf,6,1
1994,2,Inn,0,1
1994,2,LG,1,20
1994,2,Low,0,5
1994,2,Mor,5,20
1994,2,Nat,0,20
1994,2,NHS,40,3
1994,2,NI,1,19
1994,2,NP,0.25,1
1994,2,Nuc,1,19
1994,2,Pen,9,5
1994,2,Pet,0,1
1994,2,Pol,3,7
1994,2,Pou,0.25,1
1994,2,Pov,0,5
1994,2,Pri,2,1
1994,2,Pub,0,20
1994,2,Rac,4,9
1994,2,SA,0.25,19
1994,2,SWA,0,20
1994,2,Tax,7,1
1994,2,TU,0.25,1
1994,2,Tra,0,10
1994,2,Tsu,0,19
1994,2,Une,61,1
1994,2,Oth,0,99
1994,2,DK,0,99
1994,3,AID,1,19
1994,3,AW,0,4
1994,3,BF,0,4
1994,3,BSE,0,4
1994,3,Coa,1,1
1994,3,Com,12,9
1994,3,Cou,0,4
1994,3,Cri,34,12
1994,3,Def,5,19
1994,3,Dru,4,12
1994,3,Eco,21,1
1994,3,Edu,25,6
1994,3,Foo,0,4
1994,3,Ger,0,4
1994,3,GM,0,4
1994,3,Hea,0,3
1994,3,Hou,11,14
1994,3,Inf,5,1
1994,3,Inn,0,1
1994,3,LG,2,20
1994,3,Low,0,5
1994,3,Mor,5,20
1994,3,Nat,0,20
1994,3,NHS,35,3
1994,3,NI,2,19
1994,3,NP,0.25,1
1994,3,Nuc,1,19
1994,3,Pen,9,5
1994,3,Pet,0,1
1994,3,Pol,4,7
1994,3,Pou,0.25,1
1994,3,Pov,0,5
1994,3,Pri,3,1
1994,3,Pub,0,20
1994,3,Rac,4,9
1994,3,SA,0.25,19
1994,3,SWA,0,20
1994,3,Tax,11,1
1994,3,TU,0.25,1
1994,3,Tra,0,10
1994,3,Tsu,0,19
1994,3,Une,59,1
1994,3,Oth,0,99
1994,3,DK,0,99
1994,4,AID,1,19
1994,4,AW,0,4
1994,4,BF,0,4
1994,4,BSE,0,4
1994,4,Coa,1,1
1994,4,Com,7,9
1994,4,Cou,0,4
1994,4,Cri,33,12
1994,4,Def,7,19
1994,4,Dru,4,12
1994,4,Eco,24,1
1994,4,Edu,24,6
1994,4,Foo,0,4
1994,4,Ger,0,4
1994,4,GM,0,4
1994,4,Hea,0,3
1994,4,Hou,11,14
1994,4,Inf,5,1
1994,4,Inn,0,1
1994,4,LG,2,20
1994,4,Low,0,5
1994,4,Mor,4,20
1994,4,Nat,0,20
1994,4,NHS,38,3
1994,4,NI,1,19
1994,4,NP,0.25,1
1994,4,Nuc,0.25,19
1994,4,Pen,9,5
1994,4,Pet,0,1
1994,4,Pol,6,7
1994,4,Pou,0.25,1
1994,4,Pov,0,5
1994,4,Pri,2,1
1994,4,Pub,0,20
1994,4,Rac,4,9
1994,4,SA,0.25,19
1994,4,SWA,0,20
1994,4,Tax,9,1
1994,4,TU,0.25,1
1994,4,Tra,0,10
1994,4,Tsu,0,19
1994,4,Une,60,1
1994,4,Oth,0,99
1994,4,DK,0,99
1994,5,AID,1,19
1994,5,AW,0,4
1994,5,BF,0,4
1994,5,BSE,0,4
1994,5,Coa,0.25,1
1994,5,Com,12,9
1994,5,Cou,0,4
1994,5,Cri,32,12
1994,5,Def,3,19
1994,5,Dru,3,12
1994,5,Eco,24,1
1994,5,Edu,21,6
1994,5,Foo,0,4
1994,5,Ger,0,4
1994,5,GM,0,4
1994,5,Hea,0,3
1994,5,Hou,9,14
1994,5,Inf,6,1
1994,5,Inn,0,1
1994,5,LG,2,20
1994,5,Low,0,5
1994,5,Mor,4,20
1994,5,Nat,0,20
1994,5,NHS,35,3
1994,5,NI,1,19
1994,5,NP,0.25,1
1994,5,Nuc,1,19
1994,5,Pen,10,5
1994,5,Pet,0,1
1994,5,Pol,4,7
1994,5,Pou,0.25,1
1994,5,Pov,0,5
1994,5,Pri,5,1
1994,5,Pub,0,20
1994,5,Rac,4,9
1994,5,SA,0.25,19
1994,5,SWA,0,20
1994,5,Tax,8,1
1994,5,TU,0.25,1
1994,5,Tra,0,10
1994,5,Tsu,0,19
1994,5,Une,60,1
1994,5,Oth,0,99
1994,5,DK,0,99
1994,6,AID,1,19
1994,6,AW,0,4
1994,6,BF,0,4
1994,6,BSE,0,4
1994,6,Coa,0.25,1
1994,6,Com,13,9
1994,6,Cou,0,4
1994,6,Cri,30,12
1994,6,Def,2,19
1994,6,Dru,4,12
1994,6,Eco,22,1
1994,6,Edu,21,6
1994,6,Foo,0,4
1994,6,Ger,0,4
1994,6,GM,0,4
1994,6,Hea,0,3
1994,6,Hou,11,14
1994,6,Inf,5,1
1994,6,Inn,0,1
1994,6,LG,1,20
1994,6,Low,0,5
1994,6,Mor,4,20
1994,6,Nat,0,20
1994,6,NHS,29,3
1994,6,NI,1,19
1994,6,NP,0.25,1
1994,6,Nuc,0.25,19
1994,6,Pen,9,5
1994,6,Pet,0,1
1994,6,Pol,4,7
1994,6,Pou,0.25,1
1994,6,Pov,0,5
1994,6,Pri,3,1
1994,6,Pub,0,20
1994,6,Rac,2,9
1994,6,SA,0,19
1994,6,SWA,0,20
1994,6,Tax,11,1
1994,6,TU,1,1
1994,6,Tra,0,10
1994,6,Tsu,0,19
1994,6,Une,66,1
1994,6,Oth,0,99
1994,6,DK,0,99
1994,7,AID,0,19
1994,7,AW,0,4
1994,7,BF,0,4
1994,7,BSE,0,4
1994,7,Coa,0,1
1994,7,Com,12,9
1994,7,Cou,0,4
1994,7,Cri,23,12
1994,7,Def,7,19
1994,7,Dru,4,12
1994,7,Eco,18,1
1994,7,Edu,20,6
1994,7,Foo,0,4
1994,7,Ger,0,4
1994,7,GM,0,4
1994,7,Hea,0,3
1994,7,Hou,10,14
1994,7,Inf,5,1
1994,7,Inn,0,1
1994,7,LG,1,20
1994,7,Low,0,5
1994,7,Mor,4,20
1994,7,Nat,0,20
1994,7,NHS,35,3
1994,7,NI,2,19
1994,7,NP,0,1
1994,7,Nuc,0,19
1994,7,Pen,7,5
1994,7,Pet,0,1
1994,7,Pol,7,7
1994,7,Pou,0,1
1994,7,Pov,0,5
1994,7,Pri,4,1
1994,7,Pub,0,20
1994,7,Rac,2,9
1994,7,SA,0,19
1994,7,SWA,0,20
1994,7,Tax,5,1
1994,7,TU,0.25,1
1994,7,Tra,0,10
1994,7,Tsu,0,19
1994,7,Une,65,1
1994,7,Oth,0,99
1994,7,DK,0,99
1994,8,AID,1,19
1994,8,AW,0,4
1994,8,BF,0,4
1994,8,BSE,0,4
1994,8,Coa,0.25,1
1994,8,Com,9,9
1994,8,Cou,0,4
1994,8,Cri,33,12
1994,8,Def,5,19
1994,8,Dru,4,12
1994,8,Eco,19,1
1994,8,Edu,23,6
1994,8,Foo,0,4
1994,8,Ger,0,4
1994,8,GM,0,4
1994,8,Hea,0,3
1994,8,Hou,11,14
1994,8,Inf,5,1
1994,8,Inn,0,1
1994,8,LG,1,20
1994,8,Low,0,5
1994,8,Mor,4,20
1994,8,Nat,0,20
1994,8,NHS,36,3
1994,8,NI,2,19
1994,8,NP,1,1
1994,8,Nuc,1,19
1994,8,Pen,7,5
1994,8,Pet,0,1
1994,8,Pol,6,7
1994,8,Pou,0.25,1
1994,8,Pov,0,5
1994,8,Pri,3,1
1994,8,Pub,0,20
1994,8,Rac,3,9
1994,8,SA,0.25,19
1994,8,SWA,0,20
1994,8,Tax,5,1
1994,8,TU,2,1
1994,8,Tra,0,10
1994,8,Tsu,0,19
1994,8,Une,62,1
1994,8,Oth,0,99
1994,8,DK,0,99
1994,9,AID,1,19
1994,9,AW,0,4
1994,9,BF,0,4
1994,9,BSE,0,4
1994,9,Coa,0.25,1
1994,9,Com,7,9
1994,9,Cou,0,4
1994,9,Cri,33,12
1994,9,Def,3,19
1994,9,Dru,3,12
1994,9,Eco,20,1
1994,9,Edu,21,6
1994,9,Foo,0,4
1994,9,Ger,0,4
1994,9,GM,0,4
1994,9,Hea,0,3
1994,9,Hou,8,14
1994,9,Inf,5,1
1994,9,Inn,0,1
1994,9,LG,1,20
1994,9,Low,0,5
1994,9,Mor,6,20
1994,9,Nat,0,20
1994,9,NHS,34,3
1994,9,NI,2,19
1994,9,NP,0.25,1
1994,9,Nuc,0.25,19
1994,9,Pen,9,5
1994,9,Pet,0,1
1994,9,Pol,4,7
1994,9,Pou,1,1
1994,9,Pov,0,5
1994,9,Pri,2,1
1994,9,Pub,0,20
1994,9,Rac,5,9
1994,9,SA,0.25,19
1994,9,SWA,0,20
1994,9,Tax,5,1
1994,9,TU,1,1
1994,9,Tra,0,10
1994,9,Tsu,0,19
1994,9,Une,59,1
1994,9,Oth,0,99
1994,9,DK,0,99
1994,10,AID,1,19
1994,10,AW,0,4
1994,10,BF,0,4
1994,10,BSE,0,4
1994,10,Coa,0.25,1
1994,10,Com,11,9
1994,10,Cou,0,4
1994,10,Cri,37,12
1994,10,Def,3,19
1994,10,Dru,7,12
1994,10,Eco,19,1
1994,10,Edu,22,6
1994,10,Foo,0,4
1994,10,Ger,0,4
1994,10,GM,0,4
1994,10,Hea,0,3
1994,10,Hou,10,14
1994,10,Inf,4,1
1994,10,Inn,0,1
1994,10,LG,1,20
1994,10,Low,0,5
1994,10,Mor,4,20
1994,10,Nat,0,20
1994,10,NHS,34,3
1994,10,NI,3,19
1994,10,NP,0.25,1
1994,10,Nuc,0.25,19
1994,10,Pen,9,5
1994,10,Pet,0,1
1994,10,Pol,5,7
1994,10,Pou,0.25,1
1994,10,Pov,0,5
1994,10,Pri,2,1
1994,10,Pub,0,20
1994,10,Rac,4,9
1994,10,SA,0.25,19
1994,10,SWA,0,20
1994,10,Tax,4,1
1994,10,TU,0.25,1
1994,10,Tra,0,10
1994,10,Tsu,0,19
1994,10,Une,62,1
1994,10,Oth,0,99
1994,10,DK,0,99
1994,11,AID,0,19
1994,11,AW,0,4
1994,11,BF,0,4
1994,11,BSE,0,4
1994,11,Coa,0,1
1994,11,Com,14,9
1994,11,Cou,0,4
1994,11,Cri,25,12
1994,11,Def,2,19
1994,11,Dru,4,12
1994,11,Eco,17,1
1994,11,Edu,20,6
1994,11,Foo,0,4
1994,11,Ger,0,4
1994,11,GM,0,4
1994,11,Hea,0,3
1994,11,Hou,10,14
1994,11,Inf,4,1
1994,11,Inn,0,1
1994,11,LG,1,20
1994,11,Low,0,5
1994,11,Mor,4,20
1994,11,Nat,0,20
1994,11,NHS,40,3
1994,11,NI,2,19
1994,11,NP,0,1
1994,11,Nuc,0,19
1994,11,Pen,11,5
1994,11,Pet,0,1
1994,11,Pol,4,7
1994,11,Pou,0,1
1994,11,Pov,0,5
1994,11,Pri,3,1
1994,11,Pub,0,20
1994,11,Rac,2,9
1994,11,SA,0,19
1994,11,SWA,0,20
1994,11,Tax,4,1
1994,11,TU,0.25,1
1994,11,Tra,0,10
1994,11,Tsu,0,19
1994,11,Une,58,1
1994,11,Oth,0,99
1994,11,DK,0,99
1994,12,AID,0.25,19
1994,12,AW,0,4
1994,12,BF,0,4
1994,12,BSE,0,4
1994,12,Coa,0.25,1
1994,12,Com,17,9
1994,12,Cou,0,4
1994,12,Cri,22,12
1994,12,Def,2,19
1994,12,Dru,3,12
1994,12,Eco,22,1
1994,12,Edu,18,6
1994,12,Foo,0,4
1994,12,Ger,0,4
1994,12,GM,0,4
1994,12,Hea,0,3
1994,12,Hou,11,14
1994,12,Inf,6,1
1994,12,Inn,0,1
1994,12,LG,1,20
1994,12,Low,0,5
1994,12,Mor,3,20
1994,12,Nat,0,20
1994,12,NHS,34,3
1994,12,NI,1,19
1994,12,NP,0.25,1
1994,12,Nuc,0.25,19
1994,12,Pen,12,5
1994,12,Pet,0,1
1994,12,Pol,4,7
1994,12,Pou,0.25,1
1994,12,Pov,0,5
1994,12,Pri,5,1
1994,12,Pub,0,20
1994,12,Rac,2,9
1994,12,SA,0.25,19
1994,12,SWA,0,20
1994,12,Tax,9,1
1994,12,TU,0.25,1
1994,12,Tra,0,10
1994,12,Tsu,0,19
1994,12,Une,55,1
1994,12,Oth,0,99
1994,12,DK,0,99
1995,1,AID,1,19
1995,1,AW,0,4
1995,1,BF,0,4
1995,1,BSE,0,4
1995,1,Coa,1,1
1995,1,Com,22,9
1995,1,Cou,0,4
1995,1,Cri,23,12
1995,1,Def,3,19
1995,1,Dru,3,12
1995,1,Eco,22,1
1995,1,Edu,22,6
1995,1,Foo,0,4
1995,1,Ger,0,4
1995,1,GM,0,4
1995,1,Hea,0,3
1995,1,Hou,11,14
1995,1,Inf,6,1
1995,1,Inn,0,1
1995,1,LG,1,20
1995,1,Low,0,5
1995,1,Mor,3,20
1995,1,Nat,0,20
1995,1,NHS,38,3
1995,1,NI,1,19
1995,1,NP,0.25,1
1995,1,Nuc,0.25,19
1995,1,Pen,10,5
1995,1,Pet,0,1
1995,1,Pol,5,7
1995,1,Pou,0.25,1
1995,1,Pov,0,5
1995,1,Pri,4,1
1995,1,Pub,0,20
1995,1,Rac,2,9
1995,1,SA,0.25,19
1995,1,SWA,0,20
1995,1,Tax,5,1
1995,1,TU,0.25,1
1995,1,Tra,0,10
1995,1,Tsu,0,19
1995,1,Une,52,1
1995,1,Oth,0,99
1995,1,DK,0,99
1995,2,AID,1,19
1995,2,AW,0,4
1995,2,BF,0,4
1995,2,BSE,0,4
1995,2,Coa,0.25,1
1995,2,Com,25,9
1995,2,Cou,0,4
1995,2,Cri,26,12
1995,2,Def,2,19
1995,2,Dru,4,12
1995,2,Eco,20,1
1995,2,Edu,26,6
1995,2,Foo,0,4
1995,2,Ger,0,4
1995,2,GM,0,4
1995,2,Hea,0,3
1995,2,Hou,10,14
1995,2,Inf,4,1
1995,2,Inn,0,1
1995,2,LG,2,20
1995,2,Low,0,5
1995,2,Mor,5,20
1995,2,Nat,0,20
1995,2,NHS,36,3
1995,2,NI,2,19
1995,2,NP,0.25,1
1995,2,Nuc,0.25,19
1995,2,Pen,9,5
1995,2,Pet,0,1
1995,2,Pol,4,7
1995,2,Pou,0.25,1
1995,2,Pov,0,5
1995,2,Pri,3,1
1995,2,Pub,0,20
1995,2,Rac,5,9
1995,2,SA,0.25,19
1995,2,SWA,0,20
1995,2,Tax,4,1
1995,2,TU,0.25,1
1995,2,Tra,0,10
1995,2,Tsu,0,19
1995,2,Une,52,1
1995,2,Oth,0,99
1995,2,DK,0,99
1995,3,AID,1,19
1995,3,AW,0,4
1995,3,BF,0,4
1995,3,BSE,0,4
1995,3,Coa,0.25,1
1995,3,Com,16,9
1995,3,Cou,0,4
1995,3,Cri,24,12
1995,3,Def,2,19
1995,3,Dru,4,12
1995,3,Eco,20,1
1995,3,Edu,25,6
1995,3,Foo,0,4
1995,3,Ger,0,4
1995,3,GM,0,4
1995,3,Hea,0,3
1995,3,Hou,10,14
1995,3,Inf,5,1
1995,3,Inn,0,1
1995,3,LG,1,20
1995,3,Low,0,5
1995,3,Mor,3,20
1995,3,Nat,0,20
1995,3,NHS,43,3
1995,3,NI,2,19
1995,3,NP,0.25,1
1995,3,Nuc,1,19
1995,3,Pen,8,5
1995,3,Pet,0,1
1995,3,Pol,4,7
1995,3,Pou,0.25,1
1995,3,Pov,0,5
1995,3,Pri,2,1
1995,3,Pub,0,20
1995,3,Rac,4,9
1995,3,SA,0.25,19
1995,3,SWA,0,20
1995,3,Tax,4,1
1995,3,TU,0.25,1
1995,3,Tra,0,10
1995,3,Tsu,0,19
1995,3,Une,51,1
1995,3,Oth,0,99
1995,3,DK,0,99
1995,4,AID,1,19
1995,4,AW,0,4
1995,4,BF,0,4
1995,4,BSE,0,4
1995,4,Coa,0.25,1
1995,4,Com,12,9
1995,4,Cou,0,4
1995,4,Cri,25,12
1995,4,Def,2,19
1995,4,Dru,3,12
1995,4,Eco,21,1
1995,4,Edu,33,6
1995,4,Foo,0,4
1995,4,Ger,0,4
1995,4,GM,0,4
1995,4,Hea,0,3
1995,4,Hou,10,14
1995,4,Inf,6,1
1995,4,Inn,0,1
1995,4,LG,1,20
1995,4,Low,0,5
1995,4,Mor,3,20
1995,4,Nat,0,20
1995,4,NHS,41,3
1995,4,NI,1,19
1995,4,NP,0.25,1
1995,4,Nuc,0.25,19
1995,4,Pen,9,5
1995,4,Pet,0,1
1995,4,Pol,3,7
1995,4,Pou,1,1
1995,4,Pov,0,5
1995,4,Pri,2,1
1995,4,Pub,0,20
1995,4,Rac,4,9
1995,4,SA,0.25,19
1995,4,SWA,0,20
1995,4,Tax,5,1
1995,4,TU,0.25,1
1995,4,Tra,0,10
1995,4,Tsu,0,19
1995,4,Une,51,1
1995,4,Oth,0,99
1995,4,DK,0,99
1995,5,AID,1,19
1995,5,AW,0,4
1995,5,BF,0,4
1995,5,BSE,0,4
1995,5,Coa,0.25,1
1995,5,Com,15,9
1995,5,Cou,0,4
1995,5,Cri,25,12
1995,5,Def,2,19
1995,5,Dru,4,12
1995,5,Eco,19,1
1995,5,Edu,29,6
1995,5,Foo,0,4
1995,5,Ger,0,4
1995,5,GM,0,4
1995,5,Hea,0,3
1995,5,Hou,8,14
1995,5,Inf,5,1
1995,5,Inn,0,1
1995,5,LG,1,20
1995,5,Low,0,5
1995,5,Mor,4,20
1995,5,Nat,0,20
1995,5,NHS,44,3
1995,5,NI,1,19
1995,5,NP,0.25,1
1995,5,Nuc,0.25,19
1995,5,Pen,9,5
1995,5,Pet,0,1
1995,5,Pol,4,7
1995,5,Pou,0.25,1
1995,5,Pov,0,5
1995,5,Pri,3,1
1995,5,Pub,0,20
1995,5,Rac,4,9
1995,5,SA,0.25,19
1995,5,SWA,0,20
1995,5,Tax,5,1
1995,5,TU,0.25,1
1995,5,Tra,0,10
1995,5,Tsu,0,19
1995,5,Une,53,1
1995,5,Oth,0,99
1995,5,DK,0,99
1995,6,AID,1,19
1995,6,AW,0,4
1995,6,BF,0,4
1995,6,BSE,0,4
1995,6,Coa,0.25,1
1995,6,Com,26,9
1995,6,Cou,0,4
1995,6,Cri,22,12
1995,6,Def,4,19
1995,6,Dru,3,12
1995,6,Eco,17,1
1995,6,Edu,29,6
1995,6,Foo,0,4
1995,6,Ger,0,4
1995,6,GM,0,4
1995,6,Hea,0,3
1995,6,Hou,11,14
1995,6,Inf,5,1
1995,6,Inn,0,1
1995,6,LG,1,20
1995,6,Low,0,5
1995,6,Mor,3,20
1995,6,Nat,0,20
1995,6,NHS,38,3
1995,6,NI,1,19
1995,6,NP,1,1
1995,6,Nuc,1,19
1995,6,Pen,9,5
1995,6,Pet,0,1
1995,6,Pol,5,7
1995,6,Pou,1,1
1995,6,Pov,0,5
1995,6,Pri,2,1
1995,6,Pub,0,20
1995,6,Rac,4,9
1995,6,SA,0.25,19
1995,6,SWA,0,20
1995,6,Tax,4,1
1995,6,TU,0.25,1
1995,6,Tra,0,10
1995,6,Tsu,0,19
1995,6,Une,47,1
1995,6,Oth,0,99
1995,6,DK,0,99
1995,7,AID,1,19
1995,7,AW,0,4
1995,7,BF,0,4
1995,7,BSE,0,4
1995,7,Coa,0.25,1
1995,7,Com,12,9
1995,7,Cou,0,4
1995,7,Cri,23,12
1995,7,Def,6,19
1995,7,Dru,3,12
1995,7,Eco,20,1
1995,7,Edu,28,6
1995,7,Foo,0,4
1995,7,Ger,0,4
1995,7,GM,0,4
1995,7,Hea,0,3
1995,7,Hou,12,14
1995,7,Inf,5,1
1995,7,Inn,0,1
1995,7,LG,2,20
1995,7,Low,0,5
1995,7,Mor,3,20
1995,7,Nat,0,20
1995,7,NHS,39,3
1995,7,NI,1,19
1995,7,NP,0.25,1
1995,7,Nuc,1,19
1995,7,Pen,9,5
1995,7,Pet,0,1
1995,7,Pol,5,7
1995,7,Pou,1,1
1995,7,Pov,0,5
1995,7,Pri,2,1
1995,7,Pub,0,20
1995,7,Rac,3,9
1995,7,SA,0.25,19
1995,7,SWA,0,20
1995,7,Tax,6,1
1995,7,TU,1,1
1995,7,Tra,0,10
1995,7,Tsu,0,19
1995,7,Une,51,1
1995,7,Oth,0,99
1995,7,DK,0,99
1995,8,AID,1,19
1995,8,AW,0,4
1995,8,BF,0,4
1995,8,BSE,0,4
1995,8,Coa,0.25,1
1995,8,Com,12,9
1995,8,Cou,0,4
1995,8,Cri,24,12
1995,8,Def,3,19
1995,8,Dru,4,12
1995,8,Eco,20,1
1995,8,Edu,29,6
1995,8,Foo,0,4
1995,8,Ger,0,4
1995,8,GM,0,4
1995,8,Hea,0,3
1995,8,Hou,10,14
1995,8,Inf,5,1
1995,8,Inn,0,1
1995,8,LG,2,20
1995,8,Low,0,5
1995,8,Mor,5,20
1995,8,Nat,0,20
1995,8,NHS,39,3
1995,8,NI,1,19
1995,8,NP,0.25,1
1995,8,Nuc,1,19
1995,8,Pen,8,5
1995,8,Pet,0,1
1995,8,Pol,6,7
1995,8,Pou,0.25,1
1995,8,Pov,0,5
1995,8,Pri,5,1
1995,8,Pub,0,20
1995,8,Rac,4,9
1995,8,SA,0.25,19
1995,8,SWA,0,20
1995,8,Tax,4,1
1995,8,TU,0.25,1
1995,8,Tra,0,10
1995,8,Tsu,0,19
1995,8,Une,52,1
1995,8,Oth,0,99
1995,8,DK,0,99
1995,9,AID,1,19
1995,9,AW,0,4
1995,9,BF,0,4
1995,9,BSE,0,4
1995,9,Coa,0.25,1
1995,9,Com,13,9
1995,9,Cou,0,4
1995,9,Cri,24,12
1995,9,Def,3,19
1995,9,Dru,4,12
1995,9,Eco,20,1
1995,9,Edu,30,6
1995,9,Foo,0,4
1995,9,Ger,0,4
1995,9,GM,0,4
1995,9,Hea,0,3
1995,9,Hou,11,14
1995,9,Inf,3,1
1995,9,Inn,0,1
1995,9,LG,1,20
1995,9,Low,0,5
1995,9,Mor,4,20
1995,9,Nat,0,20
1995,9,NHS,44,3
1995,9,NI,0.25,19
1995,9,NP,0.25,1
1995,9,Nuc,1,19
1995,9,Pen,9,5
1995,9,Pet,0,1
1995,9,Pol,5,7
1995,9,Pou,0.25,1
1995,9,Pov,0,5
1995,9,Pri,3,1
1995,9,Pub,0,20
1995,9,Rac,3,9
1995,9,SA,0.25,19
1995,9,SWA,0,20
1995,9,Tax,5,1
1995,9,TU,0.25,1
1995,9,Tra,0,10
1995,9,Tsu,0,19
1995,9,Une,48,1
1995,9,Oth,0,99
1995,9,DK,0,99
1995,10,AID,0,19
1995,10,AW,0,4
1995,10,BF,0,4
1995,10,BSE,0,4
1995,10,Coa,0,1
1995,10,Com,17,9
1995,10,Cou,0,4
1995,10,Cri,22,12
1995,10,Def,2,19
1995,10,Dru,5,12
1995,10,Eco,18,1
1995,10,Edu,29,6
1995,10,Foo,0,4
1995,10,Ger,0,4
1995,10,GM,0,4
1995,10,Hea,0,3
1995,10,Hou,12,14
1995,10,Inf,4,1
1995,10,Inn,0,1
1995,10,LG,0,20
1995,10,Low,0,5
1995,10,Mor,2,20
1995,10,Nat,0,20
1995,10,NHS,45,3
1995,10,NI,0.25,19
1995,10,NP,0,1
1995,10,Nuc,0,19
1995,10,Pen,10,5
1995,10,Pet,0,1
1995,10,Pol,4,7
1995,10,Pou,0,1
1995,10,Pov,0,5
1995,10,Pri,4,1
1995,10,Pub,0,20
1995,10,Rac,4,9
1995,10,SA,0,19
1995,10,SWA,0,20
1995,10,Tax,5,1
1995,10,TU,0,1
1995,10,Tra,0,10
1995,10,Tsu,0,19
1995,10,Une,51,1
1995,10,Oth,0,99
1995,10,DK,0,99
1995,11,AID,1,19
1995,11,AW,0,4
1995,11,BF,0,4
1995,11,BSE,0,4
1995,11,Coa,0.25,1
1995,11,Com,11,9
1995,11,Cou,0,4
1995,11,Cri,25,12
1995,11,Def,3,19
1995,11,Dru,10,12
1995,11,Eco,19,1
1995,11,Edu,31,6
1995,11,Foo,0,4
1995,11,Ger,0,4
1995,11,GM,0,4
1995,11,Hea,0,3
1995,11,Hou,10,14
1995,11,Inf,4,1
1995,11,Inn,0,1
1995,11,LG,1,20
1995,11,Low,0,5
1995,11,Mor,5,20
1995,11,Nat,0,20
1995,11,NHS,39,3
1995,11,NI,1,19
1995,11,NP,1,1
1995,11,Nuc,1,19
1995,11,Pen,11,5
1995,11,Pet,0,1
1995,11,Pol,5,7
1995,11,Pou,0.25,1
1995,11,Pov,0,5
1995,11,Pri,3,1
1995,11,Pub,0,20
1995,11,Rac,5,9
1995,11,SA,0.25,19
1995,11,SWA,0,20
1995,11,Tax,5,1
1995,11,TU,0.25,1
1995,11,Tra,0,10
1995,11,Tsu,0,19
1995,11,Une,52,1
1995,11,Oth,0,99
1995,11,DK,0,99
1995,12,AID,0,19
1995,12,AW,0,4
1995,12,BF,0,4
1995,12,BSE,0,4
1995,12,Coa,0,1
1995,12,Com,10,9
1995,12,Cou,0,4
1995,12,Cri,23,12
1995,12,Def,2,19
1995,12,Dru,6,12
1995,12,Eco,19,1
1995,12,Edu,32,6
1995,12,Foo,0,4
1995,12,Ger,0,4
1995,12,GM,0,4
1995,12,Hea,0,3
1995,12,Hou,9,14
1995,12,Inf,4,1
1995,12,Inn,0,1
1995,12,LG,0,20
1995,12,Low,0,5
1995,12,Mor,4,20
1995,12,Nat,0,20
1995,12,NHS,40,3
1995,12,NI,2,19
1995,12,NP,0,1
1995,12,Nuc,0,19
1995,12,Pen,10,5
1995,12,Pet,0,1
1995,12,Pol,4,7
1995,12,Pou,0,1
1995,12,Pov,0,5
1995,12,Pri,3,1
1995,12,Pub,0,20
1995,12,Rac,4,9
1995,12,SA,0,19
1995,12,SWA,0,20
1995,12,Tax,5,1
1995,12,TU,0,1
1995,12,Tra,0,10
1995,12,Tsu,0,19
1995,12,Une,51,1
1995,12,Oth,0,99
1995,12,DK,0,99
1996,1,AID,1,19
1996,1,AW,0,4
1996,1,BF,0,4
1996,1,BSE,0,4
1996,1,Coa,1,1
1996,1,Com,14,9
1996,1,Cou,0,4
1996,1,Cri,27,12
1996,1,Def,3,19
1996,1,Dru,7,12
1996,1,Eco,20,1
1996,1,Edu,29,6
1996,1,Foo,0,4
1996,1,Ger,0,4
1996,1,GM,0,4
1996,1,Hea,0,3
1996,1,Hou,10,14
1996,1,Inf,3,1
1996,1,Inn,0,1
1996,1,LG,1,20
1996,1,Low,0,5
1996,1,Mor,3,20
1996,1,Nat,0,20
1996,1,NHS,41,3
1996,1,NI,1,19
1996,1,NP,0.25,1
1996,1,Nuc,0.25,19
1996,1,Pen,8,5
1996,1,Pet,0,1
1996,1,Pol,4,7
1996,1,Pou,1,1
1996,1,Pov,0,5
1996,1,Pri,3,1
1996,1,Pub,0,20
1996,1,Rac,4,9
1996,1,SA,0.25,19
1996,1,SWA,0,20
1996,1,Tax,3,1
1996,1,TU,0.25,1
1996,1,Tra,0,10
1996,1,Tsu,0,19
1996,1,Une,49,1
1996,1,Oth,0,99
1996,1,DK,0,99
1996,2,AID,1,19
1996,2,AW,1,4
1996,2,BF,0,4
1996,2,BSE,0,4
1996,2,Coa,0.25,1
1996,2,Com,11,9
1996,2,Cou,0,4
1996,2,Cri,24,12
1996,2,Def,2,19
1996,2,Dru,6,12
1996,2,Eco,18,1
1996,2,Edu,30,6
1996,2,Foo,0,4
1996,2,Ger,0,4
1996,2,GM,0,4
1996,2,Hea,0,3
1996,2,Hou,10,14
1996,2,Inf,3,1
1996,2,Inn,0,1
1996,2,LG,1,20
1996,2,Low,0,5
1996,2,Mor,4,20
1996,2,Nat,0,20
1996,2,NHS,39,3
1996,2,NI,12,19
1996,2,NP,0.25,1
1996,2,Nuc,0.25,19
1996,2,Pen,10,5
1996,2,Pet,0,1
1996,2,Pol,7,7
1996,2,Pou,1,1
1996,2,Pov,0,5
1996,2,Pri,4,1
1996,2,Pub,0,20
1996,2,Rac,3,9
1996,2,SA,0.25,19
1996,2,SWA,0,20
1996,2,Tax,4,1
1996,2,TU,0.25,1
1996,2,Tra,0,10
1996,2,Tsu,0,19
1996,2,Une,48,1
1996,2,Oth,0,99
1996,2,DK,0,99
1996,3,AID,1,19
1996,3,AW,1,4
1996,3,BF,0,4
1996,3,BSE,0,4
1996,3,Coa,0,1
1996,3,Com,16,9
1996,3,Cou,0,4
1996,3,Cri,24,12
1996,3,Def,3,19
1996,3,Dru,5,12
1996,3,Eco,16,1
1996,3,Edu,31,6
1996,3,Foo,0,4
1996,3,Ger,0,4
1996,3,GM,0,4
1996,3,Hea,0,3
1996,3,Hou,9,14
1996,3,Inf,3,1
1996,3,Inn,0,1
1996,3,LG,1,20
1996,3,Low,0,5
1996,3,Mor,3,20
1996,3,Nat,0,20
1996,3,NHS,36,3
1996,3,NI,5,19
1996,3,NP,0.25,1
1996,3,Nuc,0.25,19
1996,3,Pen,8,5
1996,3,Pet,0,1
1996,3,Pol,5,7
1996,3,Pou,1,1
1996,3,Pov,0,5
1996,3,Pri,3,1
1996,3,Pub,0,20
1996,3,Rac,3,9
1996,3,SA,0.25,19
1996,3,SWA,0,20
1996,3,Tax,3,1
1996,3,TU,0.25,1
1996,3,Tra,0,10
1996,3,Tsu,0,19
1996,3,Une,44,1
1996,3,Oth,0,99
1996,3,DK,0,99
1996,4,AID,1,19
1996,4,AW,1,4
1996,4,BF,0,4
1996,4,BSE,0,4
1996,4,Coa,0,1
1996,4,Com,20,9
1996,4,Cou,0,4
1996,4,Cri,24,12
1996,4,Def,2,19
1996,4,Dru,5,12
1996,4,Eco,17,1
1996,4,Edu,33,6
1996,4,Foo,0,4
1996,4,Ger,0,4
1996,4,GM,0,4
1996,4,Hea,0,3
1996,4,Hou,9,14
1996,4,Inf,3,1
1996,4,Inn,0,1
1996,4,LG,1,20
1996,4,Low,0,5
1996,4,Mor,4,20
1996,4,Nat,0,20
1996,4,NHS,34,3
1996,4,NI,2,19
1996,4,NP,0.25,1
1996,4,Nuc,1,19
1996,4,Pen,8,5
1996,4,Pet,0,1
1996,4,Pol,4,7
1996,4,Pou,0.25,1
1996,4,Pov,0,5
1996,4,Pri,3,1
1996,4,Pub,0,20
1996,4,Rac,4,9
1996,4,SA,0.25,19
1996,4,SWA,0,20
1996,4,Tax,4,1
1996,4,TU,1,1
1996,4,Tra,0,10
1996,4,Tsu,0,19
1996,4,Une,46,1
1996,4,Oth,0,99
1996,4,DK,0,99
1996,5,AID,1,19
1996,5,AW,1,4
1996,5,BF,0,4
1996,5,BSE,18,4
1996,5,Coa,0,1
1996,5,Com,29,9
1996,5,Cou,0,4
1996,5,Cri,29,12
1996,5,Def,2,19
1996,5,Dru,5,12
1996,5,Eco,16,1
1996,5,Edu,30,6
1996,5,Foo,0,4
1996,5,Ger,0,4
1996,5,GM,0,4
1996,5,Hea,0,3
1996,5,Hou,9,14
1996,5,Inf,2,1
1996,5,Inn,0,1
1996,5,LG,1,20
1996,5,Low,0,5
1996,5,Mor,4,20
1996,5,Nat,0,20
1996,5,NHS,39,3
1996,5,NI,1,19
1996,5,NP,0.25,1
1996,5,Nuc,0.25,19
1996,5,Pen,9,5
1996,5,Pet,0,1
1996,5,Pol,4,7
1996,5,Pou,0.25,1
1996,5,Pov,0,5
1996,5,Pri,2,1
1996,5,Pub,0,20
1996,5,Rac,3,9
1996,5,SA,0.25,19
1996,5,SWA,0,20
1996,5,Tax,3,1
1996,5,TU,0.25,1
1996,5,Tra,0,10
1996,5,Tsu,0,19
1996,5,Une,42,1
1996,5,Oth,0,99
1996,5,DK,0,99
1996,6,AID,1,19
1996,6,AW,0.25,4
1996,6,BF,0,4
1996,6,BSE,15,4
1996,6,Coa,0,1
1996,6,Com,28,9
1996,6,Cou,0,4
1996,6,Cri,22,12
1996,6,Def,1,19
1996,6,Dru,4,12
1996,6,Eco,13,1
1996,6,Edu,28,6
1996,6,Foo,0,4
1996,6,Ger,0,4
1996,6,GM,0,4
1996,6,Hea,0,3
1996,6,Hou,8,14
1996,6,Inf,3,1
1996,6,Inn,0,1
1996,6,LG,1,20
1996,6,Low,0,5
1996,6,Mor,4,20
1996,6,Nat,0,20
1996,6,NHS,33,3
1996,6,NI,4,19
1996,6,NP,0.25,1
1996,6,Nuc,1,19
1996,6,Pen,8,5
1996,6,Pet,0,1
1996,6,Pol,3,7
1996,6,Pou,0.25,1
1996,6,Pov,0,5
1996,6,Pri,2,1
1996,6,Pub,0,20
1996,6,Rac,3,9
1996,6,SA,0.25,19
1996,6,SWA,0,20
1996,6,Tax,2,1
1996,6,TU,0.25,1
1996,6,Tra,0,10
1996,6,Tsu,0,19
1996,6,Une,44,1
1996,6,Oth,0,99
1996,6,DK,0,99
1996,7,AID,1,19
1996,7,AW,0.25,4
1996,7,BF,0,4
1996,7,BSE,5,4
1996,7,Coa,0,1
1996,7,Com,25,9
1996,7,Cou,0,4
1996,7,Cri,29,12
1996,7,Def,2,19
1996,7,Dru,6,12
1996,7,Eco,14,1
1996,7,Edu,31,6
1996,7,Foo,0,4
1996,7,Ger,0,4
1996,7,GM,0,4
1996,7,Hea,0,3
1996,7,Hou,8,14
1996,7,Inf,3,1
1996,7,Inn,0,1
1996,7,LG,1,20
1996,7,Low,0,5
1996,7,Mor,4,20
1996,7,Nat,0,20
1996,7,NHS,35,3
1996,7,NI,4,19
1996,7,NP,0.25,1
1996,7,Nuc,0.25,19
1996,7,Pen,9,5
1996,7,Pet,0,1
1996,7,Pol,5,7
1996,7,Pou,1,1
1996,7,Pov,0,5
1996,7,Pri,3,1
1996,7,Pub,0,20
1996,7,Rac,3,9
1996,7,SA,0.25,19
1996,7,SWA,0,20
1996,7,Tax,3,1
1996,7,TU,0.25,1
1996,7,Tra,0,10
1996,7,Tsu,0,19
1996,7,Une,43,1
1996,7,Oth,0,99
1996,7,DK,0,99
1996,8,AID,0,19
1996,8,AW,0,4
1996,8,BF,0,4
1996,8,BSE,3,4
1996,8,Coa,0,1
1996,8,Com,20,9
1996,8,Cou,0,4
1996,8,Cri,30,12
1996,8,Def,2,19
1996,8,Dru,5,12
1996,8,Eco,15,1
1996,8,Edu,27,6
1996,8,Foo,0,4
1996,8,Ger,0,4
1996,8,GM,0,4
1996,8,Hea,0,3
1996,8,Hou,8,14
1996,8,Inf,2,1
1996,8,Inn,0,1
1996,8,LG,2,20
1996,8,Low,0,5
1996,8,Mor,5,20
1996,8,Nat,0,20
1996,8,NHS,33,3
1996,8,NI,2,19
1996,8,NP,0,1
1996,8,Nuc,0,19
1996,8,Pen,10,5
1996,8,Pet,0,1
1996,8,Pol,7,7
1996,8,Pou,0,1
1996,8,Pov,0,5
1996,8,Pri,3,1
1996,8,Pub,0,20
1996,8,Rac,4,9
1996,8,SA,0,19
1996,8,SWA,0,20
1996,8,Tax,3,1
1996,8,TU,0,1
1996,8,Tra,0,10
1996,8,Tsu,0,19
1996,8,Une,44,1
1996,8,Oth,0,99
1996,8,DK,0,99
1996,9,AID,1,19
1996,9,AW,1,4
1996,9,BF,0,4
1996,9,BSE,8,4
1996,9,Coa,0,1
1996,9,Com,23,9
1996,9,Cou,0,4
1996,9,Cri,27,12
1996,9,Def,3,19
1996,9,Dru,6,12
1996,9,Eco,14,1
1996,9,Edu,32,6
1996,9,Foo,0,4
1996,9,Ger,0,4
1996,9,GM,0,4
1996,9,Hea,0,3
1996,9,Hou,9,14
1996,9,Inf,3,1
1996,9,Inn,0,1
1996,9,LG,1,20
1996,9,Low,0,5
1996,9,Mor,4,20
1996,9,Nat,0,20
1996,9,NHS,35,3
1996,9,NI,2,19
1996,9,NP,0.25,1
1996,9,Nuc,1,19
1996,9,Pen,11,5
1996,9,Pet,0,1
1996,9,Pol,5,7
1996,9,Pou,0.25,1
1996,9,Pov,0,5
1996,9,Pri,2,1
1996,9,Pub,0,20
1996,9,Rac,3,9
1996,9,SA,0.25,19
1996,9,SWA,0,20
1996,9,Tax,4,1
1996,9,TU,0.25,1
1996,9,Tra,0,10
1996,9,Tsu,0,19
1996,9,Une,43,1
1996,9,Oth,0,99
1996,9,DK,0,99
1996,10,AID,0,19
1996,10,AW,0,4
1996,10,BF,0,4
1996,10,BSE,3,4
1996,10,Coa,0,1
1996,10,Com,20,9
1996,10,Cou,0,4
1996,10,Cri,41,12
1996,10,Def,2,19
1996,10,Dru,6,12
1996,10,Eco,13,1
1996,10,Edu,39,6
1996,10,Foo,0,4
1996,10,Ger,0,4
1996,10,GM,0,4
1996,10,Hea,0,3
1996,10,Hou,7,14
1996,10,Inf,2,1
1996,10,Inn,0,1
1996,10,LG,1,20
1996,10,Low,0,5
1996,10,Mor,7,20
1996,10,Nat,0,20
1996,10,NHS,36,3
1996,10,NI,1,19
1996,10,NP,0,1
1996,10,Nuc,0,19
1996,10,Pen,11,5
1996,10,Pet,0,1
1996,10,Pol,4,7
1996,10,Pou,0,1
1996,10,Pov,0,5
1996,10,Pri,2,1
1996,10,Pub,0,20
1996,10,Rac,3,9
1996,10,SA,0,19
1996,10,SWA,0,20
1996,10,Tax,4,1
1996,10,TU,0,1
1996,10,Tra,0,10
1996,10,Tsu,0,19
1996,10,Une,37,1
1996,10,Oth,0,99
1996,10,DK,0,99
1996,11,AID,0,19
1996,11,AW,0,4
1996,11,BF,0,4
1996,11,BSE,2,4
1996,11,Coa,0,1
1996,11,Com,23,9
1996,11,Cou,0,4
1996,11,Cri,37,12
1996,11,Def,3,19
1996,11,Dru,7,12
1996,11,Eco,19,1
1996,11,Edu,42,6
1996,11,Foo,0,4
1996,11,Ger,0,4
1996,11,GM,0,4
1996,11,Hea,0,3
1996,11,Hou,8,14
1996,11,Inf,5,1
1996,11,Inn,0,1
1996,11,LG,2,20
1996,11,Low,0,5
1996,11,Mor,9,20
1996,11,Nat,0,20
1996,11,NHS,43,3
1996,11,NI,1,19
1996,11,NP,0,1
1996,11,Nuc,0,19
1996,11,Pen,13,5
1996,11,Pet,0,1
1996,11,Pol,3,7
1996,11,Pou,0,1
1996,11,Pov,0,5
1996,11,Pri,2,1
1996,11,Pub,0,20
1996,11,Rac,3,9
1996,11,SA,0,19
1996,11,SWA,0,20
1996,11,Tax,3,1
1996,11,TU,0,1
1996,11,Tra,0,10
1996,11,Tsu,0,19
1996,11,Une,41,1
1996,11,Oth,0,99
1996,11,DK,0,99
1996,12,AID,0,19
1996,12,AW,0,4
1996,12,BF,0,4
1996,12,BSE,2,4
1996,12,Coa,0,1
1996,12,Com,38,9
1996,12,Cou,0,4
1996,12,Cri,37,12
1996,12,Def,2,19
1996,12,Dru,6,12
1996,12,Eco,24,1
1996,12,Edu,38,6
1996,12,Foo,0,4
1996,12,Ger,0,4
1996,12,GM,0,4
1996,12,Hea,0,3
1996,12,Hou,10,14
1996,12,Inf,4,1
1996,12,Inn,0,1
1996,12,LG,2,20
1996,12,Low,0,5
1996,12,Mor,7,20
1996,12,Nat,0,20
1996,12,NHS,42,3
1996,12,NI,2,19
1996,12,NP,0,1
1996,12,Nuc,0,19
1996,12,Pen,14,5
1996,12,Pet,0,1
1996,12,Pol,4,7
1996,12,Pou,0,1
1996,12,Pov,0,5
1996,12,Pri,2,1
1996,12,Pub,0,20
1996,12,Rac,3,9
1996,12,SA,0,19
1996,12,SWA,0,20
1996,12,Tax,4,1
1996,12,TU,0,1
1996,12,Tra,0,10
1996,12,Tsu,0,19
1996,12,Une,35,1
1996,12,Oth,0,99
1996,12,DK,0,99
1997,1,AID,1,19
1997,1,AW,1,4
1997,1,BF,0,4
1997,1,BSE,2,4
1997,1,Coa,0,1
1997,1,Com,29,9
1997,1,Cou,0,4
1997,1,Cri,22,12
1997,1,Def,2,19
1997,1,Dru,4,12
1997,1,Eco,19,1
1997,1,Edu,43,6
1997,1,Foo,0,4
1997,1,Ger,0,4
1997,1,GM,0,4
1997,1,Hea,0,3
1997,1,Hou,9,14
1997,1,Inf,3,1
1997,1,Inn,0,1
1997,1,LG,2,20
1997,1,Low,0,5
1997,1,Mor,5,20
1997,1,Nat,0,20
1997,1,NHS,49,3
1997,1,NI,2,19
1997,1,NP,0.25,1
1997,1,Nuc,1,19
1997,1,Pen,12,5
1997,1,Pet,0,1
1997,1,Pol,5,7
1997,1,Pou,1,1
1997,1,Pov,0,5
1997,1,Pri,2,1
1997,1,Pub,0,20
1997,1,Rac,2,9
1997,1,SA,0.25,19
1997,1,SWA,0,20
1997,1,Tax,4,1
1997,1,TU,0.25,1
1997,1,Tra,0,10
1997,1,Tsu,0,19
1997,1,Une,36,1
1997,1,Oth,0,99
1997,1,DK,0,99
1997,2,AID,1,19
1997,2,AW,1,4
1997,2,BF,0,4
1997,2,BSE,2,4
1997,2,Coa,0,1
1997,2,Com,35,9
1997,2,Cou,0,4
1997,2,Cri,27,12
1997,2,Def,2,19
1997,2,Dru,5,12
1997,2,Eco,18,1
1997,2,Edu,45,6
1997,2,Foo,0,4
1997,2,Ger,0,4
1997,2,GM,0,4
1997,2,Hea,0,3
1997,2,Hou,10,14
1997,2,Inf,4,1
1997,2,Inn,0,1
1997,2,LG,1,20
1997,2,Low,0,5
1997,2,Mor,8,20
1997,2,Nat,0,20
1997,2,NHS,48,3
1997,2,NI,2,19
1997,2,NP,0.25,1
1997,2,Nuc,1,19
1997,2,Pen,13,5
1997,2,Pet,0,1
1997,2,Pol,5,7
1997,2,Pou,1,1
1997,2,Pov,0,5
1997,2,Pri,2,1
1997,2,Pub,0,20
1997,2,Rac,3,9
1997,2,SA,0.25,19
1997,2,SWA,0,20
1997,2,Tax,5,1
1997,2,TU,1,1
1997,2,Tra,0,10
1997,2,Tsu,0,19
1997,2,Une,38,1
1997,2,Oth,0,99
1997,2,DK,0,99
1997,3,AID,1,19
1997,3,AW,1,4
1997,3,BF,0,4
1997,3,BSE,2,4
1997,3,Coa,0,1
1997,3,Com,33,9
1997,3,Cou,0,4
1997,3,Cri,28,12
1997,3,Def,1,19
1997,3,Dru,3,12
1997,3,Eco,18,1
1997,3,Edu,43,6
1997,3,Foo,0,4
1997,3,Ger,0,4
1997,3,GM,0,4
1997,3,Hea,0,3
1997,3,Hou,6,14
1997,3,Inf,4,1
1997,3,Inn,0,1
1997,3,LG,2,20
1997,3,Low,0,5
1997,3,Mor,5,20
1997,3,Nat,0,20
1997,3,NHS,49,3
1997,3,NI,0.25,19
1997,3,NP,0.25,1
1997,3,Nuc,1,19
1997,3,Pen,15,5
1997,3,Pet,0,1
1997,3,Pol,6,7
1997,3,Pou,0.25,1
1997,3,Pov,0,5
1997,3,Pri,2,1
1997,3,Pub,0,20
1997,3,Rac,3,9
1997,3,SA,0.25,19
1997,3,SWA,0,20
1997,3,Tax,3,1
1997,3,TU,0.25,1
1997,3,Tra,0,10
1997,3,Tsu,0,19
1997,3,Une,39,1
1997,3,Oth,0,99
1997,3,DK,0,99
1997,4,AID,0,19
1997,4,AW,0,4
1997,4,BF,0,4
1997,4,BSE,2,4
1997,4,Coa,0,1
1997,4,Com,43,9
1997,4,Cou,0,4
1997,4,Cri,27,12
1997,4,Def,2,19
1997,4,Dru,3,12
1997,4,Eco,22,1
1997,4,Edu,54,6
1997,4,Foo,0,4
1997,4,Ger,0,4
1997,4,GM,0,4
1997,4,Hea,0,3
1997,4,Hou,7,14
1997,4,Inf,3,1
1997,4,Inn,0,1
1997,4,LG,2,20
1997,4,Low,0,5
1997,4,Mor,5,20
1997,4,Nat,0,20
1997,4,NHS,63,3
1997,4,NI,3,19
1997,4,NP,0,1
1997,4,Nuc,0,19
1997,4,Pen,17,5
1997,4,Pet,0,1
1997,4,Pol,2,7
1997,4,Pou,0,1
1997,4,Pov,0,5
1997,4,Pri,1,1
1997,4,Pub,0,20
1997,4,Rac,3,9
1997,4,SA,0,19
1997,4,SWA,0,20
1997,4,Tax,4,1
1997,4,TU,0,1
1997,4,Tra,0,10
1997,4,Tsu,0,19
1997,4,Une,28,1
1997,4,Oth,0,99
1997,4,DK,0,99
1997,6,AID,1,19
1997,6,AW,0.25,4
1997,6,BF,0,4
1997,6,BSE,1,4
1997,6,Coa,0,1
1997,6,Com,30,9
1997,6,Cou,0,4
1997,6,Cri,24,12
1997,6,Def,2,19
1997,6,Dru,6,12
1997,6,Eco,14,1
1997,6,Edu,45,6
1997,6,Foo,0,4
1997,6,Ger,0,4
1997,6,GM,0,4
1997,6,Hea,0,3
1997,6,Hou,8,14
1997,6,Inf,2,1
1997,6,Inn,0,1
1997,6,LG,1,20
1997,6,Low,0,5
1997,6,Mor,5,20
1997,6,Nat,0,20
1997,6,NHS,51,3
1997,6,NI,4,19
1997,6,NP,0.25,1
1997,6,Nuc,1,19
1997,6,Pen,11,5
1997,6,Pet,0,1
1997,6,Pol,10,7
1997,6,Pou,1,1
1997,6,Pov,0,5
1997,6,Pri,1,1
1997,6,Pub,0,20
1997,6,Rac,3,9
1997,6,SA,0.25,19
1997,6,SWA,0,20
1997,6,Tax,3,1
1997,6,TU,0.25,1
1997,6,Tra,0,10
1997,6,Tsu,0,19
1997,6,Une,39,1
1997,6,Oth,0,99
1997,6,DK,0,99
1997,7,AID,1,19
1997,7,AW,1,4
1997,7,BF,0,4
1997,7,BSE,1,4
1997,7,Coa,0,1
1997,7,Com,23,9
1997,7,Cou,1,4
1997,7,Cri,23,12
1997,7,Def,2,19
1997,7,Dru,6,12
1997,7,Eco,19,1
1997,7,Edu,49,6
1997,7,Foo,0,4
1997,7,Ger,0,4
1997,7,GM,0,4
1997,7,Hea,0,3
1997,7,Hou,8,14
1997,7,Inf,4,1
1997,7,Inn,0,1
1997,7,LG,1,20
1997,7,Low,0,5
1997,7,Mor,6,20
1997,7,Nat,0,20
1997,7,NHS,46,3
1997,7,NI,4,19
1997,7,NP,0,1
1997,7,Nuc,1,19
1997,7,Pen,13,5
1997,7,Pet,0,1
1997,7,Pol,7,7
1997,7,Pou,1,1
1997,7,Pov,0,5
1997,7,Pri,0.25,1
1997,7,Pub,0,20
1997,7,Rac,4,9
1997,7,SA,0,19
1997,7,SWA,2,20
1997,7,Tax,2,1
1997,7,TU,0.25,1
1997,7,Tra,4,10
1997,7,Tsu,0,19
1997,7,Une,34,1
1997,7,Oth,11,99
1997,7,DK,4,99
1997,8,AID,0.25,19
1997,8,AW,1,4
1997,8,BF,0,4
1997,8,BSE,1,4
1997,8,Coa,0,1
1997,8,Com,16,9
1997,8,Cou,1,4
1997,8,Cri,27,12
1997,8,Def,2,19
1997,8,Dru,9,12
1997,8,Eco,18,1
1997,8,Edu,39,6
1997,8,Foo,0,4
1997,8,Ger,0,4
1997,8,GM,0,4
1997,8,Hea,0,3
1997,8,Hou,9,14
1997,8,Inf,5,1
1997,8,Inn,0,1
1997,8,LG,1,20
1997,8,Low,0,5
1997,8,Mor,5,20
1997,8,Nat,0,20
1997,8,NHS,47,3
1997,8,NI,2,19
1997,8,NP,0,1
1997,8,Nuc,1,19
1997,8,Pen,13,5
1997,8,Pet,0,1
1997,8,Pol,11,7
1997,8,Pou,1,1
1997,8,Pov,0,5
1997,8,Pri,0.25,1
1997,8,Pub,0,20
1997,8,Rac,5,9
1997,8,SA,0,19
1997,8,SWA,1,20
1997,8,Tax,2,1
1997,8,TU,0.25,1
1997,8,Tra,7,10
1997,8,Tsu,0,19
1997,8,Une,35,1
1997,8,Oth,14,99
1997,8,DK,4,99
1997,9,AID,1,19
1997,9,AW,0.25,4
1997,9,BF,0,4
1997,9,BSE,0.25,4
1997,9,Coa,0,1
1997,9,Com,21,9
1997,9,Cou,1,4
1997,9,Cri,28,12
1997,9,Def,2,19
1997,9,Dru,7,12
1997,9,Eco,17,1
1997,9,Edu,45,6
1997,9,Foo,0,4
1997,9,Ger,0,4
1997,9,GM,0,4
1997,9,Hea,0,3
1997,9,Hou,7,14
1997,9,Inf,4,1
1997,9,Inn,0,1
1997,9,LG,1,20
1997,9,Low,0,5
1997,9,Mor,6,20
1997,9,Nat,0,20
1997,9,NHS,45,3
1997,9,NI,2,19
1997,9,NP,0,1
1997,9,Nuc,1,19
1997,9,Pen,12,5
1997,9,Pet,0,1
1997,9,Pol,7,7
1997,9,Pou,0.25,1
1997,9,Pov,0,5
1997,9,Pri,0.25,1
1997,9,Pub,0,20
1997,9,Rac,4,9
1997,9,SA,0,19
1997,9,SWA,2,20
1997,9,Tax,2,1
1997,9,TU,0.25,1
1997,9,Tra,4,10
1997,9,Tsu,0,19
1997,9,Une,35,1
1997,9,Oth,11,99
1997,9,DK,4,99
1997,10,AID,1,19
1997,10,AW,1,4
1997,10,BF,0,4
1997,10,BSE,1,4
1997,10,Coa,0,1
1997,10,Com,35,9
1997,10,Cou,0.25,4
1997,10,Cri,26,12
1997,10,Def,2,19
1997,10,Dru,6,12
1997,10,Eco,14,1
1997,10,Edu,36,6
1997,10,Foo,0,4
1997,10,Ger,0,4
1997,10,GM,0,4
1997,10,Hea,0,3
1997,10,Hou,8,14
1997,10,Inf,4,1
1997,10,Inn,0,1
1997,10,LG,1,20
1997,10,Low,0,5
1997,10,Mor,4,20
1997,10,Nat,0,20
1997,10,NHS,47,3
1997,10,NI,2,19
1997,10,NP,0,1
1997,10,Nuc,1,19
1997,10,Pen,12,5
1997,10,Pet,0,1
1997,10,Pol,7,7
1997,10,Pou,1,1
1997,10,Pov,0,5
1997,10,Pri,1,1
1997,10,Pub,0,20
1997,10,Rac,8,9
1997,10,SA,0,19
1997,10,SWA,1,20
1997,10,Tax,2,1
1997,10,TU,0.25,1
1997,10,Tra,3,10
1997,10,Tsu,0,19
1997,10,Une,32,1
1997,10,Oth,16,99
1997,10,DK,4,99
1997,11,AID,1,19
1997,11,AW,1,4
1997,11,BF,0,4
1997,11,BSE,1,4
1997,11,Coa,0,1
1997,11,Com,31,9
1997,11,Cou,1,4
1997,11,Cri,22,12
1997,11,Def,4,19
1997,11,Dru,5,12
1997,11,Eco,16,1
1997,11,Edu,36,6
1997,11,Foo,0,4
1997,11,Ger,0,4
1997,11,GM,0,4
1997,11,Hea,0,3
1997,11,Hou,8,14
1997,11,Inf,4,1
1997,11,Inn,0,1
1997,11,LG,1,20
1997,11,Low,0,5
1997,11,Mor,4,20
1997,11,Nat,0,20
1997,11,NHS,47,3
1997,11,NI,1,19
1997,11,NP,0,1
1997,11,Nuc,1,19
1997,11,Pen,13,5
1997,11,Pet,0,1
1997,11,Pol,7,7
1997,11,Pou,1,1
1997,11,Pov,0,5
1997,11,Pri,0.25,1
1997,11,Pub,0,20
1997,11,Rac,4,9
1997,11,SA,0,19
1997,11,SWA,0.25,20
1997,11,Tax,1,1
1997,11,TU,0.25,1
1997,11,Tra,3,10
1997,11,Tsu,0,19
1997,11,Une,34,1
1997,11,Oth,13,99
1997,11,DK,4,99
1997,12,AID,1,19
1997,12,AW,1,4
1997,12,BF,0,4
1997,12,BSE,7,4
1997,12,Coa,0,1
1997,12,Com,28,9
1997,12,Cou,1,4
1997,12,Cri,16,12
1997,12,Def,2,19
1997,12,Dru,5,12
1997,12,Eco,14,1
1997,12,Edu,31,6
1997,12,Foo,0,4
1997,12,Ger,0,4
1997,12,GM,0,4
1997,12,Hea,0,3
1997,12,Hou,8,14
1997,12,Inf,3,1
1997,12,Inn,0,1
1997,12,LG,1,20
1997,12,Low,0,5
1997,12,Mor,4,20
1997,12,Nat,0,20
1997,12,NHS,42,3
1997,12,NI,3,19
1997,12,NP,0,1
1997,12,Nuc,1,19
1997,12,Pen,20,5
1997,12,Pet,0,1
1997,12,Pol,9,7
1997,12,Pou,0.25,1
1997,12,Pov,8,5
1997,12,Pri,0.25,1
1997,12,Pub,0,20
1997,12,Rac,4,9
1997,12,SA,0,19
1997,12,SWA,1,20
1997,12,Tax,2,1
1997,12,TU,0,1
1997,12,Tra,2,10
1997,12,Tsu,0,19
1997,12,Une,31,1
1997,12,Oth,10,99
1997,12,DK,5,99
1998,1,AID,0,19
1998,1,AW,0,4
1998,1,BF,0,4
1998,1,BSE,3,4
1998,1,Coa,0,1
1998,1,Com,23,9
1998,1,Cou,0,4
1998,1,Cri,19,12
1998,1,Def,4,19
1998,1,Dru,5,12
1998,1,Eco,14,1
1998,1,Edu,37,6
1998,1,Foo,0,4
1998,1,Ger,0,4
1998,1,GM,0,4
1998,1,Hea,0,3
1998,1,Hou,10,14
1998,1,Inf,3,1
1998,1,Inn,0,1
1998,1,LG,2,20
1998,1,Low,0,5
1998,1,Mor,5,20
1998,1,Nat,0,20
1998,1,NHS,42,3
1998,1,NI,8,19
1998,1,NP,0,1
1998,1,Nuc,0,19
1998,1,Pen,23,5
1998,1,Pet,0,1
1998,1,Pol,7,7
1998,1,Pou,0.25,1
1998,1,Pov,9,5
1998,1,Pri,0,1
1998,1,Pub,0,20
1998,1,Rac,4,9
1998,1,SA,0,19
1998,1,SWA,1,20
1998,1,Tax,3,1
1998,1,TU,0,1
1998,1,Tra,3,10
1998,1,Tsu,0,19
1998,1,Une,32,1
1998,1,Oth,13,99
1998,1,DK,3,99
1998,2,AID,0,19
1998,2,AW,0,4
1998,2,BF,0,4
1998,2,BSE,2,4
1998,2,Coa,0,1
1998,2,Com,16,9
1998,2,Cou,0,4
1998,2,Cri,14,12
1998,2,Def,26,19
1998,2,Dru,3,12
1998,2,Eco,14,1
1998,2,Edu,37,6
1998,2,Foo,0,4
1998,2,Ger,0,4
1998,2,GM,0,4
1998,2,Hea,0,3
1998,2,Hou,7,14
1998,2,Inf,3,1
1998,2,Inn,0,1
1998,2,LG,1,20
1998,2,Low,0,5
1998,2,Mor,3,20
1998,2,Nat,0,20
1998,2,NHS,50,3
1998,2,NI,5,19
1998,2,NP,0,1
1998,2,Nuc,0,19
1998,2,Pen,19,5
1998,2,Pet,0,1
1998,2,Pol,6,7
1998,2,Pou,1,1
1998,2,Pov,8,5
1998,2,Pri,0,1
1998,2,Pub,0,20
1998,2,Rac,3,9
1998,2,SA,0,19
1998,2,SWA,0.25,20
1998,2,Tax,3,1
1998,2,TU,0,1
1998,2,Tra,3,10
1998,2,Tsu,0,19
1998,2,Une,31,1
1998,2,Oth,10,99
1998,2,DK,4,99
1998,3,AID,0,19
1998,3,AW,0,4
1998,3,BF,0,4
1998,3,BSE,2,4
1998,3,Coa,0,1
1998,3,Com,22,9
1998,3,Cou,0,4
1998,3,Cri,13,12
1998,3,Def,4,19
1998,3,Dru,5,12
1998,3,Eco,19,1
1998,3,Edu,42,6
1998,3,Foo,0,4
1998,3,Ger,0,4
1998,3,GM,0,4
1998,3,Hea,0,3
1998,3,Hou,6,14
1998,3,Inf,3,1
1998,3,Inn,0,1
1998,3,LG,2,20
1998,3,Low,0,5
1998,3,Mor,4,20
1998,3,Nat,0,20
1998,3,NHS,47,3
1998,3,NI,3,19
1998,3,NP,0,1
1998,3,Nuc,0,19
1998,3,Pen,17,5
1998,3,Pet,0,1
1998,3,Pol,7,7
1998,3,Pou,2,1
1998,3,Pov,7,5
1998,3,Pri,0,1
1998,3,Pub,0,20
1998,3,Rac,3,9
1998,3,SA,0,19
1998,3,SWA,1,20
1998,3,Tax,4,1
1998,3,TU,0,1
1998,3,Tra,4,10
1998,3,Tsu,0,19
1998,3,Une,34,1
1998,3,Oth,11,99
1998,3,DK,4,99
1998,4,AID,0,19
1998,4,AW,0,4
1998,4,BF,0,4
1998,4,BSE,1,4
1998,4,Coa,0,1
1998,4,Com,23,9
1998,4,Cou,2,4
1998,4,Cri,21,12
1998,4,Def,5,19
1998,4,Dru,9,12
1998,4,Eco,14,1
1998,4,Edu,39,6
1998,4,Foo,0,4
1998,4,Ger,0,4
1998,4,GM,0,4
1998,4,Hea,0,3
1998,4,Hou,6,14
1998,4,Inf,3,1
1998,4,Inn,0,1
1998,4,LG,1,20
1998,4,Low,0,5
1998,4,Mor,6,20
1998,4,Nat,0,20
1998,4,NHS,35,3
1998,4,NI,10,19
1998,4,NP,0,1
1998,4,Nuc,2,19
1998,4,Pen,13,5
1998,4,Pet,0,1
1998,4,Pol,8,7
1998,4,Pou,1,1
1998,4,Pov,9,5
1998,4,Pri,0,1
1998,4,Pub,0,20
1998,4,Rac,6,9
1998,4,SA,0,19
1998,4,SWA,0,20
1998,4,Tax,3,1
1998,4,TU,0,1
1998,4,Tra,3,10
1998,4,Tsu,0,19
1998,4,Une,31,1
1998,4,Oth,11,99
1998,4,DK,5,99
1998,5,AID,0,19
1998,5,AW,0,4
1998,5,BF,0,4
1998,5,BSE,1,4
1998,5,Coa,0,1
1998,5,Com,22,9
1998,5,Cou,1,4
1998,5,Cri,20,12
1998,5,Def,4,19
1998,5,Dru,5,12
1998,5,Eco,13,1
1998,5,Edu,39,6
1998,5,Foo,0,4
1998,5,Ger,0,4
1998,5,GM,0,4
1998,5,Hea,0,3
1998,5,Hou,7,14
1998,5,Inf,5,1
1998,5,Inn,0,1
1998,5,LG,2,20
1998,5,Low,0,5
1998,5,Mor,3,20
1998,5,Nat,0,20
1998,5,NHS,49,3
1998,5,NI,11,19
1998,5,NP,0,1
1998,5,Nuc,1,19
1998,5,Pen,12,5
1998,5,Pet,0,1
1998,5,Pol,6,7
1998,5,Pou,1,1
1998,5,Pov,7,5
1998,5,Pri,0,1
1998,5,Pub,0,20
1998,5,Rac,3,9
1998,5,SA,0,19
1998,5,SWA,0,20
1998,5,Tax,3,1
1998,5,TU,0,1
1998,5,Tra,4,10
1998,5,Tsu,0,19
1998,5,Une,30,1
1998,5,Oth,11,99
1998,5,DK,5,99
1998,6,AID,0,19
1998,6,AW,0,4
1998,6,BF,0,4
1998,6,BSE,1,4
1998,6,Coa,0,1
1998,6,Com,33,9
1998,6,Cou,1,4
1998,6,Cri,21,12
1998,6,Def,5,19
1998,6,Dru,8,12
1998,6,Eco,13,1
1998,6,Edu,33,6
1998,6,Foo,0,4
1998,6,Ger,0,4
1998,6,GM,0,4
1998,6,Hea,0,3
1998,6,Hou,8,14
1998,6,Inf,5,1
1998,6,Inn,0,1
1998,6,LG,2,20
1998,6,Low,0,5
1998,6,Mor,6,20
1998,6,Nat,0,20
1998,6,NHS,44,3
1998,6,NI,5,19
1998,6,NP,0,1
1998,6,Nuc,2,19
1998,6,Pen,10,5
1998,6,Pet,0,1
1998,6,Pol,8,7
1998,6,Pou,2,1
1998,6,Pov,9,5
1998,6,Pri,0,1
1998,6,Pub,0,20
1998,6,Rac,3,9
1998,6,SA,0,19
1998,6,SWA,0,20
1998,6,Tax,3,1
1998,6,TU,0,1
1998,6,Tra,5,10
1998,6,Tsu,0,19
1998,6,Une,33,1
1998,6,Oth,13,99
1998,6,DK,5,99
1998,7,AID,0,19
1998,7,AW,0,4
1998,7,BF,0,4
1998,7,BSE,1,4
1998,7,Coa,0,1
1998,7,Com,22,9
1998,7,Cou,1,4
1998,7,Cri,19,12
1998,7,Def,3,19
1998,7,Dru,7,12
1998,7,Eco,17,1
1998,7,Edu,40,6
1998,7,Foo,0,4
1998,7,Ger,0,4
1998,7,GM,0,4
1998,7,Hea,0,3
1998,7,Hou,8,14
1998,7,Inf,4,1
1998,7,Inn,0,1
1998,7,LG,1,20
1998,7,Low,0,5
1998,7,Mor,5,20
1998,7,Nat,0,20
1998,7,NHS,45,3
1998,7,NI,5,19
1998,7,NP,0,1
1998,7,Nuc,1,19
1998,7,Pen,13,5
1998,7,Pet,0,1
1998,7,Pol,8,7
1998,7,Pou,2,1
1998,7,Pov,9,5
1998,7,Pri,0,1
1998,7,Pub,0,20
1998,7,Rac,3,9
1998,7,SA,0,19
1998,7,SWA,0,20
1998,7,Tax,3,1
1998,7,TU,0,1
1998,7,Tra,8,10
1998,7,Tsu,0,19
1998,7,Une,28,1
1998,7,Oth,12,99
1998,7,DK,6,99
1998,8,AID,0,19
1998,8,AW,0,4
1998,8,BF,0,4
1998,8,BSE,0.25,4
1998,8,Coa,0,1
1998,8,Com,13,9
1998,8,Cou,1,4
1998,8,Cri,21,12
1998,8,Def,7,19
1998,8,Dru,8,12
1998,8,Eco,26,1
1998,8,Edu,33,6
1998,8,Foo,0,4
1998,8,Ger,0,4
1998,8,GM,0,4
1998,8,Hea,0,3
1998,8,Hou,7,14
1998,8,Inf,4,1
1998,8,Inn,0,1
1998,8,LG,1,20
1998,8,Low,0,5
1998,8,Mor,4,20
1998,8,Nat,0,20
1998,8,NHS,41,3
1998,8,NI,11,19
1998,8,NP,0,1
1998,8,Nuc,2,19
1998,8,Pen,12,5
1998,8,Pet,0,1
1998,8,Pol,7,7
1998,8,Pou,1,1
1998,8,Pov,7,5
1998,8,Pri,0,1
1998,8,Pub,0,20
1998,8,Rac,4,9
1998,8,SA,0,19
1998,8,SWA,0,20
1998,8,Tax,4,1
1998,8,TU,0,1
1998,8,Tra,4,10
1998,8,Tsu,0,19
1998,8,Une,36,1
1998,8,Oth,11,99
1998,8,DK,4,99
1998,9,AID,0,19
1998,9,AW,0,4
1998,9,BF,0,4
1998,9,BSE,1,4
1998,9,Coa,0,1
1998,9,Com,20,9
1998,9,Cou,1,4
1998,9,Cri,17,12
1998,9,Def,3,19
1998,9,Dru,5,12
1998,9,Eco,27,1
1998,9,Edu,31,6
1998,9,Foo,0,4
1998,9,Ger,0,4
1998,9,GM,0,4
1998,9,Hea,0,3
1998,9,Hou,9,14
1998,9,Inf,6,1
1998,9,Inn,0,1
1998,9,LG,1,20
1998,9,Low,0,5
1998,9,Mor,4,20
1998,9,Nat,0,20
1998,9,NHS,40,3
1998,9,NI,1,19
1998,9,NP,0,1
1998,9,Nuc,1,19
1998,9,Pen,9,5
1998,9,Pet,0,1
1998,9,Pol,4,7
1998,9,Pou,3,1
1998,9,Pov,7,5
1998,9,Pri,0,1
1998,9,Pub,0,20
1998,9,Rac,6,9
1998,9,SA,0,19
1998,9,SWA,0,20
1998,9,Tax,2,1
1998,9,TU,0,1
1998,9,Tra,4,10
1998,9,Tsu,0,19
1998,9,Une,44,1
1998,9,Oth,6,99
1998,9,DK,7,99
1998,10,AID,0,19
1998,10,AW,0,4
1998,10,BF,0,4
1998,10,BSE,1,4
1998,10,Coa,0,1
1998,10,Com,23,9
1998,10,Cou,2,4
1998,10,Cri,20,12
1998,10,Def,4,19
1998,10,Dru,8,12
1998,10,Eco,30,1
1998,10,Edu,33,6
1998,10,Foo,0,4
1998,10,Ger,0,4
1998,10,GM,0,4
1998,10,Hea,0,3
1998,10,Hou,8,14
1998,10,Inf,8,1
1998,10,Inn,0,1
1998,10,LG,2,20
1998,10,Low,0,5
1998,10,Mor,5,20
1998,10,Nat,0,20
1998,10,NHS,38,3
1998,10,NI,2,19
1998,10,NP,0,1
1998,10,Nuc,1,19
1998,10,Pen,12,5
1998,10,Pet,0,1
1998,10,Pol,5,7
1998,10,Pou,3,1
1998,10,Pov,10,5
1998,10,Pri,0,1
1998,10,Pub,0,20
1998,10,Rac,4,9
1998,10,SA,0,19
1998,10,SWA,0,20
1998,10,Tax,1,1
1998,10,TU,0,1
1998,10,Tra,2,10
1998,10,Tsu,0,19
1998,10,Une,43,1
1998,10,Oth,5,99
1998,10,DK,6,99
1998,11,AID,0,19
1998,11,AW,0,4
1998,11,BF,0,4
1998,11,BSE,2,4
1998,11,Coa,0,1
1998,11,Com,26,9
1998,11,Cou,2,4
1998,11,Cri,17,12
1998,11,Def,8,19
1998,11,Dru,6,12
1998,11,Eco,21,1
1998,11,Edu,32,6
1998,11,Foo,0,4
1998,11,Ger,0,4
1998,11,GM,0,4
1998,11,Hea,0,3
1998,11,Hou,7,14
1998,11,Inf,5,1
1998,11,Inn,0,1
1998,11,LG,2,20
1998,11,Low,4,5
1998,11,Mor,4,20
1998,11,Nat,0,20
1998,11,NHS,37,3
1998,11,NI,1,19
1998,11,NP,0,1
1998,11,Nuc,2,19
1998,11,Pen,11,5
1998,11,Pet,0,1
1998,11,Pol,5,7
1998,11,Pou,2,1
1998,11,Pov,7,5
1998,11,Pri,0,1
1998,11,Pub,0,20
1998,11,Rac,6,9
1998,11,SA,0,19
1998,11,SWA,0,20
1998,11,Tax,5,1
1998,11,TU,0,1
1998,11,Tra,3,10
1998,11,Tsu,0,19
1998,11,Une,35,1
1998,11,Oth,8,99
1998,11,DK,7,99
1998,12,AID,0,19
1998,12,AW,0,4
1998,12,BF,0,4
1998,12,BSE,1,4
1998,12,Coa,0,1
1998,12,Com,32,9
1998,12,Cou,1,4
1998,12,Cri,17,12
1998,12,Def,5,19
1998,12,Dru,6,12
1998,12,Eco,18,1
1998,12,Edu,26,6
1998,12,Foo,0,4
1998,12,Ger,0,4
1998,12,GM,0,4
1998,12,Hea,0,3
1998,12,Hou,8,14
1998,12,Inf,6,1
1998,12,Inn,0,1
1998,12,LG,1,20
1998,12,Low,3,5
1998,12,Mor,5,20
1998,12,Nat,0,20
1998,12,NHS,34,3
1998,12,NI,2,19
1998,12,NP,0,1
1998,12,Nuc,1,19
1998,12,Pen,10,5
1998,12,Pet,0,1
1998,12,Pol,3,7
1998,12,Pou,0,1
1998,12,Pov,8,5
1998,12,Pri,0,1
1998,12,Pub,0,20
1998,12,Rac,7,9
1998,12,SA,0,19
1998,12,SWA,1,20
1998,12,Tax,3,1
1998,12,TU,0,1
1998,12,Tra,4,10
1998,12,Tsu,0,19
1998,12,Une,30,1
1998,12,Oth,12,99
1998,12,DK,4,99
1999,1,AID,0.25,19
1999,1,AW,0.25,4
1999,1,BF,0,4
1999,1,BSE,1,4
1999,1,Coa,0,1
1999,1,Com,27,9
1999,1,Cou,2,4
1999,1,Cri,17,12
1999,1,Def,7,19
1999,1,Dru,5,12
1999,1,Eco,19,1
1999,1,Edu,32,6
1999,1,Foo,0,4
1999,1,Ger,0,4
1999,1,GM,0,4
1999,1,Hea,0,3
1999,1,Hou,7,14
1999,1,Inf,4,1
1999,1,Inn,0,1
1999,1,LG,2,20
1999,1,Low,4,5
1999,1,Mor,5,20
1999,1,Nat,0,20
1999,1,NHS,49,3
1999,1,NI,1,19
1999,1,NP,0,1
1999,1,Nuc,2,19
1999,1,Pen,10,5
1999,1,Pet,0,1
1999,1,Pol,6,7
1999,1,Pou,1,1
1999,1,Pov,5,5
1999,1,Pri,1,1
1999,1,Pub,0,20
1999,1,Rac,4,9
1999,1,SA,0,19
1999,1,SWA,1,20
1999,1,Tax,3,1
1999,1,TU,0.25,1
1999,1,Tra,2,10
1999,1,Tsu,0,19
1999,1,Une,26,1
1999,1,Oth,9,99
1999,1,DK,6,99
1999,2,AID,1,19
1999,2,AW,1,4
1999,2,BF,0,4
1999,2,BSE,3,4
1999,2,Coa,0,1
1999,2,Com,30,9
1999,2,Cou,2,4
1999,2,Cri,19,12
1999,2,Def,8,19
1999,2,Dru,6,12
1999,2,Eco,13,1
1999,2,Edu,29,6
1999,2,Foo,0,4
1999,2,Ger,0,4
1999,2,GM,0,4
1999,2,Hea,0,3
1999,2,Hou,7,14
1999,2,Inf,4,1
1999,2,Inn,0,1
1999,2,LG,1,20
1999,2,Low,4,5
1999,2,Mor,4,20
1999,2,Nat,0,20
1999,2,NHS,39,3
1999,2,NI,3,19
1999,2,NP,0,1
1999,2,Nuc,2,19
1999,2,Pen,11,5
1999,2,Pet,0,1
1999,2,Pol,5,7
1999,2,Pou,1,1
1999,2,Pov,9,5
1999,2,Pri,0.25,1
1999,2,Pub,0,20
1999,2,Rac,7,9
1999,2,SA,0,19
1999,2,SWA,1,20
1999,2,Tax,3,1
1999,2,TU,0.25,1
1999,2,Tra,2,10
1999,2,Tsu,0,19
1999,2,Une,26,1
1999,2,Oth,9,99
1999,2,DK,4,99
1999,3,AID,0.25,19
1999,3,AW,1,4
1999,3,BF,0,4
1999,3,BSE,1,4
1999,3,Coa,0,1
1999,3,Com,32,9
1999,3,Cou,1,4
1999,3,Cri,16,12
1999,3,Def,4,19
1999,3,Dru,5,12
1999,3,Eco,15,1
1999,3,Edu,29,6
1999,3,Foo,0,4
1999,3,Ger,0,4
1999,3,GM,0,4
1999,3,Hea,0,3
1999,3,Hou,7,14
1999,3,Inf,4,1
1999,3,Inn,0,1
1999,3,LG,2,20
1999,3,Low,3,5
1999,3,Mor,5,20
1999,3,Nat,0,20
1999,3,NHS,37,3
1999,3,NI,3,19
1999,3,NP,0,1
1999,3,Nuc,1,19
1999,3,Pen,10,5
1999,3,Pet,0,1
1999,3,Pol,5,7
1999,3,Pou,1,1
1999,3,Pov,10,5
1999,3,Pri,0.25,1
1999,3,Pub,0,20
1999,3,Rac,5,9
1999,3,SA,0,19
1999,3,SWA,1,20
1999,3,Tax,5,1
1999,3,TU,0.25,1
1999,3,Tra,3,10
1999,3,Tsu,0,19
1999,3,Une,25,1
1999,3,Oth,10,99
1999,3,DK,6,99
1999,4,AID,0.25,19
1999,4,AW,0.25,4
1999,4,BF,0,4
1999,4,BSE,0.25,4
1999,4,Coa,0,1
1999,4,Com,15,9
1999,4,Cou,1,4
1999,4,Cri,20,12
1999,4,Def,28,19
1999,4,Dru,9,12
1999,4,Eco,13,1
1999,4,Edu,31,6
1999,4,Foo,0,4
1999,4,Ger,0,4
1999,4,GM,0,4
1999,4,Hea,0,3
1999,4,Hou,6,14
1999,4,Inf,5,1
1999,4,Inn,0,1
1999,4,LG,1,20
1999,4,Low,4,5
1999,4,Mor,3,20
1999,4,Nat,0,20
1999,4,NHS,34,3
1999,4,NI,2,19
1999,4,NP,0,1
1999,4,Nuc,4,19
1999,4,Pen,7,5
1999,4,Pet,0,1
1999,4,Pol,4,7
1999,4,Pou,1,1
1999,4,Pov,9,5
1999,4,Pri,0.25,1
1999,4,Pub,0,20
1999,4,Rac,8,9
1999,4,SA,0,19
1999,4,SWA,2,20
1999,4,Tax,5,1
1999,4,TU,0.25,1
1999,4,Tra,3,10
1999,4,Tsu,0,19
1999,4,Une,27,1
1999,4,Oth,11,99
1999,4,DK,5,99
1999,5,AID,1,19
1999,5,AW,1,4
1999,5,BF,0,4
1999,5,BSE,0.25,4
1999,5,Coa,0,1
1999,5,Com,26,9
1999,5,Cou,1,4
1999,5,Cri,18,12
1999,5,Def,28,19
1999,5,Dru,6,12
1999,5,Eco,15,1
1999,5,Edu,27,6
1999,5,Foo,0,4
1999,5,Ger,0,4
1999,5,GM,0,4
1999,5,Hea,0,3
1999,5,Hou,9,14
1999,5,Inf,3,1
1999,5,Inn,0,1
1999,5,LG,1,20
1999,5,Low,3,5
1999,5,Mor,5,20
1999,5,Nat,0,20
1999,5,NHS,33,3
1999,5,NI,0.25,19
1999,5,NP,0,1
1999,5,Nuc,3,19
1999,5,Pen,11,5
1999,5,Pet,0,1
1999,5,Pol,6,7
1999,5,Pou,1,1
1999,5,Pov,8,5
1999,5,Pri,0.25,1
1999,5,Pub,0,20
1999,5,Rac,6,9
1999,5,SA,0,19
1999,5,SWA,1,20
1999,5,Tax,3,1
1999,5,TU,1,1
1999,5,Tra,3,10
1999,5,Tsu,0,19
1999,5,Une,23,1
1999,5,Oth,11,99
1999,5,DK,7,99
1999,6,AID,0.25,19
1999,6,AW,1,4
1999,6,BF,0,4
1999,6,BSE,1,4
1999,6,Coa,0,1
1999,6,Com,37,9
1999,6,Cou,1,4
1999,6,Cri,18,12
1999,6,Def,16,19
1999,6,Dru,7,12
1999,6,Eco,16,1
1999,6,Edu,29,6
1999,6,Foo,0,4
1999,6,Ger,0,4
1999,6,GM,0,4
1999,6,Hea,0,3
1999,6,Hou,9,14
1999,6,Inf,4,1
1999,6,Inn,0,1
1999,6,LG,1,20
1999,6,Low,3,5
1999,6,Mor,6,20
1999,6,Nat,0,20
1999,6,NHS,35,3
1999,6,NI,2,19
1999,6,NP,0,1
1999,6,Nuc,2,19
1999,6,Pen,10,5
1999,6,Pet,0,1
1999,6,Pol,5,7
1999,6,Pou,1,1
1999,6,Pov,8,5
1999,6,Pri,1,1
1999,6,Pub,0,20
1999,6,Rac,7,9
1999,6,SA,0,19
1999,6,SWA,2,20
1999,6,Tax,3,1
1999,6,TU,0.25,1
1999,6,Tra,4,10
1999,6,Tsu,0,19
1999,6,Une,19,1
1999,6,Oth,10,99
1999,6,DK,7,99
1999,7,AID,0.25,19
1999,7,AW,0.25,4
1999,7,BF,0,4
1999,7,BSE,1,4
1999,7,Coa,0,1
1999,7,Com,30,9
1999,7,Cou,1,4
1999,7,Cri,16,12
1999,7,Def,7,19
1999,7,Dru,6,12
1999,7,Eco,13,1
1999,7,Edu,30,6
1999,7,Foo,0,4
1999,7,Ger,0,4
1999,7,GM,1,4
1999,7,Hea,0,3
1999,7,Hou,8,14
1999,7,Inf,4,1
1999,7,Inn,0,1
1999,7,LG,1,20
1999,7,Low,2,5
1999,7,Mor,3,20
1999,7,Nat,0,20
1999,7,NHS,39,3
1999,7,NI,10,19
1999,7,NP,0,1
1999,7,Nuc,1,19
1999,7,Pen,7,5
1999,7,Pet,0,1
1999,7,Pol,8,7
1999,7,Pou,1,1
1999,7,Pov,7,5
1999,7,Pri,0.25,1
1999,7,Pub,0,20
1999,7,Rac,7,9
1999,7,SA,0,19
1999,7,SWA,1,20
1999,7,Tax,4,1
1999,7,TU,0.25,1
1999,7,Tra,11,10
1999,7,Tsu,0,19
1999,7,Une,21,1
1999,7,Oth,11,99
1999,7,DK,7,99
1999,8,AID,0.25,19
1999,8,AW,0.25,4
1999,8,BF,0,4
1999,8,BSE,1,4
1999,8,Coa,0,1
1999,8,Com,25,9
1999,8,Cou,2,4
1999,8,Cri,19,12
1999,8,Def,5,19
1999,8,Dru,5,12
1999,8,Eco,13,1
1999,8,Edu,30,6
1999,8,Foo,0,4
1999,8,Ger,0,4
1999,8,GM,3,4
1999,8,Hea,0,3
1999,8,Hou,8,14
1999,8,Inf,6,1
1999,8,Inn,0,1
1999,8,LG,1,20
1999,8,Low,3,5
1999,8,Mor,4,20
1999,8,Nat,0,20
1999,8,NHS,41,3
1999,8,NI,2,19
1999,8,NP,0,1
1999,8,Nuc,1,19
1999,8,Pen,11,5
1999,8,Pet,0,1
1999,8,Pol,6,7
1999,8,Pou,1,1
1999,8,Pov,9,5
1999,8,Pri,1,1
1999,8,Pub,0,20
1999,8,Rac,10,9
1999,8,SA,0,19
1999,8,SWA,0.25,20
1999,8,Tax,5,1
1999,8,TU,0,1
1999,8,Tra,7,10
1999,8,Tsu,0,19
1999,8,Une,24,1
1999,8,Oth,10,99
1999,8,DK,7,99
1999,9,AID,0.25,19
1999,9,AW,1,4
1999,9,BF,0,4
1999,9,BSE,1,4
1999,9,Coa,0,1
1999,9,Com,23,9
1999,9,Cou,3,4
1999,9,Cri,21,12
1999,9,Def,5,19
1999,9,Dru,12,12
1999,9,Eco,11,1
1999,9,Edu,31,6
1999,9,Foo,0,4
1999,9,Ger,0,4
1999,9,GM,2,4
1999,9,Hea,0,3
1999,9,Hou,8,14
1999,9,Inf,4,1
1999,9,Inn,0,1
1999,9,LG,1,20
1999,9,Low,3,5
1999,9,Mor,6,20
1999,9,Nat,0,20
1999,9,NHS,39,3
1999,9,NI,3,19
1999,9,NP,0,1
1999,9,Nuc,1,19
1999,9,Pen,14,5
1999,9,Pet,0,1
1999,9,Pol,7,7
1999,9,Pou,1,1
1999,9,Pov,14,5
1999,9,Pri,0.25,1
1999,9,Pub,0,20
1999,9,Rac,7,9
1999,9,SA,0,19
1999,9,SWA,1,20
1999,9,Tax,2,1
1999,9,TU,0.25,1
1999,9,Tra,5,10
1999,9,Tsu,0,19
1999,9,Une,22,1
1999,9,Oth,11,99
1999,9,DK,5,99
1999,10,AID,0.25,19
1999,10,AW,0,4
1999,10,BF,0,4
1999,10,BSE,4,4
1999,10,Coa,0,1
1999,10,Com,34,9
1999,10,Cou,3,4
1999,10,Cri,16,12
1999,10,Def,5,19
1999,10,Dru,7,12
1999,10,Eco,9,1
1999,10,Edu,31,6
1999,10,Foo,0,4
1999,10,Ger,0,4
1999,10,GM,1,4
1999,10,Hea,0,3
1999,10,Hou,9,14
1999,10,Inf,5,1
1999,10,Inn,0,1
1999,10,LG,1,20
1999,10,Low,2,5
1999,10,Mor,3,20
1999,10,Nat,0,20
1999,10,NHS,41,3
1999,10,NI,2,19
1999,10,NP,0,1
1999,10,Nuc,1,19
1999,10,Pen,12,5
1999,10,Pet,0,1
1999,10,Pol,7,7
1999,10,Pou,2,1
1999,10,Pov,11,5
1999,10,Pri,0,1
1999,10,Pub,0,20
1999,10,Rac,8,9
1999,10,SA,0,19
1999,10,SWA,0,20
1999,10,Tax,3,1
1999,10,TU,0,1
1999,10,Tra,10,10
1999,10,Tsu,0,19
1999,10,Une,17,1
1999,10,Oth,13,99
1999,10,DK,5,99
1999,11,AID,1,19
1999,11,AW,0,4
1999,11,BF,0,4
1999,11,BSE,4,4
1999,11,Coa,0,1
1999,11,Com,23,9
1999,11,Cou,2,4
1999,11,Cri,24,12
1999,11,Def,5,19
1999,11,Dru,8,12
1999,11,Eco,13,1
1999,11,Edu,29,6
1999,11,Foo,0,4
1999,11,Ger,0,4
1999,11,GM,1,4
1999,11,Hea,0,3
1999,11,Hou,11,14
1999,11,Inf,4,1
1999,11,Inn,0,1
1999,11,LG,2,20
1999,11,Low,5,5
1999,11,Mor,5,20
1999,11,Nat,0,20
1999,11,NHS,40,3
1999,11,NI,4,19
1999,11,NP,0,1
1999,11,Nuc,1,19
1999,11,Pen,14,5
1999,11,Pet,0,1
1999,11,Pol,8,7
1999,11,Pou,1,1
1999,11,Pov,10,5
1999,11,Pri,0,1
1999,11,Pub,0,20
1999,11,Rac,5,9
1999,11,SA,0,19
1999,11,SWA,0,20
1999,11,Tax,4,1
1999,11,TU,0,1
1999,11,Tra,12,10
1999,11,Tsu,0,19
1999,11,Une,21,1
1999,11,Oth,11,99
1999,11,DK,4,99
1999,12,AID,2,19
1999,12,AW,0.25,4
1999,12,BF,0,4
1999,12,BSE,5,4
1999,12,Coa,0,1
1999,12,Com,32,9
1999,12,Cou,2,4
1999,12,Cri,15,12
1999,12,Def,4,19
1999,12,Dru,6,12
1999,12,Eco,10,1
1999,12,Edu,33,6
1999,12,Foo,0,4
1999,12,Ger,0,4
1999,12,GM,1,4
1999,12,Hea,0,3
1999,12,Hou,8,14
1999,12,Inf,3,1
1999,12,Inn,0,1
1999,12,LG,1,20
1999,12,Low,4,5
1999,12,Mor,5,20
1999,12,Nat,0,20
1999,12,NHS,41,3
1999,12,NI,2,19
1999,12,NP,0,1
1999,12,Nuc,1,19
1999,12,Pen,13,5
1999,12,Pet,0,1
1999,12,Pol,6,7
1999,12,Pou,1,1
1999,12,Pov,10,5
1999,12,Pri,1,1
1999,12,Pub,0,20
1999,12,Rac,4,9
1999,12,SA,0,19
1999,12,SWA,1,20
1999,12,Tax,5,1
1999,12,TU,0,1
1999,12,Tra,14,10
1999,12,Tsu,0,19
1999,12,Une,18,1
1999,12,Oth,15,99
1999,12,DK,0,99
2000,1,AID,0,19
2000,1,AW,0,4
2000,1,BF,0,4
2000,1,BSE,0.25,4
2000,1,Coa,0,1
2000,1,Com,22,9
2000,1,Cou,1,4
2000,1,Cri,24,12
2000,1,Def,4,19
2000,1,Dru,8,12
2000,1,Eco,11,1
2000,1,Edu,32,6
2000,1,Foo,0,4
2000,1,Ger,0,4
2000,1,GM,1,4
2000,1,Hea,0,3
2000,1,Hou,9,14
2000,1,Inf,3,1
2000,1,Inn,0,1
2000,1,LG,1,20
2000,1,Low,4,5
2000,1,Mor,5,20
2000,1,Nat,0,20
2000,1,NHS,70,3
2000,1,NI,2,19
2000,1,NP,0,1
2000,1,Nuc,2,19
2000,1,Pen,12,5
2000,1,Pet,0,1
2000,1,Pol,5,7
2000,1,Pou,1,1
2000,1,Pov,8,5
2000,1,Pri,0,1
2000,1,Pub,0,20
2000,1,Rac,7,9
2000,1,SA,0,19
2000,1,SWA,0,20
2000,1,Tax,5,1
2000,1,TU,0,1
2000,1,Tra,7,10
2000,1,Tsu,0,19
2000,1,Une,20,1
2000,1,Oth,12,99
2000,1,DK,7,99
2000,2,AID,0.25,19
2000,2,AW,0,4
2000,2,BF,0,4
2000,2,BSE,1,4
2000,2,Coa,0,1
2000,2,Com,25,9
2000,2,Cou,2,4
2000,2,Cri,18,12
2000,2,Def,3,19
2000,2,Dru,6,12
2000,2,Eco,11,1
2000,2,Edu,32,6
2000,2,Foo,0,4
2000,2,Ger,0,4
2000,2,GM,1,4
2000,2,Hea,0,3
2000,2,Hou,6,14
2000,2,Inf,4,1
2000,2,Inn,0,1
2000,2,LG,2,20
2000,2,Low,4,5
2000,2,Mor,4,20
2000,2,Nat,0,20
2000,2,NHS,54,3
2000,2,NI,6,19
2000,2,NP,0,1
2000,2,Nuc,1,19
2000,2,Pen,13,5
2000,2,Pet,0,1
2000,2,Pol,3,7
2000,2,Pou,2,1
2000,2,Pov,7,5
2000,2,Pri,0,1
2000,2,Pub,0,20
2000,2,Rac,12,9
2000,2,SA,0,19
2000,2,SWA,0,20
2000,2,Tax,5,1
2000,2,TU,0,1
2000,2,Tra,5,10
2000,2,Tsu,0,19
2000,2,Une,19,1
2000,2,Oth,13,99
2000,2,DK,7,99
2000,3,AID,0.25,19
2000,3,AW,0,4
2000,3,BF,0,4
2000,3,BSE,0.25,4
2000,3,Coa,0,1
2000,3,Com,20,9
2000,3,Cou,1,4
2000,3,Cri,20,12
2000,3,Def,2,19
2000,3,Dru,10,12
2000,3,Eco,7,1
2000,3,Edu,37,6
2000,3,Foo,0,4
2000,3,Ger,0,4
2000,3,GM,2,4
2000,3,Hea,0,3
2000,3,Hou,9,14
2000,3,Inf,3,1
2000,3,Inn,0,1
2000,3,LG,1,20
2000,3,Low,4,5
2000,3,Mor,5,20
2000,3,Nat,0,20
2000,3,NHS,57,3
2000,3,NI,2,19
2000,3,NP,0,1
2000,3,Nuc,1,19
2000,3,Pen,12,5
2000,3,Pet,0,1
2000,3,Pol,6,7
2000,3,Pou,1,1
2000,3,Pov,9,5
2000,3,Pri,0,1
2000,3,Pub,0,20
2000,3,Rac,13,9
2000,3,SA,0,19
2000,3,SWA,0,20
2000,3,Tax,5,1
2000,3,TU,0,1
2000,3,Tra,4,10
2000,3,Tsu,0,19
2000,3,Une,18,1
2000,3,Oth,11,99
2000,3,DK,6,99
2000,4,AID,0,19
2000,4,AW,0.25,4
2000,4,BF,0,4
2000,4,BSE,0.25,4
2000,4,Coa,0,1
2000,4,Com,17,9
2000,4,Cou,2,4
2000,4,Cri,16,12
2000,4,Def,3,19
2000,4,Dru,7,12
2000,4,Eco,11,1
2000,4,Edu,35,6
2000,4,Foo,0,4
2000,4,Ger,0,4
2000,4,GM,2,4
2000,4,Hea,0,3
2000,4,Hou,10,14
2000,4,Inf,2,1
2000,4,Inn,0,1
2000,4,LG,0.25,20
2000,4,Low,2,5
2000,4,Mor,5,20
2000,4,Nat,0,20
2000,4,NHS,53,3
2000,4,NI,2,19
2000,4,NP,0,1
2000,4,Nuc,1,19
2000,4,Pen,14,5
2000,4,Pet,0,1
2000,4,Pol,5,7
2000,4,Pou,1,1
2000,4,Pov,9,5
2000,4,Pri,0.25,1
2000,4,Pub,0,20
2000,4,Rac,19,9
2000,4,SA,0,19
2000,4,SWA,1,20
2000,4,Tax,6,1
2000,4,TU,0,1
2000,4,Tra,6,10
2000,4,Tsu,0,19
2000,4,Une,21,1
2000,4,Oth,12,99
2000,4,DK,5,99
2000,5,AID,1,19
2000,5,AW,1,4
2000,5,BF,0,4
2000,5,BSE,1,4
2000,5,Coa,0,1
2000,5,Com,19,9
2000,5,Cou,2,4
2000,5,Cri,34,12
2000,5,Def,4,19
2000,5,Dru,10,12
2000,5,Eco,11,1
2000,5,Edu,30,6
2000,5,Foo,0,4
2000,5,Ger,0,4
2000,5,GM,3,4
2000,5,Hea,0,3
2000,5,Hou,9,14
2000,5,Inf,3,1
2000,5,Inn,0,1
2000,5,LG,2,20
2000,5,Low,2,5
2000,5,Mor,6,20
2000,5,Nat,0,20
2000,5,NHS,45,3
2000,5,NI,2,19
2000,5,NP,0,1
2000,5,Nuc,1,19
2000,5,Pen,15,5
2000,5,Pet,0,1
2000,5,Pol,5,7
2000,5,Pou,1,1
2000,5,Pov,9,5
2000,5,Pri,1,1
2000,5,Pub,0,20
2000,5,Rac,16,9
2000,5,SA,0,19
2000,5,SWA,1,20
2000,5,Tax,4,1
2000,5,TU,0.25,1
2000,5,Tra,6,10
2000,5,Tsu,0,19
2000,5,Une,23,1
2000,5,Oth,13,99
2000,5,DK,4,99
2000,6,AID,0,19
2000,6,AW,1,4
2000,6,BF,0,4
2000,6,BSE,0.25,4
2000,6,Coa,0,1
2000,6,Com,24,9
2000,6,Cou,1,4
2000,6,Cri,23,12
2000,6,Def,3,19
2000,6,Dru,8,12
2000,6,Eco,9,1
2000,6,Edu,32,6
2000,6,Foo,0,4
2000,6,Ger,0,4
2000,6,GM,1,4
2000,6,Hea,0,3
2000,6,Hou,7,14
2000,6,Inf,4,1
2000,6,Inn,0,1
2000,6,LG,1,20
2000,6,Low,4,5
2000,6,Mor,4,20
2000,6,Nat,0,20
2000,6,NHS,55,3
2000,6,NI,1,19
2000,6,NP,0,1
2000,6,Nuc,0.25,19
2000,6,Pen,12,5
2000,6,Pet,0,1
2000,6,Pol,4,7
2000,6,Pou,2,1
2000,6,Pov,8,5
2000,6,Pri,0.25,1
2000,6,Pub,0,20
2000,6,Rac,17,9
2000,6,SA,0,19
2000,6,SWA,0.25,20
2000,6,Tax,7,1
2000,6,TU,0,1
2000,6,Tra,4,10
2000,6,Tsu,0,19
2000,6,Une,17,1
2000,6,Oth,15,99
2000,6,DK,6,99
2000,7,AID,0,19
2000,7,AW,0,4
2000,7,BF,0,4
2000,7,BSE,1,4
2000,7,Coa,0,1
2000,7,Com,19,9
2000,7,Cou,1,4
2000,7,Cri,34,12
2000,7,Def,2,19
2000,7,Dru,6,12
2000,7,Eco,12,1
2000,7,Edu,34,6
2000,7,Foo,0,4
2000,7,Ger,0,4
2000,7,GM,1,4
2000,7,Hea,0,3
2000,7,Hou,7,14
2000,7,Inf,5,1
2000,7,Inn,0,1
2000,7,LG,2,20
2000,7,Low,3,5
2000,7,Mor,5,20
2000,7,Nat,0,20
2000,7,NHS,51,3
2000,7,NI,1,19
2000,7,NP,0,1
2000,7,Nuc,0,19
2000,7,Pen,14,5
2000,7,Pet,0,1
2000,7,Pol,5,7
2000,7,Pou,2,1
2000,7,Pov,8,5
2000,7,Pri,0,1
2000,7,Pub,0,20
2000,7,Rac,11,9
2000,7,SA,0,19
2000,7,SWA,0,20
2000,7,Tax,11,1
2000,7,TU,0,1
2000,7,Tra,13,10
2000,7,Tsu,0,19
2000,7,Une,17,1
2000,7,Oth,21,99
2000,7,DK,0,99
2000,8,AID,0,19
2000,8,AW,1,4
2000,8,BF,0,4
2000,8,BSE,1,4
2000,8,Coa,0,1
2000,8,Com,24,9
2000,8,Cou,1,4
2000,8,Cri,26,12
2000,8,Def,2,19
2000,8,Dru,6,12
2000,8,Eco,11,1
2000,8,Edu,32,6
2000,8,Foo,0,4
2000,8,Ger,0,4
2000,8,GM,1,4
2000,8,Hea,0,3
2000,8,Hou,5,14
2000,8,Inf,4,1
2000,8,Inn,0,1
2000,8,LG,1,20
2000,8,Low,3,5
2000,8,Mor,5,20
2000,8,Nat,0,20
2000,8,NHS,49,3
2000,8,NI,1,19
2000,8,NP,0,1
2000,8,Nuc,0,19
2000,8,Pen,15,5
2000,8,Pet,0,1
2000,8,Pol,4,7
2000,8,Pou,1,1
2000,8,Pov,6,5
2000,8,Pri,0,1
2000,8,Pub,0,20
2000,8,Rac,11,9
2000,8,SA,0,19
2000,8,SWA,0,20
2000,8,Tax,6,1
2000,8,TU,0,1
2000,8,Tra,8,10
2000,8,Tsu,0,19
2000,8,Une,16,1
2000,8,Oth,22,99
2000,8,DK,0,99
2000,9,AID,0,19
2000,9,AW,1,4
2000,9,BF,0,4
2000,9,BSE,1,4
2000,9,Coa,0,1
2000,9,Com,21,9
2000,9,Cou,2,4
2000,9,Cri,13,12
2000,9,Def,2,19
2000,9,Dru,3,12
2000,9,Eco,10,1
2000,9,Edu,30,6
2000,9,Foo,0,4
2000,9,Ger,0,4
2000,9,GM,1,4
2000,9,Hea,0,3
2000,9,Hou,5,14
2000,9,Inf,4,1
2000,9,Inn,0,1
2000,9,LG,2,20
2000,9,Low,2,5
2000,9,Mor,3,20
2000,9,Nat,0,20
2000,9,NHS,46,3
2000,9,NI,1,19
2000,9,NP,0,1
2000,9,Nuc,0,19
2000,9,Pen,23,5
2000,9,Pet,31,1
2000,9,Pol,5,7
2000,9,Pou,1,1
2000,9,Pov,7,5
2000,9,Pri,0,1
2000,9,Pub,0,20
2000,9,Rac,6,9
2000,9,SA,0,19
2000,9,SWA,0,20
2000,9,Tax,13,1
2000,9,TU,0,1
2000,9,Tra,7,10
2000,9,Tsu,0,19
2000,9,Une,10,1
2000,9,Oth,18,99
2000,9,DK,0,99
2000,10,AID,0,19
2000,10,AW,0.25,4
2000,10,BF,0,4
2000,10,BSE,1,4
2000,10,Coa,0,1
2000,10,Com,24,9
2000,10,Cou,1,4
2000,10,Cri,19,12
2000,10,Def,4,19
2000,10,Dru,7,12
2000,10,Eco,9,1
2000,10,Edu,25,6
2000,10,Foo,0,4
2000,10,Ger,0,4
2000,10,GM,0.25,4
2000,10,Hea,0,3
2000,10,Hou,5,14
2000,10,Inf,4,1
2000,10,Inn,0,1
2000,10,LG,2,20
2000,10,Low,2,5
2000,10,Mor,5,20
2000,10,Nat,0,20
2000,10,NHS,44,3
2000,10,NI,1,19
2000,10,NP,0,1
2000,10,Nuc,0,19
2000,10,Pen,19,5
2000,10,Pet,22,1
2000,10,Pol,4,7
2000,10,Pou,1,1
2000,10,Pov,8,5
2000,10,Pri,0,1
2000,10,Pub,0,20
2000,10,Rac,10,9
2000,10,SA,0,19
2000,10,SWA,0,20
2000,10,Tax,9,1
2000,10,TU,0,1
2000,10,Tra,12,10
2000,10,Tsu,0,19
2000,10,Une,10,1
2000,10,Oth,12,99
2000,10,DK,5,99
2000,11,AID,0,19
2000,11,AW,1,4
2000,11,BF,0,4
2000,11,BSE,3,4
2000,11,Coa,0,1
2000,11,Com,27,9
2000,11,Cou,2,4
2000,11,Cri,13,12
2000,11,Def,6,19
2000,11,Dru,5,12
2000,11,Eco,12,1
2000,11,Edu,27,6
2000,11,Foo,0,4
2000,11,Ger,0,4
2000,11,GM,2,4
2000,11,Hea,0,3
2000,11,Hou,6,14
2000,11,Inf,3,1
2000,11,Inn,0,1
2000,11,LG,2,20
2000,11,Low,4,5
2000,11,Mor,4,20
2000,11,Nat,0,20
2000,11,NHS,46,3
2000,11,NI,0.25,19
2000,11,NP,0,1
2000,11,Nuc,0,19
2000,11,Pen,14,5
2000,11,Pet,17,1
2000,11,Pol,14,7
2000,11,Pou,1,1
2000,11,Pov,6,5
2000,11,Pri,0,1
2000,11,Pub,0,20
2000,11,Rac,6,9
2000,11,SA,0,19
2000,11,SWA,0,20
2000,11,Tax,9,1
2000,11,TU,0,1
2000,11,Tra,9,10
2000,11,Tsu,0,19
2000,11,Une,10,1
2000,11,Oth,12,99
2000,11,DK,7,99
2000,12,AID,0,19
2000,12,AW,0.25,4
2000,12,BF,0,4
2000,12,BSE,1,4
2000,12,Coa,0,1
2000,12,Com,26,9
2000,12,Cou,2,4
2000,12,Cri,26,12
2000,12,Def,3,19
2000,12,Dru,7,12
2000,12,Eco,10,1
2000,12,Edu,29,6
2000,12,Foo,0,4
2000,12,Ger,0,4
2000,12,GM,1,4
2000,12,Hea,0,3
2000,12,Hou,7,14
2000,12,Inf,2,1
2000,12,Inn,0,1
2000,12,LG,2,20
2000,12,Low,2,5
2000,12,Mor,5,20
2000,12,Nat,0,20
2000,12,NHS,45,3
2000,12,NI,0,19
2000,12,NP,0,1
2000,12,Nuc,0,19
2000,12,Pen,9,5
2000,12,Pet,11,1
2000,12,Pol,9,7
2000,12,Pou,2,1
2000,12,Pov,5,5
2000,12,Pri,0,1
2000,12,Pub,0,20
2000,12,Rac,8,9
2000,12,SA,0,19
2000,12,SWA,0,20
2000,12,Tax,7,1
2000,12,TU,0,1
2000,12,Tra,14,10
2000,12,Tsu,0,19
2000,12,Une,7,1
2000,12,Oth,10,99
2000,12,DK,4,99
2001,1,AID,0.25,19
2001,1,AW,1,4
2001,1,BF,0,4
2001,1,BSE,1,4
2001,1,Coa,0,1
2001,1,Com,21,9
2001,1,Cou,2,4
2001,1,Cri,30,12
2001,1,Def,3,19
2001,1,Dru,6,12
2001,1,Eco,11,1
2001,1,Edu,32,6
2001,1,Foo,0,4
2001,1,Ger,0,4
2001,1,GM,1,4
2001,1,Hea,0,3
2001,1,Hou,6,14
2001,1,Inf,3,1
2001,1,Inn,0,1
2001,1,LG,2,20
2001,1,Low,3,5
2001,1,Mor,4,20
2001,1,Nat,0,20
2001,1,NHS,50,3
2001,1,NI,1,19
2001,1,NP,0,1
2001,1,Nuc,0.25,19
2001,1,Pen,8,5
2001,1,Pet,8,1
2001,1,Pol,6,7
2001,1,Pou,2,1
2001,1,Pov,6,5
2001,1,Pri,1,1
2001,1,Pub,0,20
2001,1,Rac,11,9
2001,1,SA,0,19
2001,1,SWA,1,20
2001,1,Tax,6,1
2001,1,TU,0.25,1
2001,1,Tra,9,10
2001,1,Tsu,0,19
2001,1,Une,12,1
2001,1,Oth,17,99
2001,1,DK,3,99
2001,2,AID,1,19
2001,2,AW,0.25,4
2001,2,BF,0,4
2001,2,BSE,1,4
2001,2,Coa,0,1
2001,2,Com,23,9
2001,2,Cou,1,4
2001,2,Cri,25,12
2001,2,Def,5,19
2001,2,Dru,5,12
2001,2,Eco,11,1
2001,2,Edu,37,6
2001,2,Foo,0,4
2001,2,Ger,0,4
2001,2,GM,1,4
2001,2,Hea,0,3
2001,2,Hou,7,14
2001,2,Inf,2,1
2001,2,Inn,0,1
2001,2,LG,1,20
2001,2,Low,3,5
2001,2,Mor,3,20
2001,2,Nat,0,20
2001,2,NHS,48,3
2001,2,NI,1,19
2001,2,NP,0,1
2001,2,Nuc,1,19
2001,2,Pen,11,5
2001,2,Pet,8,1
2001,2,Pol,5,7
2001,2,Pou,1,1
2001,2,Pov,6,5
2001,2,Pri,1,1
2001,2,Pub,0,20
2001,2,Rac,18,9
2001,2,SA,0,19
2001,2,SWA,1,20
2001,2,Tax,7,1
2001,2,TU,0,1
2001,2,Tra,9,10
2001,2,Tsu,0,19
2001,2,Une,12,1
2001,2,Oth,13,99
2001,2,DK,4,99
2001,3,AID,0.25,19
2001,3,AW,2,4
2001,3,BF,0,4
2001,3,BSE,5,4
2001,3,Coa,0,1
2001,3,Com,17,9
2001,3,Cou,3,4
2001,3,Cri,16,12
2001,3,Def,1,19
2001,3,Dru,5,12
2001,3,Eco,9,1
2001,3,Edu,29,6
2001,3,Foo,49,4
2001,3,Ger,0,4
2001,3,GM,1,4
2001,3,Hea,0,3
2001,3,Hou,4,14
2001,3,Inf,2,1
2001,3,Inn,0,1
2001,3,LG,1,20
2001,3,Low,2,5
2001,3,Mor,2,20
2001,3,Nat,0,20
2001,3,NHS,37,3
2001,3,NI,1,19
2001,3,NP,0,1
2001,3,Nuc,0.25,19
2001,3,Pen,8,5
2001,3,Pet,4,1
2001,3,Pol,4,7
2001,3,Pou,1,1
2001,3,Pov,5,5
2001,3,Pri,0.25,1
2001,3,Pub,0,20
2001,3,Rac,10,9
2001,3,SA,0,19
2001,3,SWA,0.25,20
2001,3,Tax,5,1
2001,3,TU,0.25,1
2001,3,Tra,6,10
2001,3,Tsu,0,19
2001,3,Une,10,1
2001,3,Oth,8,99
2001,3,DK,4,99
2001,4,AID,1,19
2001,4,AW,2,4
2001,4,BF,0,4
2001,4,BSE,4,4
2001,4,Coa,0,1
2001,4,Com,14,9
2001,4,Cou,3,4
2001,4,Cri,19,12
2001,4,Def,3,19
2001,4,Dru,6,12
2001,4,Eco,10,1
2001,4,Edu,32,6
2001,4,Foo,41,4
2001,4,Ger,0,4
2001,4,GM,1,4
2001,4,Hea,0,3
2001,4,Hou,5,14
2001,4,Inf,1,1
2001,4,Inn,0,1
2001,4,LG,1,20
2001,4,Low,2,5
2001,4,Mor,3,20
2001,4,Nat,0,20
2001,4,NHS,41,3
2001,4,NI,1,19
2001,4,NP,0,1
2001,4,Nuc,0.25,19
2001,4,Pen,8,5
2001,4,Pet,7,1
2001,4,Pol,5,7
2001,4,Pou,0.25,1
2001,4,Pov,6,5
2001,4,Pri,0.25,1
2001,4,Pub,0,20
2001,4,Rac,16,9
2001,4,SA,0,19
2001,4,SWA,0.25,20
2001,4,Tax,4,1
2001,4,TU,0.25,1
2001,4,Tra,4,10
2001,4,Tsu,0,19
2001,4,Une,12,1
2001,4,Oth,11,99
2001,4,DK,4,99
2001,6,AID,0.25,19
2001,6,AW,1,4
2001,6,BF,0,4
2001,6,BSE,1,4
2001,6,Coa,0,1
2001,6,Com,24,9
2001,6,Cou,2,4
2001,6,Cri,29,12
2001,6,Def,2,19
2001,6,Dru,9,12
2001,6,Eco,10,1
2001,6,Edu,44,6
2001,6,Foo,7,4
2001,6,Ger,0,4
2001,6,GM,0.25,4
2001,6,Hea,0,3
2001,6,Hou,6,14
2001,6,Inf,2,1
2001,6,Inn,0,1
2001,6,LG,1,20
2001,6,Low,2,5
2001,6,Mor,4,20
2001,6,Nat,0,20
2001,6,NHS,58,3
2001,6,NI,1,19
2001,6,NP,0,1
2001,6,Nuc,1,19
2001,6,Pen,11,5
2001,6,Pet,4,1
2001,6,Pol,6,7
2001,6,Pou,2,1
2001,6,Pov,6,5
2001,6,Pri,1,1
2001,6,Pub,0,20
2001,6,Rac,14,9
2001,6,SA,0,19
2001,6,SWA,1,20
2001,6,Tax,4,1
2001,6,TU,0,1
2001,6,Tra,11,10
2001,6,Tsu,0,19
2001,6,Une,10,1
2001,6,Oth,12,99
2001,6,DK,5,99
2001,7,AID,0.25,19
2001,7,AW,0.25,4
2001,7,BF,0,4
2001,7,BSE,1,4
2001,7,Coa,0,1
2001,7,Com,20,9
2001,7,Cou,3,4
2001,7,Cri,32,12
2001,7,Def,2,19
2001,7,Dru,5,12
2001,7,Eco,12,1
2001,7,Edu,34,6
2001,7,Foo,4,4
2001,7,Ger,0,4
2001,7,GM,1,4
2001,7,Hea,0,3
2001,7,Hou,6,14
2001,7,Inf,2,1
2001,7,Inn,0,1
2001,7,LG,2,20
2001,7,Low,2,5
2001,7,Mor,4,20
2001,7,Nat,0,20
2001,7,NHS,52,3
2001,7,NI,1,19
2001,7,NP,0,1
2001,7,Nuc,1,19
2001,7,Pen,10,5
2001,7,Pet,3,1
2001,7,Pol,8,7
2001,7,Pou,1,1
2001,7,Pov,6,5
2001,7,Pri,1,1
2001,7,Pub,0,20
2001,7,Rac,17,9
2001,7,SA,0,19
2001,7,SWA,1,20
2001,7,Tax,5,1
2001,7,TU,0.25,1
2001,7,Tra,11,10
2001,7,Tsu,0,19
2001,7,Une,11,1
2001,7,Oth,11,99
2001,7,DK,3,99
2001,8,AID,1,19
2001,8,AW,2,4
2001,8,BF,0,4
2001,8,BSE,2,4
2001,8,Coa,0,1
2001,8,Com,22,9
2001,8,Cou,2,4
2001,8,Cri,22,12
2001,8,Def,2,19
2001,8,Dru,4,12
2001,8,Eco,13,1
2001,8,Edu,35,6
2001,8,Foo,7,4
2001,8,Ger,0,4
2001,8,GM,1,4
2001,8,Hea,0,3
2001,8,Hou,6,14
2001,8,Inf,2,1
2001,8,Inn,0,1
2001,8,LG,2,20
2001,8,Low,3,5
2001,8,Mor,4,20
2001,8,Nat,0,20
2001,8,NHS,54,3
2001,8,NI,1,19
2001,8,NP,0,1
2001,8,Nuc,0.25,19
2001,8,Pen,8,5
2001,8,Pet,3,1
2001,8,Pol,4,7
2001,8,Pou,1,1
2001,8,Pov,5,5
2001,8,Pri,1,1
2001,8,Pub,0,20
2001,8,Rac,23,9
2001,8,SA,0,19
2001,8,SWA,0.25,20
2001,8,Tax,5,1
2001,8,TU,0,1
2001,8,Tra,9,10
2001,8,Tsu,0,19
2001,8,Une,13,1
2001,8,Oth,11,99
2001,8,DK,0,99
2001,9,AID,0.25,19
2001,9,AW,0.25,4
2001,9,BF,0,4
2001,9,BSE,1,4
2001,9,Coa,0,1
2001,9,Com,9,9
2001,9,Cou,1,4
2001,9,Cri,15,12
2001,9,Def,60,19
2001,9,Dru,4,12
2001,9,Eco,15,1
2001,9,Edu,30,6
2001,9,Foo,3,4
2001,9,Ger,0,4
2001,9,GM,0.25,4
2001,9,Hea,0,3
2001,9,Hou,4,14
2001,9,Inf,2,1
2001,9,Inn,0,1
2001,9,LG,1,20
2001,9,Low,2,5
2001,9,Mor,2,20
2001,9,Nat,0,20
2001,9,NHS,43,3
2001,9,NI,1,19
2001,9,NP,0,1
2001,9,Nuc,4,19
2001,9,Pen,7,5
2001,9,Pet,2,1
2001,9,Pol,3,7
2001,9,Pou,1,1
2001,9,Pov,4,5
2001,9,Pri,1,1
2001,9,Pub,0,20
2001,9,Rac,27,9
2001,9,SA,0,19
2001,9,SWA,0.25,20
2001,9,Tax,3,1
2001,9,TU,0.25,1
2001,9,Tra,5,10
2001,9,Tsu,0,19
2001,9,Une,11,1
2001,9,Oth,13,99
2001,9,DK,0,99
2001,10,AID,0,19
2001,10,AW,1,4
2001,10,BF,0,4
2001,10,BSE,1,4
2001,10,Coa,0,1
2001,10,Com,7,9
2001,10,Cou,1,4
2001,10,Cri,14,12
2001,10,Def,57,19
2001,10,Dru,3,12
2001,10,Eco,12,1
2001,10,Edu,31,6
2001,10,Foo,3,4
2001,10,Ger,0,4
2001,10,GM,0,4
2001,10,Hea,0,3
2001,10,Hou,4,14
2001,10,Inf,2,1
2001,10,Inn,0,1
2001,10,LG,2,20
2001,10,Low,3,5
2001,10,Mor,4,20
2001,10,Nat,0,20
2001,10,NHS,49,3
2001,10,NI,2,19
2001,10,NP,0,1
2001,10,Nuc,3,19
2001,10,Pen,7,5
2001,10,Pet,0.25,1
2001,10,Pol,2,7
2001,10,Pou,1,1
2001,10,Pov,5,5
2001,10,Pri,1,1
2001,10,Pub,0,20
2001,10,Rac,17,9
2001,10,SA,0,19
2001,10,SWA,0,20
2001,10,Tax,2,1
2001,10,TU,0,1
2001,10,Tra,8,10
2001,10,Tsu,0,19
2001,10,Une,12,1
2001,10,Oth,10,99
2001,10,DK,4,99
2001,11,AID,0,19
2001,11,AW,1,4
2001,11,BF,0,4
2001,11,BSE,1,4
2001,11,Coa,0,1
2001,11,Com,19,9
2001,11,Cou,2,4
2001,11,Cri,19,12
2001,11,Def,40,19
2001,11,Dru,4,12
2001,11,Eco,15,1
2001,11,Edu,29,6
2001,11,Foo,2,4
2001,11,Ger,0,4
2001,11,GM,0,4
2001,11,Hea,0,3
2001,11,Hou,5,14
2001,11,Inf,1,1
2001,11,Inn,0,1
2001,11,LG,2,20
2001,11,Low,2,5
2001,11,Mor,3,20
2001,11,Nat,0,20
2001,11,NHS,49,3
2001,11,NI,2,19
2001,11,NP,0,1
2001,11,Nuc,2,19
2001,11,Pen,8,5
2001,11,Pet,2,1
2001,11,Pol,2,7
2001,11,Pou,0.25,1
2001,11,Pov,4,5
2001,11,Pri,0.25,1
2001,11,Pub,0,20
2001,11,Rac,12,9
2001,11,SA,0,19
2001,11,SWA,0,20
2001,11,Tax,2,1
2001,11,TU,0,1
2001,11,Tra,10,10
2001,11,Tsu,0,19
2001,11,Une,14,1
2001,11,Oth,10,99
2001,11,DK,4,99
2002,1,AID,0,19
2002,1,AW,0.25,4
2002,1,BF,0,4
2002,1,BSE,0.25,4
2002,1,Coa,0,1
2002,1,Com,13,9
2002,1,Cou,1,4
2002,1,Cri,23,12
2002,1,Def,13,19
2002,1,Dru,5,12
2002,1,Eco,12,1
2002,1,Edu,32,6
2002,1,Foo,2,4
2002,1,Ger,0,4
2002,1,GM,0,4
2002,1,Hea,0,3
2002,1,Hou,3,14
2002,1,Inf,2,1
2002,1,Inn,0,1
2002,1,LG,2,20
2002,1,Low,2,5
2002,1,Mor,4,20
2002,1,Nat,0,20
2002,1,NHS,66,3
2002,1,NI,2,19
2002,1,NP,0,1
2002,1,Nuc,2,19
2002,1,Pen,6,5
2002,1,Pet,2,1
2002,1,Pol,2,7
2002,1,Pou,2,1
2002,1,Pov,6,5
2002,1,Pri,2,1
2002,1,Pub,0,20
2002,1,Rac,16,9
2002,1,SA,0,19
2002,1,SWA,0,20
2002,1,Tax,3,1
2002,1,TU,0.25,1
2002,1,Tra,22,10
2002,1,Tsu,0,19
2002,1,Une,9,1
2002,1,Oth,11,99
2002,1,DK,4,99
2002,2,AID,0,19
2002,2,AW,1,4
2002,2,BF,0,4
2002,2,BSE,0.25,4
2002,2,Coa,0,1
2002,2,Com,13,9
2002,2,Cou,1,4
2002,2,Cri,28,12
2002,2,Def,11,19
2002,2,Dru,5,12
2002,2,Eco,7,1
2002,2,Edu,28,6
2002,2,Foo,1,4
2002,2,Ger,0,4
2002,2,GM,0,4
2002,2,Hea,0,3
2002,2,Hou,4,14
2002,2,Inf,2,1
2002,2,Inn,0,1
2002,2,LG,2,20
2002,2,Low,1,5
2002,2,Mor,4,20
2002,2,Nat,0,20
2002,2,NHS,72,3
2002,2,NI,0.25,19
2002,2,NP,0,1
2002,2,Nuc,1,19
2002,2,Pen,10,5
2002,2,Pet,1,1
2002,2,Pol,3,7
2002,2,Pou,1,1
2002,2,Pov,5,5
2002,2,Pri,0.25,1
2002,2,Pub,0,20
2002,2,Rac,18,9
2002,2,SA,0,19
2002,2,SWA,0,20
2002,2,Tax,6,1
2002,2,TU,0.25,1
2002,2,Tra,18,10
2002,2,Tsu,0,19
2002,2,Une,10,1
2002,2,Oth,14,99
2002,2,DK,4,99
2002,3,AID,1,19
2002,3,AW,1,4
2002,3,BF,0,4
2002,3,BSE,0.25,4
2002,3,Coa,0,1
2002,3,Com,11,9
2002,3,Cou,1,4
2002,3,Cri,37,12
2002,3,Def,18,19
2002,3,Dru,7,12
2002,3,Eco,8,1
2002,3,Edu,30,6
2002,3,Foo,1,4
2002,3,Ger,0,4
2002,3,GM,0.25,4
2002,3,Hea,0,3
2002,3,Hou,4,14
2002,3,Inf,2,1
2002,3,Inn,0,1
2002,3,LG,1,20
2002,3,Low,2,5
2002,3,Mor,4,20
2002,3,Nat,0,20
2002,3,NHS,58,3
2002,3,NI,1,19
2002,3,NP,0,1
2002,3,Nuc,3,19
2002,3,Pen,10,5
2002,3,Pet,1,1
2002,3,Pol,3,7
2002,3,Pou,1,1
2002,3,Pov,7,5
2002,3,Pri,1,1
2002,3,Pub,0,20
2002,3,Rac,15,9
2002,3,SA,0,19
2002,3,SWA,0.25,20
2002,3,Tax,2,1
2002,3,TU,0.25,1
2002,3,Tra,14,10
2002,3,Tsu,0,19
2002,3,Une,8,1
2002,3,Oth,12,99
2002,3,DK,4,99
2002,4,AID,0,19
2002,4,AW,0.25,4
2002,4,BF,0,4
2002,4,BSE,0.25,4
2002,4,Coa,0,1
2002,4,Com,10,9
2002,4,Cou,1,4
2002,4,Cri,29,12
2002,4,Def,19,19
2002,4,Dru,6,12
2002,4,Eco,8,1
2002,4,Edu,28,6
2002,4,Foo,1,4
2002,4,Ger,0,4
2002,4,GM,0,4
2002,4,Hea,0,3
2002,4,Hou,5,14
2002,4,Inf,1,1
2002,4,Inn,0,1
2002,4,LG,2,20
2002,4,Low,3,5
2002,4,Mor,6,20
2002,4,Nat,0,20
2002,4,NHS,66,3
2002,4,NI,1,19
2002,4,NP,0,1
2002,4,Nuc,2,19
2002,4,Pen,9,5
2002,4,Pet,2,1
2002,4,Pol,4,7
2002,4,Pou,1,1
2002,4,Pov,6,5
2002,4,Pri,1,1
2002,4,Pub,0,20
2002,4,Rac,13,9
2002,4,SA,0,19
2002,4,SWA,0,20
2002,4,Tax,5,1
2002,4,TU,0.25,1
2002,4,Tra,12,10
2002,4,Tsu,0,19
2002,4,Une,8,1
2002,4,Oth,10,99
2002,4,DK,5,99
2002,5,AID,0,19
2002,5,AW,0,4
2002,5,BF,0,4
2002,5,BSE,0,4
2002,5,Coa,0,1
2002,5,Com,14,9
2002,5,Cou,3,4
2002,5,Cri,34,12
2002,5,Def,13,19
2002,5,Dru,13,12
2002,5,Eco,8,1
2002,5,Edu,32,6
2002,5,Foo,1,4
2002,5,Ger,0,4
2002,5,GM,0,4
2002,5,Hea,0,3
2002,5,Hou,7,14
2002,5,Inf,1,1
2002,5,Inn,0,1
2002,5,LG,1,20
2002,5,Low,2,5
2002,5,Mor,5,20
2002,5,Nat,0,20
2002,5,NHS,50,3
2002,5,NI,0.25,19
2002,5,NP,0,1
2002,5,Nuc,3,19
2002,5,Pen,9,5
2002,5,Pet,1,1
2002,5,Pol,3,7
2002,5,Pou,2,1
2002,5,Pov,4,5
2002,5,Pri,0.25,1
2002,5,Pub,0,20
2002,5,Rac,39,9
2002,5,SA,0,19
2002,5,SWA,0,20
2002,5,Tax,3,1
2002,5,TU,0.25,1
2002,5,Tra,16,10
2002,5,Tsu,0,19
2002,5,Une,6,1
2002,5,Oth,11,99
2002,5,DK,4,99
2002,6,AID,0.25,19
2002,6,AW,0.25,4
2002,6,BF,0,4
2002,6,BSE,0.25,4
2002,6,Coa,0,1
2002,6,Com,14,9
2002,6,Cou,1,4
2002,6,Cri,31,12
2002,6,Def,13,19
2002,6,Dru,10,12
2002,6,Eco,9,1
2002,6,Edu,29,6
2002,6,Foo,0.25,4
2002,6,Ger,0,4
2002,6,GM,1,4
2002,6,Hea,0,3
2002,6,Hou,7,14
2002,6,Inf,2,1
2002,6,Inn,0,1
2002,6,LG,1,20
2002,6,Low,2,5
2002,6,Mor,4,20
2002,6,Nat,0,20
2002,6,NHS,54,3
2002,6,NI,1,19
2002,6,NP,0,1
2002,6,Nuc,2,19
2002,6,Pen,11,5
2002,6,Pet,1,1
2002,6,Pol,4,7
2002,6,Pou,1,1
2002,6,Pov,5,5
2002,6,Pri,0.25,1
2002,6,Pub,0,20
2002,6,Rac,32,9
2002,6,SA,0,19
2002,6,SWA,1,20
2002,6,Tax,4,1
2002,6,TU,0.25,1
2002,6,Tra,17,10
2002,6,Tsu,0,19
2002,6,Une,6,1
2002,6,Oth,14,99
2002,6,DK,4,99
2002,7,AID,0,19
2002,7,AW,0,4
2002,7,BF,0,4
2002,7,BSE,0,4
2002,7,Coa,0,1
2002,7,Com,11,9
2002,7,Cou,0,4
2002,7,Cri,31,12
2002,7,Def,10,19
2002,7,Dru,0,12
2002,7,Eco,12,1
2002,7,Edu,37,6
2002,7,Foo,0,4
2002,7,Ger,0,4
2002,7,GM,0,4
2002,7,Hea,0,3
2002,7,Hou,8,14
2002,7,Inf,3,1
2002,7,Inn,0,1
2002,7,LG,1,20
2002,7,Low,0,5
2002,7,Mor,0,20
2002,7,Nat,0,20
2002,7,NHS,55,3
2002,7,NI,0.25,19
2002,7,NP,0,1
2002,7,Nuc,2,19
2002,7,Pen,11,5
2002,7,Pet,0,1
2002,7,Pol,2,7
2002,7,Pou,0,1
2002,7,Pov,0,5
2002,7,Pri,0,1
2002,7,Pub,0,20
2002,7,Rac,22,9
2002,7,SA,0,19
2002,7,SWA,0,20
2002,7,Tax,0,1
2002,7,TU,1,1
2002,7,Tra,0,10
2002,7,Tsu,0,19
2002,7,Une,10,1
2002,7,Oth,15,99
2002,7,DK,4,99
2002,8,AID,0,19
2002,8,AW,0,4
2002,8,BF,0,4
2002,8,BSE,0,4
2002,8,Coa,0,1
2002,8,Com,0,9
2002,8,Cou,0,4
2002,8,Cri,0,12
2002,8,Def,0,19
2002,8,Dru,0,12
2002,8,Eco,0,1
2002,8,Edu,0,6
2002,8,Foo,0,4
2002,8,Ger,0,4
2002,8,GM,0,4
2002,8,Hea,0,3
2002,8,Hou,0,14
2002,8,Inf,0,1
2002,8,Inn,0,1
2002,8,LG,0,20
2002,8,Low,0,5
2002,8,Mor,0,20
2002,8,Nat,0,20
2002,8,NHS,0,3
2002,8,NI,0,19
2002,8,NP,0,1
2002,8,Nuc,0,19
2002,8,Pen,0,5
2002,8,Pet,0,1
2002,8,Pol,0,7
2002,8,Pou,0,1
2002,8,Pov,0,5
2002,8,Pri,0,1
2002,8,Pub,0,20
2002,8,Rac,0,9
2002,8,SA,0,19
2002,8,SWA,0,20
2002,8,Tax,0,1
2002,8,TU,0,1
2002,8,Tra,0,10
2002,8,Tsu,0,19
2002,8,Une,0,1
2002,8,Oth,0,99
2002,8,DK,0,99
2002,9,AID,0,19
2002,9,AW,0,4
2002,9,BF,0,4
2002,9,BSE,0,4
2002,9,Coa,0,1
2002,9,Com,8,9
2002,9,Cou,0,4
2002,9,Cri,28,12
2002,9,Def,34,19
2002,9,Dru,0,12
2002,9,Eco,10,1
2002,9,Edu,31,6
2002,9,Foo,0,4
2002,9,Ger,0,4
2002,9,GM,0,4
2002,9,Hea,0,3
2002,9,Hou,6,14
2002,9,Inf,2,1
2002,9,Inn,0,1
2002,9,LG,1,20
2002,9,Low,0,5
2002,9,Mor,0,20
2002,9,Nat,0,20
2002,9,NHS,41,3
2002,9,NI,1,19
2002,9,NP,0,1
2002,9,Nuc,9,19
2002,9,Pen,9,5
2002,9,Pet,0,1
2002,9,Pol,2,7
2002,9,Pou,0,1
2002,9,Pov,0,5
2002,9,Pri,0,1
2002,9,Pub,0,20
2002,9,Rac,21,9
2002,9,SA,0,19
2002,9,SWA,0,20
2002,9,Tax,0,1
2002,9,TU,1,1
2002,9,Tra,0,10
2002,9,Tsu,0,19
2002,9,Une,8,1
2002,9,Oth,17,99
2002,9,DK,3,99
2002,10,AID,1,19
2002,10,AW,0.25,4
2002,10,BF,0,4
2002,10,BSE,0.25,4
2002,10,Coa,0,1
2002,10,Com,8,9
2002,10,Cou,1,4
2002,10,Cri,28,12
2002,10,Def,35,19
2002,10,Dru,7,12
2002,10,Eco,7,1
2002,10,Edu,32,6
2002,10,Foo,1,4
2002,10,Ger,0,4
2002,10,GM,0.25,4
2002,10,Hea,0,3
2002,10,Hou,6,14
2002,10,Inf,4,1
2002,10,Inn,0,1
2002,10,LG,2,20
2002,10,Low,4,5
2002,10,Mor,3,20
2002,10,Nat,0,20
2002,10,NHS,45,3
2002,10,NI,3,19
2002,10,NP,0,1
2002,10,Nuc,8,19
2002,10,Pen,9,5
2002,10,Pet,1,1
2002,10,Pol,2,7
2002,10,Pou,1,1
2002,10,Pov,6,5
2002,10,Pri,1,1
2002,10,Pub,0,20
2002,10,Rac,18,9
2002,10,SA,0,19
2002,10,SWA,0.25,20
2002,10,Tax,4,1
2002,10,TU,2,1
2002,10,Tra,11,10
2002,10,Tsu,0,19
2002,10,Une,10,1
2002,10,Oth,15,99
2002,10,DK,4,99
2002,11,AID,1,19
2002,11,AW,0.25,4
2002,11,BF,0,4
2002,11,BSE,0.25,4
2002,11,Coa,0,1
2002,11,Com,8,9
2002,11,Cou,1,4
2002,11,Cri,30,12
2002,11,Def,40,19
2002,11,Dru,6,12
2002,11,Eco,10,1
2002,11,Edu,29,6
2002,11,Foo,0.25,4
2002,11,Ger,0,4
2002,11,GM,0.25,4
2002,11,Hea,0,3
2002,11,Hou,6,14
2002,11,Inf,3,1
2002,11,Inn,0,1
2002,11,LG,2,20
2002,11,Low,5,5
2002,11,Mor,5,20
2002,11,Nat,0,20
2002,11,NHS,42,3
2002,11,NI,0.25,19
2002,11,NP,0,1
2002,11,Nuc,10,19
2002,11,Pen,12,5
2002,11,Pet,0.25,1
2002,11,Pol,3,7
2002,11,Pou,1,1
2002,11,Pov,6,5
2002,11,Pri,1,1
2002,11,Pub,0,20
2002,11,Rac,18,9
2002,11,SA,0,19
2002,11,SWA,0,20
2002,11,Tax,3,1
2002,11,TU,11,1
2002,11,Tra,8,10
2002,11,Tsu,0,19
2002,11,Une,9,1
2002,11,Oth,17,99
2002,11,DK,3,99
2002,12,AID,1,19
2002,12,AW,0.25,4
2002,12,BF,0,4
2002,12,BSE,0.25,4
2002,12,Coa,0,1
2002,12,Com,8,9
2002,12,Cou,1,4
2002,12,Cri,23,12
2002,12,Def,35,19
2002,12,Dru,6,12
2002,12,Eco,12,1
2002,12,Edu,29,6
2002,12,Foo,0.25,4
2002,12,Ger,0,4
2002,12,GM,0.25,4
2002,12,Hea,0,3
2002,12,Hou,6,14
2002,12,Inf,4,1
2002,12,Inn,0,1
2002,12,LG,1,20
2002,12,Low,5,5
2002,12,Mor,4,20
2002,12,Nat,0,20
2002,12,NHS,38,3
2002,12,NI,0.25,19
2002,12,NP,0,1
2002,12,Nuc,7,19
2002,12,Pen,13,5
2002,12,Pet,1,1
2002,12,Pol,2,7
2002,12,Pou,1,1
2002,12,Pov,7,5
2002,12,Pri,1,1
2002,12,Pub,0,20
2002,12,Rac,23,9
2002,12,SA,0,19
2002,12,SWA,0,20
2002,12,Tax,5,1
2002,12,TU,4,1
2002,12,Tra,12,10
2002,12,Tsu,0,19
2002,12,Une,9,1
2002,12,Oth,13,99
2002,12,DK,5,99
2003,1,AID,0.25,19
2003,1,AW,0.25,4
2003,1,BF,0,4
2003,1,BSE,0.25,4
2003,1,Coa,0,1
2003,1,Com,5,9
2003,1,Cou,1,4
2003,1,Cri,21,12
2003,1,Def,64,19
2003,1,Dru,6,12
2003,1,Eco,12,1
2003,1,Edu,27,6
2003,1,Foo,1,4
2003,1,Ger,0,4
2003,1,GM,0.25,4
2003,1,Hea,0,3
2003,1,Hou,4,14
2003,1,Inf,3,1
2003,1,Inn,0,1
2003,1,LG,2,20
2003,1,Low,3,5
2003,1,Mor,4,20
2003,1,Nat,0,20
2003,1,NHS,35,3
2003,1,NI,0.25,19
2003,1,NP,0,1
2003,1,Nuc,9,19
2003,1,Pen,6,5
2003,1,Pet,1,1
2003,1,Pol,1,7
2003,1,Pou,0,1
2003,1,Pov,5,5
2003,1,Pri,1,1
2003,1,Pub,0,20
2003,1,Rac,34,9
2003,1,SA,0,19
2003,1,SWA,0.25,20
2003,1,Tax,3,1
2003,1,TU,2,1
2003,1,Tra,6,10
2003,1,Tsu,0,19
2003,1,Une,6,1
2003,1,Oth,11,99
2003,1,DK,3,99
2003,2,AID,0.25,19
2003,2,AW,0.25,4
2003,2,BF,0,4
2003,2,BSE,0.25,4
2003,2,Coa,0,1
2003,2,Com,4,9
2003,2,Cou,1,4
2003,2,Cri,20,12
2003,2,Def,69,19
2003,2,Dru,5,12
2003,2,Eco,10,1
2003,2,Edu,27,6
2003,2,Foo,0.25,4
2003,2,Ger,0,4
2003,2,GM,0.25,4
2003,2,Hea,0,3
2003,2,Hou,6,14
2003,2,Inf,2,1
2003,2,Inn,0,1
2003,2,LG,1,20
2003,2,Low,4,5
2003,2,Mor,4,20
2003,2,Nat,0,20
2003,2,NHS,44,3
2003,2,NI,0.25,19
2003,2,NP,0,1
2003,2,Nuc,11,19
2003,2,Pen,11,5
2003,2,Pet,2,1
2003,2,Pol,2,7
2003,2,Pou,1,1
2003,2,Pov,5,5
2003,2,Pri,1,1
2003,2,Pub,0,20
2003,2,Rac,27,9
2003,2,SA,0,19
2003,2,SWA,0.25,20
2003,2,Tax,5,1
2003,2,TU,1,1
2003,2,Tra,11,10
2003,2,Tsu,0,19
2003,2,Une,9,1
2003,2,Oth,11,99
2003,2,DK,2,99
2003,3,AID,0.25,19
2003,3,AW,0.25,4
2003,3,BF,0,4
2003,3,BSE,0.25,4
2003,3,Coa,0,1
2003,3,Com,5,9
2003,3,Cou,1,4
2003,3,Cri,18,12
2003,3,Def,64,19
2003,3,Dru,2,12
2003,3,Eco,13,1
2003,3,Edu,27,6
2003,3,Foo,0.25,4
2003,3,Ger,0,4
2003,3,GM,0.25,4
2003,3,Hea,0,3
2003,3,Hou,5,14
2003,3,Inf,3,1
2003,3,Inn,0,1
2003,3,LG,2,20
2003,3,Low,2,5
2003,3,Mor,3,20
2003,3,Nat,0,20
2003,3,NHS,42,3
2003,3,NI,0.25,19
2003,3,NP,0,1
2003,3,Nuc,9,19
2003,3,Pen,9,5
2003,3,Pet,1,1
2003,3,Pol,2,7
2003,3,Pou,0.25,1
2003,3,Pov,5,5
2003,3,Pri,0.25,1
2003,3,Pub,0,20
2003,3,Rac,26,9
2003,3,SA,0,19
2003,3,SWA,0.25,20
2003,3,Tax,7,1
2003,3,TU,2,1
2003,3,Tra,9,10
2003,3,Tsu,0,19
2003,3,Une,8,1
2003,3,Oth,14,99
2003,3,DK,3,99
2003,4,AID,0.25,19
2003,4,AW,0.25,4
2003,4,BF,0,4
2003,4,BSE,0.25,4
2003,4,Coa,0,1
2003,4,Com,7,9
2003,4,Cou,2,4
2003,4,Cri,19,12
2003,4,Def,26,19
2003,4,Dru,5,12
2003,4,Eco,15,1
2003,4,Edu,32,6
2003,4,Foo,1,4
2003,4,Ger,0,4
2003,4,GM,0.25,4
2003,4,Hea,0,3
2003,4,Hou,5,14
2003,4,Inf,2,1
2003,4,Inn,0,1
2003,4,LG,2,20
2003,4,Low,2,5
2003,4,Mor,3,20
2003,4,Nat,0,20
2003,4,NHS,49,3
2003,4,NI,0.25,19
2003,4,NP,0,1
2003,4,Nuc,3,19
2003,4,Pen,9,5
2003,4,Pet,1,1
2003,4,Pol,3,7
2003,4,Pou,0.25,1
2003,4,Pov,7,5
2003,4,Pri,1,1
2003,4,Pub,0,20
2003,4,Rac,27,9
2003,4,SA,0,19
2003,4,SWA,0.25,20
2003,4,Tax,7,1
2003,4,TU,0.25,1
2003,4,Tra,6,10
2003,4,Tsu,0,19
2003,4,Une,10,1
2003,4,Oth,13,99
2003,4,DK,4,99
2003,5,AID,0.25,19
2003,5,AW,1,4
2003,5,BF,0,4
2003,5,BSE,0.25,4
2003,5,Coa,0,1
2003,5,Com,22,9
2003,5,Cou,1,4
2003,5,Cri,25,12
2003,5,Def,24,19
2003,5,Dru,5,12
2003,5,Eco,13,1
2003,5,Edu,30,6
2003,5,Foo,0.25,4
2003,5,Ger,0,4
2003,5,GM,0.25,4
2003,5,Hea,0,3
2003,5,Hou,5,14
2003,5,Inf,2,1
2003,5,Inn,0,1
2003,5,LG,2,20
2003,5,Low,3,5
2003,5,Mor,3,20
2003,5,Nat,0,20
2003,5,NHS,39,3
2003,5,NI,1,19
2003,5,NP,0,1
2003,5,Nuc,3,19
2003,5,Pen,10,5
2003,5,Pet,1,1
2003,5,Pol,2,7
2003,5,Pou,1,1
2003,5,Pov,6,5
2003,5,Pri,0.25,1
2003,5,Pub,0,20
2003,5,Rac,33,9
2003,5,SA,0,19
2003,5,SWA,0.25,20
2003,5,Tax,6,1
2003,5,TU,0.25,1
2003,5,Tra,5,10
2003,5,Tsu,0,19
2003,5,Une,8,1
2003,5,Oth,13,99
2003,5,DK,5,99
2003,6,AID,0.25,19
2003,6,AW,0.25,4
2003,6,BF,0,4
2003,6,BSE,0.25,4
2003,6,Coa,0,1
2003,6,Com,26,9
2003,6,Cou,1,4
2003,6,Cri,22,12
2003,6,Def,21,19
2003,6,Dru,6,12
2003,6,Eco,10,1
2003,6,Edu,27,6
2003,6,Foo,0,4
2003,6,Ger,0,4
2003,6,GM,1,4
2003,6,Hea,0,3
2003,6,Hou,6,14
2003,6,Inf,3,1
2003,6,Inn,0,1
2003,6,LG,3,20
2003,6,Low,1,5
2003,6,Mor,5,20
2003,6,Nat,0,20
2003,6,NHS,41,3
2003,6,NI,0.25,19
2003,6,NP,0,1
2003,6,Nuc,2,19
2003,6,Pen,9,5
2003,6,Pet,1,1
2003,6,Pol,3,7
2003,6,Pou,1,1
2003,6,Pov,6,5
2003,6,Pri,0.25,1
2003,6,Pub,0,20
2003,6,Rac,29,9
2003,6,SA,0,19
2003,6,SWA,0.25,20
2003,6,Tax,6,1
2003,6,TU,0.25,1
2003,6,Tra,9,10
2003,6,Tsu,0,19
2003,6,Une,7,1
2003,6,Oth,13,99
2003,6,DK,6,99
2003,7,AID,1,19
2003,7,AW,0.25,4
2003,7,BF,0,4
2003,7,BSE,1,4
2003,7,Coa,0,1
2003,7,Com,11,9
2003,7,Cou,1,4
2003,7,Cri,26,12
2003,7,Def,24,19
2003,7,Dru,4,12
2003,7,Eco,9,1
2003,7,Edu,33,6
2003,7,Foo,0.25,4
2003,7,Ger,0,4
2003,7,GM,1,4
2003,7,Hea,0,3
2003,7,Hou,6,14
2003,7,Inf,2,1
2003,7,Inn,0,1
2003,7,LG,1,20
2003,7,Low,2,5
2003,7,Mor,6,20
2003,7,Nat,0,20
2003,7,NHS,43,3
2003,7,NI,0.25,19
2003,7,NP,0,1
2003,7,Nuc,4,19
2003,7,Pen,11,5
2003,7,Pet,1,1
2003,7,Pol,4,7
2003,7,Pou,1,1
2003,7,Pov,6,5
2003,7,Pri,1,1
2003,7,Pub,0,20
2003,7,Rac,29,9
2003,7,SA,0,19
2003,7,SWA,1,20
2003,7,Tax,4,1
2003,7,TU,1,1
2003,7,Tra,9,10
2003,7,Tsu,0,19
2003,7,Une,10,1
2003,7,Oth,15,99
2003,7,DK,5,99
2003,8,AID,0.25,19
2003,8,AW,0.25,4
2003,8,BF,0,4
2003,8,BSE,0.25,4
2003,8,Coa,0,1
2003,8,Com,9,9
2003,8,Cou,1,4
2003,8,Cri,24,12
2003,8,Def,20,19
2003,8,Dru,6,12
2003,8,Eco,12,1
2003,8,Edu,33,6
2003,8,Foo,0.25,4
2003,8,Ger,0,4
2003,8,GM,0.25,4
2003,8,Hea,0,3
2003,8,Hou,7,14
2003,8,Inf,3,1
2003,8,Inn,0,1
2003,8,LG,3,20
2003,8,Low,3,5
2003,8,Mor,5,20
2003,8,Nat,0,20
2003,8,NHS,45,3
2003,8,NI,0.25,19
2003,8,NP,0,1
2003,8,Nuc,4,19
2003,8,Pen,10,5
2003,8,Pet,1,1
2003,8,Pol,2,7
2003,8,Pou,1,1
2003,8,Pov,6,5
2003,8,Pri,1,1
2003,8,Pub,0,20
2003,8,Rac,35,9
2003,8,SA,0,19
2003,8,SWA,0.25,20
2003,8,Tax,6,1
2003,8,TU,0.25,1
2003,8,Tra,10,10
2003,8,Tsu,0,19
2003,8,Une,10,1
2003,8,Oth,16,99
2003,8,DK,5,99
2003,9,AID,1,19
2003,9,AW,0.25,4
2003,9,BF,0,4
2003,9,BSE,0.25,4
2003,9,Coa,0,1
2003,9,Com,13,9
2003,9,Cou,1,4
2003,9,Cri,24,12
2003,9,Def,37,19
2003,9,Dru,6,12
2003,9,Eco,14,1
2003,9,Edu,28,6
2003,9,Foo,0.25,4
2003,9,Ger,0,4
2003,9,GM,1,4
2003,9,Hea,0,3
2003,9,Hou,7,14
2003,9,Inf,2,1
2003,9,Inn,0,1
2003,9,LG,2,20
2003,9,Low,3,5
2003,9,Mor,5,20
2003,9,Nat,0,20
2003,9,NHS,40,3
2003,9,NI,0.25,19
2003,9,NP,0,1
2003,9,Nuc,4,19
2003,9,Pen,12,5
2003,9,Pet,1,1
2003,9,Pol,2,7
2003,9,Pou,0.25,1
2003,9,Pov,5,5
2003,9,Pri,0.25,1
2003,9,Pub,0,20
2003,9,Rac,29,9
2003,9,SA,0,19
2003,9,SWA,0.25,20
2003,9,Tax,6,1
2003,9,TU,1,1
2003,9,Tra,7,10
2003,9,Tsu,0,19
2003,9,Une,9,1
2003,9,Oth,20,99
2003,9,DK,0,99
2003,10,AID,1,19
2003,10,AW,1,4
2003,10,BF,0,4
2003,10,BSE,0.25,4
2003,10,Coa,0,1
2003,10,Com,12,9
2003,10,Cou,1,4
2003,10,Cri,25,12
2003,10,Def,21,19
2003,10,Dru,6,12
2003,10,Eco,10,1
2003,10,Edu,26,6
2003,10,Foo,0.25,4
2003,10,Ger,0,4
2003,10,GM,1,4
2003,10,Hea,0,3
2003,10,Hou,5,14
2003,10,Inf,2,1
2003,10,Inn,0,1
2003,10,LG,2,20
2003,10,Low,2,5
2003,10,Mor,4,20
2003,10,Nat,0,20
2003,10,NHS,40,3
2003,10,NI,1,19
2003,10,NP,0,1
2003,10,Nuc,2,19
2003,10,Pen,11,5
2003,10,Pet,1,1
2003,10,Pol,2,7
2003,10,Pou,0.25,1
2003,10,Pov,5,5
2003,10,Pri,1,1
2003,10,Pub,0,20
2003,10,Rac,34,9
2003,10,SA,0,19
2003,10,SWA,0.25,20
2003,10,Tax,8,1
2003,10,TU,0.25,1
2003,10,Tra,8,10
2003,10,Tsu,0,19
2003,10,Une,7,1
2003,10,Oth,16,99
2003,10,DK,7,99
2003,11,AID,1,19
2003,11,AW,0.25,4
2003,11,BF,0,4
2003,11,BSE,0.25,4
2003,11,Coa,0,1
2003,11,Com,7,9
2003,11,Cou,1,4
2003,11,Cri,29,12
2003,11,Def,40,19
2003,11,Dru,4,12
2003,11,Eco,11,1
2003,11,Edu,27,6
2003,11,Foo,0.25,4
2003,11,Ger,0,4
2003,11,GM,0.25,4
2003,11,Hea,0,3
2003,11,Hou,5,14
2003,11,Inf,2,1
2003,11,Inn,0,1
2003,11,LG,3,20
2003,11,Low,2,5
2003,11,Mor,6,20
2003,11,Nat,0,20
2003,11,NHS,46,3
2003,11,NI,0.25,19
2003,11,NP,0,1
2003,11,Nuc,3,19
2003,11,Pen,10,5
2003,11,Pet,1,1
2003,11,Pol,2,7
2003,11,Pou,1,1
2003,11,Pov,5,5
2003,11,Pri,1,1
2003,11,Pub,0,20
2003,11,Rac,26,9
2003,11,SA,0,19
2003,11,SWA,0.25,20
2003,11,Tax,7,1
2003,11,TU,1,1
2003,11,Tra,7,10
2003,11,Tsu,0,19
2003,11,Une,8,1
2003,11,Oth,16,99
2003,11,DK,6,99
2003,12,AID,1,19
2003,12,AW,0.25,4
2003,12,BF,0,4
2003,12,BSE,0.25,4
2003,12,Coa,0,1
2003,12,Com,12,9
2003,12,Cou,1,4
2003,12,Cri,22,12
2003,12,Def,26,19
2003,12,Dru,5,12
2003,12,Eco,12,1
2003,12,Edu,33,6
2003,12,Foo,0.25,4
2003,12,Ger,0,4
2003,12,GM,0.25,4
2003,12,Hea,0,3
2003,12,Hou,5,14
2003,12,Inf,2,1
2003,12,Inn,0,1
2003,12,LG,4,20
2003,12,Low,2,5
2003,12,Mor,4,20
2003,12,Nat,0,20
2003,12,NHS,41,3
2003,12,NI,0.25,19
2003,12,NP,0,1
2003,12,Nuc,4,19
2003,12,Pen,11,5
2003,12,Pet,1,1
2003,12,Pol,4,7
2003,12,Pou,0.25,1
2003,12,Pov,6,5
2003,12,Pri,1,1
2003,12,Pub,0,20
2003,12,Rac,29,9
2003,12,SA,0,19
2003,12,SWA,1,20
2003,12,Tax,10,1
2003,12,TU,0.25,1
2003,12,Tra,8,10
2003,12,Tsu,0,19
2003,12,Une,7,1
2003,12,Oth,17,99
2003,12,DK,6,99
2004,1,AID,0.25,19
2004,1,AW,0.25,4
2004,1,BF,0,4
2004,1,BSE,0.25,4
2004,1,Coa,0,1
2004,1,Com,9,9
2004,1,Cou,2,4
2004,1,Cri,23,12
2004,1,Def,26,19
2004,1,Dru,4,12
2004,1,Eco,10,1
2004,1,Edu,32,6
2004,1,Foo,0.25,4
2004,1,Ger,0,4
2004,1,GM,1,4
2004,1,Hea,0,3
2004,1,Hou,6,14
2004,1,Inf,2,1
2004,1,Inn,0,1
2004,1,LG,4,20
2004,1,Low,2,5
2004,1,Mor,4,20
2004,1,Nat,0,20
2004,1,NHS,36,3
2004,1,NI,0.25,19
2004,1,NP,0,1
2004,1,Nuc,3,19
2004,1,Pen,13,5
2004,1,Pet,1,1
2004,1,Pol,4,7
2004,1,Pou,0.25,1
2004,1,Pov,5,5
2004,1,Pri,1,1
2004,1,Pub,4,20
2004,1,Rac,29,9
2004,1,SA,0,19
2004,1,SWA,1,20
2004,1,Tax,11,1
2004,1,TU,0.25,1
2004,1,Tra,9,10
2004,1,Tsu,0,19
2004,1,Une,8,1
2004,1,Oth,15,99
2004,1,DK,6,99
2004,2,AID,0.25,19
2004,2,AW,0.25,4
2004,2,BF,0,4
2004,2,BSE,0.25,4
2004,2,Coa,0,1
2004,2,Com,7,9
2004,2,Cou,1,4
2004,2,Cri,26,12
2004,2,Def,28,19
2004,2,Dru,6,12
2004,2,Eco,9,1
2004,2,Edu,33,6
2004,2,Foo,0.25,4
2004,2,Ger,0,4
2004,2,GM,1,4
2004,2,Hea,0,3
2004,2,Hou,5,14
2004,2,Inf,2,1
2004,2,Inn,0,1
2004,2,LG,4,20
2004,2,Low,2,5
2004,2,Mor,5,20
2004,2,Nat,0,20
2004,2,NHS,37,3
2004,2,NI,0,19
2004,2,NP,0,1
2004,2,Nuc,3,19
2004,2,Pen,13,5
2004,2,Pet,1,1
2004,2,Pol,3,7
2004,2,Pou,1,1
2004,2,Pov,5,5
2004,2,Pri,1,1
2004,2,Pub,3,20
2004,2,Rac,35,9
2004,2,SA,0,19
2004,2,SWA,1,20
2004,2,Tax,10,1
2004,2,TU,0,1
2004,2,Tra,6,10
2004,2,Tsu,0,19
2004,2,Une,8,1
2004,2,Oth,14,99
2004,2,DK,5,99
2004,3,AID,0.25,19
2004,3,AW,0.25,4
2004,3,BF,0,4
2004,3,BSE,0,4
2004,3,Coa,0,1
2004,3,Com,5,9
2004,3,Cou,1,4
2004,3,Cri,22,12
2004,3,Def,41,19
2004,3,Dru,6,12
2004,3,Eco,11,1
2004,3,Edu,27,6
2004,3,Foo,0.25,4
2004,3,Ger,0,4
2004,3,GM,2,4
2004,3,Hea,0,3
2004,3,Hou,6,14
2004,3,Inf,3,1
2004,3,Inn,0,1
2004,3,LG,4,20
2004,3,Low,2,5
2004,3,Mor,7,20
2004,3,Nat,0,20
2004,3,NHS,35,3
2004,3,NI,0.25,19
2004,3,NP,0,1
2004,3,Nuc,2,19
2004,3,Pen,12,5
2004,3,Pet,0.25,1
2004,3,Pol,4,7
2004,3,Pou,0.25,1
2004,3,Pov,6,5
2004,3,Pri,1,1
2004,3,Pub,5,20
2004,3,Rac,31,9
2004,3,SA,0,19
2004,3,SWA,1,20
2004,3,Tax,10,1
2004,3,TU,0.25,1
2004,3,Tra,7,10
2004,3,Tsu,0,19
2004,3,Une,8,1
2004,3,Oth,15,99
2004,3,DK,5,99
2004,4,AID,1,19
2004,4,AW,0.25,4
2004,4,BF,0,4
2004,4,BSE,0,4
2004,4,Coa,0,1
2004,4,Com,9,9
2004,4,Cou,1,4
2004,4,Cri,19,12
2004,4,Def,47,19
2004,4,Dru,3,12
2004,4,Eco,9,1
2004,4,Edu,29,6
2004,4,Foo,0.25,4
2004,4,Ger,0,4
2004,4,GM,0.25,4
2004,4,Hea,0,3
2004,4,Hou,8,14
2004,4,Inf,2,1
2004,4,Inn,0,1
2004,4,LG,2,20
2004,4,Low,2,5
2004,4,Mor,4,20
2004,4,Nat,0,20
2004,4,NHS,34,3
2004,4,NI,0.25,19
2004,4,NP,0,1
2004,4,Nuc,4,19
2004,4,Pen,10,5
2004,4,Pet,1,1
2004,4,Pol,2,7
2004,4,Pou,0.25,1
2004,4,Pov,6,5
2004,4,Pri,0.25,1
2004,4,Pub,3,20
2004,4,Rac,36,9
2004,4,SA,0,19
2004,4,SWA,0.25,20
2004,4,Tax,7,1
2004,4,TU,0.25,1
2004,4,Tra,5,10
2004,4,Tsu,0,19
2004,4,Une,7,1
2004,4,Oth,13,99
2004,4,DK,3,99
2004,5,AID,0.25,19
2004,5,AW,0.25,4
2004,5,BF,0,4
2004,5,BSE,0.25,4
2004,5,Coa,0,1
2004,5,Com,17,9
2004,5,Cou,1,4
2004,5,Cri,21,12
2004,5,Def,47,19
2004,5,Dru,6,12
2004,5,Eco,9,1
2004,5,Edu,25,6
2004,5,Foo,0.25,4
2004,5,Ger,0,4
2004,5,GM,1,4
2004,5,Hea,0,3
2004,5,Hou,8,14
2004,5,Inf,3,1
2004,5,Inn,0,1
2004,5,LG,3,20
2004,5,Low,2,5
2004,5,Mor,4,20
2004,5,Nat,0,20
2004,5,NHS,34,3
2004,5,NI,0.25,19
2004,5,NP,0,1
2004,5,Nuc,3,19
2004,5,Pen,9,5
2004,5,Pet,3,1
2004,5,Pol,4,7
2004,5,Pou,0.25,1
2004,5,Pov,5,5
2004,5,Pri,0.25,1
2004,5,Pub,3,20
2004,5,Rac,30,9
2004,5,SA,0,19
2004,5,SWA,0.25,20
2004,5,Tax,8,1
2004,5,TU,0.25,1
2004,5,Tra,7,10
2004,5,Tsu,0,19
2004,5,Une,7,1
2004,5,Oth,13,99
2004,5,DK,4,99
2004,6,AID,0.25,19
2004,6,AW,0,4
2004,6,BF,0,4
2004,6,BSE,0,4
2004,6,Coa,0,1
2004,6,Com,16,9
2004,6,Cou,1,4
2004,6,Cri,20,12
2004,6,Def,35,19
2004,6,Dru,5,12
2004,6,Eco,7,1
2004,6,Edu,28,6
2004,6,Foo,0.25,4
2004,6,Ger,0,4
2004,6,GM,1,4
2004,6,Hea,0,3
2004,6,Hou,7,14
2004,6,Inf,2,1
2004,6,Inn,0,1
2004,6,LG,1,20
2004,6,Low,1,5
2004,6,Mor,4,20
2004,6,Nat,0,20
2004,6,NHS,44,3
2004,6,NI,0,19
2004,6,NP,0,1
2004,6,Nuc,1,19
2004,6,Pen,10,5
2004,6,Pet,3,1
2004,6,Pol,3,7
2004,6,Pou,1,1
2004,6,Pov,4,5
2004,6,Pri,0,1
2004,6,Pub,3,20
2004,6,Rac,28,9
2004,6,SA,0,19
2004,6,SWA,0.25,20
2004,6,Tax,5,1
2004,6,TU,0.25,1
2004,6,Tra,7,10
2004,6,Tsu,0,19
2004,6,Une,6,1
2004,6,Oth,14,99
2004,6,DK,5,99
2004,7,AID,0.25,19
2004,7,AW,0.25,4
2004,7,BF,0,4
2004,7,BSE,0.25,4
2004,7,Coa,0,1
2004,7,Com,11,9
2004,7,Cou,1,4
2004,7,Cri,28,12
2004,7,Def,34,19
2004,7,Dru,4,12
2004,7,Eco,10,1
2004,7,Edu,27,6
2004,7,Foo,0.25,4
2004,7,Ger,0,4
2004,7,GM,1,4
2004,7,Hea,0,3
2004,7,Hou,7,14
2004,7,Inf,2,1
2004,7,Inn,0,1
2004,7,LG,3,20
2004,7,Low,2,5
2004,7,Mor,4,20
2004,7,Nat,0,20
2004,7,NHS,40,3
2004,7,NI,0,19
2004,7,NP,0,1
2004,7,Nuc,2,19
2004,7,Pen,12,5
2004,7,Pet,2,1
2004,7,Pol,2,7
2004,7,Pou,1,1
2004,7,Pov,5,5
2004,7,Pri,1,1
2004,7,Pub,5,20
2004,7,Rac,31,9
2004,7,SA,0,19
2004,7,SWA,0.25,20
2004,7,Tax,9,1
2004,7,TU,0.25,1
2004,7,Tra,8,10
2004,7,Tsu,0,19
2004,7,Une,7,1
2004,7,Oth,13,99
2004,7,DK,4,99
2004,8,AID,0.25,19
2004,8,AW,0.25,4
2004,8,BF,0,4
2004,8,BSE,0.25,4
2004,8,Coa,0,1
2004,8,Com,9,9
2004,8,Cou,0.25,4
2004,8,Cri,28,12
2004,8,Def,38,19
2004,8,Dru,6,12
2004,8,Eco,10,1
2004,8,Edu,23,6
2004,8,Foo,0,4
2004,8,Ger,0,4
2004,8,GM,1,4
2004,8,Hea,0,3
2004,8,Hou,6,14
2004,8,Inf,4,1
2004,8,Inn,0,1
2004,8,LG,4,20
2004,8,Low,1,5
2004,8,Mor,4,20
2004,8,Nat,0,20
2004,8,NHS,34,3
2004,8,NI,0.25,19
2004,8,NP,0,1
2004,8,Nuc,2,19
2004,8,Pen,8,5
2004,8,Pet,3,1
2004,8,Pol,4,7
2004,8,Pou,0.25,1
2004,8,Pov,3,5
2004,8,Pri,1,1
2004,8,Pub,2,20
2004,8,Rac,30,9
2004,8,SA,0,19
2004,8,SWA,0.25,20
2004,8,Tax,8,1
2004,8,TU,0.25,1
2004,8,Tra,6,10
2004,8,Tsu,0,19
2004,8,Une,7,1
2004,8,Oth,14,99
2004,8,DK,5,99
2004,9,AID,0.25,19
2004,9,AW,0.25,4
2004,9,BF,0,4
2004,9,BSE,0.25,4
2004,9,Coa,0,1
2004,9,Com,8,9
2004,9,Cou,1,4
2004,9,Cri,27,12
2004,9,Def,36,19
2004,9,Dru,6,12
2004,9,Eco,10,1
2004,9,Edu,29,6
2004,9,Foo,0.25,4
2004,9,Ger,0,4
2004,9,GM,1,4
2004,9,Hea,0,3
2004,9,Hou,7,14
2004,9,Inf,3,1
2004,9,Inn,0,1
2004,9,LG,3,20
2004,9,Low,2,5
2004,9,Mor,5,20
2004,9,Nat,0,20
2004,9,NHS,34,3
2004,9,NI,0.25,19
2004,9,NP,0,1
2004,9,Nuc,1,19
2004,9,Pen,15,5
2004,9,Pet,2,1
2004,9,Pol,4,7
2004,9,Pou,1,1
2004,9,Pov,4,5
2004,9,Pri,0.25,1
2004,9,Pub,4,20
2004,9,Rac,26,9
2004,9,SA,0,19
2004,9,SWA,0.25,20
2004,9,Tax,8,1
2004,9,TU,0.25,1
2004,9,Tra,5,10
2004,9,Tsu,0,19
2004,9,Une,8,1
2004,9,Oth,15,99
2004,9,DK,5,99
2004,10,AID,0,19
2004,10,AW,0.25,4
2004,10,BF,0,4
2004,10,BSE,0.25,4
2004,10,Coa,0,1
2004,10,Com,7,9
2004,10,Cou,2,4
2004,10,Cri,28,12
2004,10,Def,47,19
2004,10,Dru,7,12
2004,10,Eco,11,1
2004,10,Edu,26,6
2004,10,Foo,0,4
2004,10,Ger,0,4
2004,10,GM,0.25,4
2004,10,Hea,0,3
2004,10,Hou,7,14
2004,10,Inf,3,1
2004,10,Inn,0,1
2004,10,LG,2,20
2004,10,Low,1,5
2004,10,Mor,4,20
2004,10,Nat,0,20
2004,10,NHS,36,3
2004,10,NI,0.25,19
2004,10,NP,0,1
2004,10,Nuc,2,19
2004,10,Pen,20,5
2004,10,Pet,1,1
2004,10,Pol,3,7
2004,10,Pou,1,1
2004,10,Pov,5,5
2004,10,Pri,0.25,1
2004,10,Pub,3,20
2004,10,Rac,25,9
2004,10,SA,0,19
2004,10,SWA,0.25,20
2004,10,Tax,9,1
2004,10,TU,0,1
2004,10,Tra,4,10
2004,10,Tsu,0,19
2004,10,Une,7,1
2004,10,Oth,11,99
2004,10,DK,4,99
2004,11,AID,1,19
2004,11,AW,0.25,4
2004,11,BF,0,4
2004,11,BSE,0.25,4
2004,11,Coa,0,1
2004,11,Com,9,9
2004,11,Cou,1,4
2004,11,Cri,27,12
2004,11,Def,47,19
2004,11,Dru,6,12
2004,11,Eco,10,1
2004,11,Edu,22,6
2004,11,Foo,0.25,4
2004,11,Ger,0,4
2004,11,GM,1,4
2004,11,Hea,0,3
2004,11,Hou,5,14
2004,11,Inf,2,1
2004,11,Inn,0,1
2004,11,LG,1,20
2004,11,Low,2,5
2004,11,Mor,5,20
2004,11,Nat,0,20
2004,11,NHS,32,3
2004,11,NI,0.25,19
2004,11,NP,0,1
2004,11,Nuc,2,19
2004,11,Pen,12,5
2004,11,Pet,2,1
2004,11,Pol,5,7
2004,11,Pou,1,1
2004,11,Pov,6,5
2004,11,Pri,1,1
2004,11,Pub,3,20
2004,11,Rac,24,9
2004,11,SA,0,19
2004,11,SWA,0.25,20
2004,11,Tax,6,1
2004,11,TU,0,1
2004,11,Tra,6,10
2004,11,Tsu,0,19
2004,11,Une,6,1
2004,11,Oth,16,99
2004,11,DK,5,99
2004,12,AID,0.25,19
2004,12,AW,1,4
2004,12,BF,0,4
2004,12,BSE,0.25,4
2004,12,Coa,0,1
2004,12,Com,6,9
2004,12,Cou,1,4
2004,12,Cri,30,12
2004,12,Def,40,19
2004,12,Dru,5,12
2004,12,Eco,10,1
2004,12,Edu,25,6
2004,12,Foo,0.25,4
2004,12,Ger,0,4
2004,12,GM,0.25,4
2004,12,Hea,0,3
2004,12,Hou,6,14
2004,12,Inf,2,1
2004,12,Inn,0,1
2004,12,LG,2,20
2004,12,Low,2,5
2004,12,Mor,6,20
2004,12,Nat,0,20
2004,12,NHS,33,3
2004,12,NI,0.25,19
2004,12,NP,0,1
2004,12,Nuc,2,19
2004,12,Pen,13,5
2004,12,Pet,2,1
2004,12,Pol,4,7
2004,12,Pou,0.25,1
2004,12,Pov,7,5
2004,12,Pri,1,1
2004,12,Pub,4,20
2004,12,Rac,25,9
2004,12,SA,0,19
2004,12,SWA,0.25,20
2004,12,Tax,9,1
2004,12,TU,0.25,1
2004,12,Tra,7,10
2004,12,Tsu,0,19
2004,12,Une,6,1
2004,12,Oth,16,99
2004,12,DK,5,99
2005,1,AID,0.25,19
2005,1,AW,1,4
2005,1,BF,0,4
2005,1,BSE,0,4
2005,1,Coa,0,1
2005,1,Com,7,9
2005,1,Cou,2,4
2005,1,Cri,26,12
2005,1,Def,34,19
2005,1,Dru,5,12
2005,1,Eco,10,1
2005,1,Edu,24,6
2005,1,Foo,0.25,4
2005,1,Ger,0,4
2005,1,GM,1,4
2005,1,Hea,0,3
2005,1,Hou,8,14
2005,1,Inf,2,1
2005,1,Inn,0,1
2005,1,LG,3,20
2005,1,Low,2,5
2005,1,Mor,6,20
2005,1,Nat,0,20
2005,1,NHS,34,3
2005,1,NI,0.25,19
2005,1,NP,0,1
2005,1,Nuc,2,19
2005,1,Pen,11,5
2005,1,Pet,1,1
2005,1,Pol,5,7
2005,1,Pou,1,1
2005,1,Pov,8,5
2005,1,Pri,1,1
2005,1,Pub,3,20
2005,1,Rac,26,9
2005,1,SA,0,19
2005,1,SWA,0.25,20
2005,1,Tax,8,1
2005,1,TU,0,1
2005,1,Tra,4,10
2005,1,Tsu,3,19
2005,1,Une,7,1
2005,1,Oth,13,99
2005,1,DK,6,99
2005,2,AID,0.25,19
2005,2,AW,1,4
2005,2,BF,0,4
2005,2,BSE,0.25,4
2005,2,Coa,0,1
2005,2,Com,8,9
2005,2,Cou,1,4
2005,2,Cri,29,12
2005,2,Def,25,19
2005,2,Dru,5,12
2005,2,Eco,10,1
2005,2,Edu,26,6
2005,2,Foo,0.25,4
2005,2,Ger,0,4
2005,2,GM,0.25,4
2005,2,Hea,0,3
2005,2,Hou,7,14
2005,2,Inf,2,1
2005,2,Inn,0,1
2005,2,LG,3,20
2005,2,Low,2,5
2005,2,Mor,6,20
2005,2,Nat,0,20
2005,2,NHS,38,3
2005,2,NI,0.25,19
2005,2,NP,0,1
2005,2,Nuc,1,19
2005,2,Pen,14,5
2005,2,Pet,1,1
2005,2,Pol,6,7
2005,2,Pou,0.25,1
2005,2,Pov,7,5
2005,2,Pri,1,1
2005,2,Pub,3,20
2005,2,Rac,40,9
2005,2,SA,0,19
2005,2,SWA,0.25,20
2005,2,Tax,7,1
2005,2,TU,0.25,1
2005,2,Tra,4,10
2005,2,Tsu,0.25,19
2005,2,Une,8,1
2005,2,Oth,12,99
2005,2,DK,5,99
2005,3,AID,0.25,19
2005,3,AW,1,4
2005,3,BF,0,4
2005,3,BSE,0,4
2005,3,Coa,0,1
2005,3,Com,5,9
2005,3,Cou,2,4
2005,3,Cri,29,12
2005,3,Def,24,19
2005,3,Dru,6,12
2005,3,Eco,12,1
2005,3,Edu,30,6
2005,3,Foo,1,4
2005,3,Ger,0,4
2005,3,GM,1,4
2005,3,Hea,0,3
2005,3,Hou,9,14
2005,3,Inf,2,1
2005,3,Inn,0,1
2005,3,LG,3,20
2005,3,Low,2,5
2005,3,Mor,6,20
2005,3,Nat,0,20
2005,3,NHS,44,3
2005,3,NI,0.25,19
2005,3,NP,0,1
2005,3,Nuc,1,19
2005,3,Pen,13,5
2005,3,Pet,2,1
2005,3,Pol,4,7
2005,3,Pou,0.25,1
2005,3,Pov,8,5
2005,3,Pri,0.25,1
2005,3,Pub,3,20
2005,3,Rac,33,9
2005,3,SA,0,19
2005,3,SWA,0.25,20
2005,3,Tax,6,1
2005,3,TU,0.25,1
2005,3,Tra,4,10
2005,3,Tsu,0.25,19
2005,3,Une,8,1
2005,3,Oth,14,99
2005,3,DK,4,99
2005,5,AID,0.25,19
2005,5,AW,0.25,4
2005,5,BF,0,4
2005,5,BSE,0.25,4
2005,5,Coa,0,1
2005,5,Com,9,9
2005,5,Cou,1,4
2005,5,Cri,40,12
2005,5,Def,14,19
2005,5,Dru,7,12
2005,5,Eco,11,1
2005,5,Edu,26,6
2005,5,Foo,0.25,4
2005,5,Ger,0,4
2005,5,GM,0.25,4
2005,5,Hea,0,3
2005,5,Hou,8,14
2005,5,Inf,2,1
2005,5,Inn,0,1
2005,5,LG,3,20
2005,5,Low,1,5
2005,5,Mor,10,20
2005,5,Nat,0,20
2005,5,NHS,36,3
2005,5,NI,0.25,19
2005,5,NP,0,1
2005,5,Nuc,1,19
2005,5,Pen,14,5
2005,5,Pet,2,1
2005,5,Pol,6,7
2005,5,Pou,0.25,1
2005,5,Pov,5,5
2005,5,Pri,0.25,1
2005,5,Pub,3,20
2005,5,Rac,27,9
2005,5,SA,0,19
2005,5,SWA,0.25,20
2005,5,Tax,8,1
2005,5,TU,0.25,1
2005,5,Tra,4,10
2005,5,Tsu,0.25,19
2005,5,Une,7,1
2005,5,Oth,15,99
2005,5,DK,4,99
2005,6,AID,0.25,19
2005,6,AW,0.25,4
2005,6,BF,0,4
2005,6,BSE,0.25,4
2005,6,Coa,0,1
2005,6,Com,19,9
2005,6,Cou,1,4
2005,6,Cri,30,12
2005,6,Def,16,19
2005,6,Dru,4,12
2005,6,Eco,11,1
2005,6,Edu,24,6
2005,6,Foo,0.25,4
2005,6,Ger,0,4
2005,6,GM,0.25,4
2005,6,Hea,0,3
2005,6,Hou,6,14
2005,6,Inf,2,1
2005,6,Inn,0,1
2005,6,LG,2,20
2005,6,Low,1,5
2005,6,Mor,4,20
2005,6,Nat,0,20
2005,6,NHS,36,3
2005,6,NI,0,19
2005,6,NP,0,1
2005,6,Nuc,1,19
2005,6,Pen,11,5
2005,6,Pet,1,1
2005,6,Pol,7,7
2005,6,Pou,0.25,1
2005,6,Pov,7,5
2005,6,Pri,0.25,1
2005,6,Pub,2,20
2005,6,Rac,33,9
2005,6,SA,0,19
2005,6,SWA,0.25,20
2005,6,Tax,8,1
2005,6,TU,0.25,1
2005,6,Tra,5,10
2005,6,Tsu,1,19
2005,6,Une,8,1
2005,6,Oth,13,99
2005,6,DK,6,99
2005,7,AID,0,19
2005,7,AW,0.25,4
2005,7,BF,0,4
2005,7,BSE,0.25,4
2005,7,Coa,0,1
2005,7,Com,7,9
2005,7,Cou,1,4
2005,7,Cri,25,12
2005,7,Def,58,19
2005,7,Dru,3,12
2005,7,Eco,10,1
2005,7,Edu,20,6
2005,7,Foo,0.25,4
2005,7,Ger,0,4
2005,7,GM,0.25,4
2005,7,Hea,0,3
2005,7,Hou,5,14
2005,7,Inf,1,1
2005,7,Inn,0,1
2005,7,LG,2,20
2005,7,Low,2,5
2005,7,Mor,5,20
2005,7,Nat,0,20
2005,7,NHS,29,3
2005,7,NI,0.25,19
2005,7,NP,0,1
2005,7,Nuc,1,19
2005,7,Pen,8,5
2005,7,Pet,2,1
2005,7,Pol,7,7
2005,7,Pou,0.25,1
2005,7,Pov,7,5
2005,7,Pri,0.25,1
2005,7,Pub,2,20
2005,7,Rac,32,9
2005,7,SA,0,19
2005,7,SWA,0.25,20
2005,7,Tax,6,1
2005,7,TU,0,1
2005,7,Tra,5,10
2005,7,Tsu,1,19
2005,7,Une,8,1
2005,7,Oth,6,99
2005,7,DK,3,99
2005,8,AID,0.25,19
2005,8,AW,0.25,4
2005,8,BF,0,4
2005,8,BSE,0.25,4
2005,8,Coa,0,1
2005,8,Com,4,9
2005,8,Cou,1,4
2005,8,Cri,24,12
2005,8,Def,56,19
2005,8,Dru,4,12
2005,8,Eco,13,1
2005,8,Edu,19,6
2005,8,Foo,0.25,4
2005,8,Ger,0,4
2005,8,GM,0.25,4
2005,8,Hea,0,3
2005,8,Hou,6,14
2005,8,Inf,2,1
2005,8,Inn,0,1
2005,8,LG,2,20
2005,8,Low,1,5
2005,8,Mor,4,20
2005,8,Nat,0,20
2005,8,NHS,28,3
2005,8,NI,0.25,19
2005,8,NP,0,1
2005,8,Nuc,1,19
2005,8,Pen,8,5
2005,8,Pet,4,1
2005,8,Pol,4,7
2005,8,Pou,0.25,1
2005,8,Pov,7,5
2005,8,Pri,0.25,1
2005,8,Pub,1,20
2005,8,Rac,35,9
2005,8,SA,0,19
2005,8,SWA,0.25,20
2005,8,Tax,4,1
2005,8,TU,0.25,1
2005,8,Tra,3,10
2005,8,Tsu,0.25,19
2005,8,Une,7,1
2005,8,Oth,8,99
2005,8,DK,3,99
2005,9,AID,0.25,19
2005,9,AW,0.25,4
2005,9,BF,0,4
2005,9,BSE,0.25,4
2005,9,Coa,0,1
2005,9,Com,5,9
2005,9,Cou,1,4
2005,9,Cri,25,12
2005,9,Def,46,19
2005,9,Dru,5,12
2005,9,Eco,11,1
2005,9,Edu,21,6
2005,9,Foo,0.25,4
2005,9,Ger,0,4
2005,9,GM,0.25,4
2005,9,Hea,0,3
2005,9,Hou,5,14
2005,9,Inf,3,1
2005,9,Inn,0,1
2005,9,LG,3,20
2005,9,Low,2,5
2005,9,Mor,7,20
2005,9,Nat,0,20
2005,9,NHS,28,3
2005,9,NI,0.25,19
2005,9,NP,0,1
2005,9,Nuc,2,19
2005,9,Pen,10,5
2005,9,Pet,5,1
2005,9,Pol,6,7
2005,9,Pou,0.25,1
2005,9,Pov,6,5
2005,9,Pri,0.25,1
2005,9,Pub,2,20
2005,9,Rac,32,9
2005,9,SA,0,19
2005,9,SWA,0.25,20
2005,9,Tax,8,1
2005,9,TU,0,1
2005,9,Tra,4,10
2005,9,Tsu,0.25,19
2005,9,Une,7,1
2005,9,Oth,11,99
2005,9,DK,3,99
2005,10,AID,1,19
2005,10,AW,0.25,4
2005,10,BF,0,4
2005,10,BSE,0.25,4
2005,10,Coa,0,1
2005,10,Com,5,9
2005,10,Cou,1,4
2005,10,Cri,31,12
2005,10,Def,31,19
2005,10,Dru,6,12
2005,10,Eco,10,1
2005,10,Edu,26,6
2005,10,Foo,0.25,4
2005,10,Ger,0,4
2005,10,GM,0.25,4
2005,10,Hea,0,3
2005,10,Hou,6,14
2005,10,Inf,2,1
2005,10,Inn,0,1
2005,10,LG,4,20
2005,10,Low,1,5
2005,10,Mor,5,20
2005,10,Nat,0,20
2005,10,NHS,34,3
2005,10,NI,0.25,19
2005,10,NP,0,1
2005,10,Nuc,1,19
2005,10,Pen,12,5
2005,10,Pet,3,1
2005,10,Pol,6,7
2005,10,Pou,0.25,1
2005,10,Pov,6,5
2005,10,Pri,0.25,1
2005,10,Pub,3,20
2005,10,Rac,30,9
2005,10,SA,0,19
2005,10,SWA,0,20
2005,10,Tax,7,1
2005,10,TU,0,1
2005,10,Tra,4,10
2005,10,Tsu,1,19
2005,10,Une,6,1
2005,10,Oth,6,99
2005,10,DK,5,99
2005,11,AID,0.25,19
2005,11,AW,0.25,4
2005,11,BF,0,4
2005,11,BSE,0.25,4
2005,11,Coa,0,1
2005,11,Com,3,9
2005,11,Cou,1,4
2005,11,Cri,34,12
2005,11,Def,41,19
2005,11,Dru,7,12
2005,11,Eco,13,1
2005,11,Edu,27,6
2005,11,Foo,0.25,4
2005,11,Ger,0,4
2005,11,GM,1,4
2005,11,Hea,0,3
2005,11,Hou,4,14
2005,11,Inf,2,1
2005,11,Inn,0,1
2005,11,LG,3,20
2005,11,Low,1,5
2005,11,Mor,5,20
2005,11,Nat,0,20
2005,11,NHS,29,3
2005,11,NI,0.25,19
2005,11,NP,0,1
2005,11,Nuc,1,19
2005,11,Pen,14,5
2005,11,Pet,1,1
2005,11,Pol,6,7
2005,11,Pou,0.25,1
2005,11,Pov,4,5
2005,11,Pri,1,1
2005,11,Pub,2,20
2005,11,Rac,25,9
2005,11,SA,0,19
2005,11,SWA,0.25,20
2005,11,Tax,9,1
2005,11,TU,0.25,1
2005,11,Tra,3,10
2005,11,Tsu,0.25,19
2005,11,Une,7,1
2005,11,Oth,4,99
2005,11,DK,4,99
2006,1,AID,0.25,19
2006,1,AW,0.25,4
2006,1,BF,0,4
2006,1,BSE,0.25,4
2006,1,Coa,0,1
2006,1,Com,4,9
2006,1,Cou,2,4
2006,1,Cri,36,12
2006,1,Def,26,19
2006,1,Dru,7,12
2006,1,Eco,10,1
2006,1,Edu,28,6
2006,1,Foo,0.25,4
2006,1,Ger,0,4
2006,1,GM,0.25,4
2006,1,Hea,0,3
2006,1,Hou,6,14
2006,1,Inf,2,1
2006,1,Inn,0,1
2006,1,LG,3,20
2006,1,Low,2,5
2006,1,Mor,7,20
2006,1,Nat,0,20
2006,1,NHS,30,3
2006,1,NI,0.25,19
2006,1,NP,0,1
2006,1,Nuc,2,19
2006,1,Pen,11,5
2006,1,Pet,4,1
2006,1,Pol,9,7
2006,1,Pou,0.25,1
2006,1,Pov,7,5
2006,1,Pri,1,1
2006,1,Pub,2,20
2006,1,Rac,28,9
2006,1,SA,0,19
2006,1,SWA,0.25,20
2006,1,Tax,7,1
2006,1,TU,0.25,1
2006,1,Tra,3,10
2006,1,Tsu,0.25,19
2006,1,Une,7,1
2006,1,Oth,6,99
2006,1,DK,4,99
2006,2,AID,0.25,19
2006,2,AW,0.25,4
2006,2,BF,0,4
2006,2,BSE,0,4
2006,2,Coa,0,1
2006,2,Com,3,9
2006,2,Cou,1,4
2006,2,Cri,28,12
2006,2,Def,34,19
2006,2,Dru,6,12
2006,2,Eco,11,1
2006,2,Edu,25,6
2006,2,Foo,0.25,4
2006,2,Ger,0,4
2006,2,GM,0.25,4
2006,2,Hea,0,3
2006,2,Hou,6,14
2006,2,Inf,2,1
2006,2,Inn,0,1
2006,2,LG,3,20
2006,2,Low,2,5
2006,2,Mor,5,20
2006,2,Nat,0,20
2006,2,NHS,33,3
2006,2,NI,0.25,19
2006,2,NP,0,1
2006,2,Nuc,2,19
2006,2,Pen,13,5
2006,2,Pet,3,1
2006,2,Pol,8,7
2006,2,Pou,0.25,1
2006,2,Pov,6,5
2006,2,Pri,0.25,1
2006,2,Pub,0,20
2006,2,Rac,30,9
2006,2,SA,0,19
2006,2,SWA,1,20
2006,2,Tax,7,1
2006,2,TU,0.25,1
2006,2,Tra,3,10
2006,2,Tsu,0,19
2006,2,Une,9,1
2006,2,Oth,16,99
2006,2,DK,3,99
2006,3,AID,0.25,19
2006,3,AW,0.25,4
2006,3,BF,1,4
2006,3,BSE,0,4
2006,3,Coa,0,1
2006,3,Com,3,9
2006,3,Cou,2,4
2006,3,Cri,26,12
2006,3,Def,29,19
2006,3,Dru,5,12
2006,3,Eco,9,1
2006,3,Edu,28,6
2006,3,Foo,0,4
2006,3,Ger,0,4
2006,3,GM,0.25,4
2006,3,Hea,0,3
2006,3,Hou,6,14
2006,3,Inf,2,1
2006,3,Inn,0,1
2006,3,LG,3,20
2006,3,Low,2,5
2006,3,Mor,6,20
2006,3,Nat,0,20
2006,3,NHS,37,3
2006,3,NI,0.25,19
2006,3,NP,0,1
2006,3,Nuc,2,19
2006,3,Pen,13,5
2006,3,Pet,2,1
2006,3,Pol,9,7
2006,3,Pou,0.25,1
2006,3,Pov,8,5
2006,3,Pri,0.25,1
2006,3,Pub,3,20
2006,3,Rac,30,9
2006,3,SA,0,19
2006,3,SWA,0.25,20
2006,3,Tax,8,1
2006,3,TU,0.25,1
2006,3,Tra,3,10
2006,3,Tsu,0,19
2006,3,Une,5,1
2006,3,Oth,14,99
2006,3,DK,4,99
2006,4,AID,0.25,19
2006,4,AW,0.25,4
2006,4,BF,2,4
2006,4,BSE,0,4
2006,4,Coa,0,1
2006,4,Com,3,9
2006,4,Cou,2,4
2006,4,Cri,30,12
2006,4,Def,23,19
2006,4,Dru,3,12
2006,4,Eco,9,1
2006,4,Edu,28,6
2006,4,Foo,0.25,4
2006,4,Ger,0,4
2006,4,GM,0.25,4
2006,4,Hea,0,3
2006,4,Hou,6,14
2006,4,Inf,2,1
2006,4,Inn,0,1
2006,4,LG,2,20
2006,4,Low,2,5
2006,4,Mor,5,20
2006,4,Nat,0,20
2006,4,NHS,47,3
2006,4,NI,0,19
2006,4,NP,0,1
2006,4,Nuc,1,19
2006,4,Pen,12,5
2006,4,Pet,5,1
2006,4,Pol,11,7
2006,4,Pou,0.25,1
2006,4,Pov,5,5
2006,4,Pri,0.25,1
2006,4,Pub,3,20
2006,4,Rac,35,9
2006,4,SA,0,19
2006,4,SWA,0.25,20
2006,4,Tax,7,1
2006,4,TU,0.25,1
2006,4,Tra,3,10
2006,4,Tsu,0.25,19
2006,4,Une,7,1
2006,4,Oth,16,99
2006,4,DK,4,99
2006,5,AID,0.25,19
2006,5,AW,0.25,4
2006,5,BF,0.25,4
2006,5,BSE,0,4
2006,5,Coa,0,1
2006,5,Com,3,9
2006,5,Cou,1,4
2006,5,Cri,36,12
2006,5,Def,27,19
2006,5,Dru,5,12
2006,5,Eco,10,1
2006,5,Edu,25,6
2006,5,Foo,0.25,4
2006,5,Ger,0,4
2006,5,GM,0.25,4
2006,5,Hea,0,3
2006,5,Hou,5,14
2006,5,Inf,3,1
2006,5,Inn,0,1
2006,5,LG,2,20
2006,5,Low,2,5
2006,5,Mor,5,20
2006,5,Nat,0,20
2006,5,NHS,38,3
2006,5,NI,0,19
2006,5,NP,0,1
2006,5,Nuc,1,19
2006,5,Pen,20,5
2006,5,Pet,4,1
2006,5,Pol,12,7
2006,5,Pou,0.25,1
2006,5,Pov,5,5
2006,5,Pri,0.25,1
2006,5,Pub,2,20
2006,5,Rac,41,9
2006,5,SA,0,19
2006,5,SWA,0.25,20
2006,5,Tax,5,1
2006,5,TU,0,1
2006,5,Tra,2,10
2006,5,Tsu,0.25,19
2006,5,Une,6,1
2006,5,Oth,7,99
2006,5,DK,2,99
2006,6,AID,0.25,19
2006,6,AW,0.25,4
2006,6,BF,0.25,4
2006,6,BSE,0,4
2006,6,Coa,0,1
2006,6,Com,3,9
2006,6,Cou,2,4
2006,6,Cri,41,12
2006,6,Def,25,19
2006,6,Dru,5,12
2006,6,Eco,8,1
2006,6,Edu,19,6
2006,6,Foo,0.25,4
2006,6,Ger,0,4
2006,6,GM,1,4
2006,6,Hea,0,3
2006,6,Hou,7,14
2006,6,Inf,2,1
2006,6,Inn,0,1
2006,6,LG,2,20
2006,6,Low,2,5
2006,6,Mor,6,20
2006,6,Nat,0,20
2006,6,NHS,35,3
2006,6,NI,0.25,19
2006,6,NP,0,1
2006,6,Nuc,2,19
2006,6,Pen,10,5
2006,6,Pet,3,1
2006,6,Pol,10,7
2006,6,Pou,0.5,1
2006,6,Pov,5,5
2006,6,Pri,1,1
2006,6,Pub,2,20
2006,6,Rac,35,9
2006,6,SA,0,19
2006,6,SWA,1,20
2006,6,Tax,6,1
2006,6,TU,0.25,1
2006,6,Tra,3,10
2006,6,Tsu,0.25,19
2006,6,Une,6,1
2006,6,Oth,7,99
2006,6,DK,4,99
2006,7,AID,0,19
2006,7,AW,1,4
2006,7,BF,0.25,4
2006,7,BSE,0,4
2006,7,Coa,0,1
2006,7,Com,3,9
2006,7,Cou,1,4
2006,7,Cri,37,12
2006,7,Def,36,19
2006,7,Dru,4,12
2006,7,Eco,9,1
2006,7,Edu,20,6
2006,7,Foo,0.25,4
2006,7,Ger,0,4
2006,7,GM,0.25,4
2006,7,Hea,0,3
2006,7,Hou,6,14
2006,7,Inf,3,1
2006,7,Inn,0,1
2006,7,LG,2,20
2006,7,Low,1,5
2006,7,Mor,5,20
2006,7,Nat,0,20
2006,7,NHS,35,3
2006,7,NI,0,19
2006,7,NP,0,1
2006,7,Nuc,2,19
2006,7,Pen,10,5
2006,7,Pet,6,1
2006,7,Pol,10,7
2006,7,Pou,0.25,1
2006,7,Pov,7,5
2006,7,Pri,0.25,1
2006,7,Pub,3,20
2006,7,Rac,38,9
2006,7,SA,0,19
2006,7,SWA,1,20
2006,7,Tax,7,1
2006,7,TU,0.25,1
2006,7,Tra,2,10
2006,7,Tsu,0.25,19
2006,7,Une,6,1
2006,7,Oth,6,99
2006,7,DK,4,99
2006,8,AID,1,19
2006,8,AW,1,4
2006,8,BF,1,4
2006,8,BSE,0,4
2006,8,Coa,0,1
2006,8,Com,3,9
2006,8,Cou,1,4
2006,8,Cri,26,12
2006,8,Def,38,19
2006,8,Dru,6,12
2006,8,Eco,8,1
2006,8,Edu,19,6
2006,8,Foo,0.25,4
2006,8,Ger,0,4
2006,8,GM,1,4
2006,8,Hea,0,3
2006,8,Hou,8,14
2006,8,Inf,3,1
2006,8,Inn,0,1
2006,8,LG,3,20
2006,8,Low,2,5
2006,8,Mor,4,20
2006,8,Nat,0,20
2006,8,NHS,32,3
2006,8,NI,0.25,19
2006,8,NP,0,1
2006,8,Nuc,2,19
2006,8,Pen,7,5
2006,8,Pet,3,1
2006,8,Pol,10,7
2006,8,Pou,1,1
2006,8,Pov,4,5
2006,8,Pri,0.25,1
2006,8,Pub,2,20
2006,8,Rac,45,9
2006,8,SA,0,19
2006,8,SWA,0.25,20
2006,8,Tax,7,1
2006,8,TU,0.25,1
2006,8,Tra,2,10
2006,8,Tsu,0.25,19
2006,8,Une,5,1
2006,8,Oth,6,99
2006,8,DK,4,99
2006,10,AID,0.25,19
2006,10,AW,1,4
2006,10,BF,0.25,4
2006,10,BSE,0,4
2006,10,Coa,0,1
2006,10,Com,3,9
2006,10,Cou,2,4
2006,10,Cri,30,12
2006,10,Def,37,19
2006,10,Dru,5,12
2006,10,Eco,8,1
2006,10,Edu,20,6
2006,10,Foo,1,4
2006,10,Ger,0,4
2006,10,GM,1,4
2006,10,Hea,0,3
2006,10,Hou,5,14
2006,10,Inf,2,1
2006,10,Inn,0,1
2006,10,LG,2,20
2006,10,Low,2,5
2006,10,Mor,5,20
2006,10,Nat,0,20
2006,10,NHS,38,3
2006,10,NI,0.25,19
2006,10,NP,0,1
2006,10,Nuc,3,19
2006,10,Pen,7,5
2006,10,Pet,1,1
2006,10,Pol,8,7
2006,10,Pou,0.25,1
2006,10,Pov,5,5
2006,10,Pri,1,1
2006,10,Pub,2,20
2006,10,Rac,40,9
2006,10,SA,0,19
2006,10,SWA,0,20
2006,10,Tax,7,1
2006,10,TU,0,1
2006,10,Tra,3,10
2006,10,Tsu,0.25,19
2006,10,Une,6,1
2006,10,Oth,5,99
2006,10,DK,4,99
2006,11,AID,1,19
2006,11,AW,1,4
2006,11,BF,0.25,4
2006,11,BSE,0,4
2006,11,Coa,0,1
2006,11,Com,3,9
2006,11,Cou,1,4
2006,11,Cri,32,12
2006,11,Def,40,19
2006,11,Dru,6,12
2006,11,Eco,9,1
2006,11,Edu,18,6
2006,11,Foo,0.25,4
2006,11,Ger,0,4
2006,11,GM,0.25,4
2006,11,Hea,0,3
2006,11,Hou,6,14
2006,11,Inf,4,1
2006,11,Inn,0,1
2006,11,LG,3,20
2006,11,Low,2,5
2006,11,Mor,6,20
2006,11,Nat,0,20
2006,11,NHS,31,3
2006,11,NI,0.25,19
2006,11,NP,0,1
2006,11,Nuc,1,19
2006,11,Pen,7,5
2006,11,Pet,2,1
2006,11,Pol,11,7
2006,11,Pou,0.25,1
2006,11,Pov,5,5
2006,11,Pri,1,1
2006,11,Pub,3,20
2006,11,Rac,38,9
2006,11,SA,0,19
2006,11,SWA,0.25,20
2006,11,Tax,8,1
2006,11,TU,0.25,1
2006,11,Tra,2,10
2006,11,Tsu,1,19
2006,11,Une,6,1
2006,11,Oth,3,99
2006,11,DK,4,99
2006,12,AID,1,19
2006,12,AW,0.25,4
2006,12,BF,0.25,4
2006,12,BSE,0,4
2006,12,Coa,0,1
2006,12,Com,3,9
2006,12,Cou,1,4
2006,12,Cri,33,12
2006,12,Def,35,19
2006,12,Dru,5,12
2006,12,Eco,9,1
2006,12,Edu,21,6
2006,12,Foo,0.25,4
2006,12,Ger,0,4
2006,12,GM,0.25,4
2006,12,Hea,0,3
2006,12,Hou,7,14
2006,12,Inf,4,1
2006,12,Inn,0,1
2006,12,LG,1,20
2006,12,Low,2,5
2006,12,Mor,6,20
2006,12,Nat,0,20
2006,12,NHS,32,3
2006,12,NI,0.25,19
2006,12,NP,0,1
2006,12,Nuc,2,19
2006,12,Pen,10,5
2006,12,Pet,2,1
2006,12,Pol,13,7
2006,12,Pou,0.25,1
2006,12,Pov,5,5
2006,12,Pri,1,1
2006,12,Pub,3,20
2006,12,Rac,38,9
2006,12,SA,0,19
2006,12,SWA,1,20
2006,12,Tax,9,1
2006,12,TU,0.25,1
2006,12,Tra,3,10
2006,12,Tsu,1,19
2006,12,Une,6,1
2006,12,Oth,4,99
2006,12,DK,4,99
2007,1,AID,1,19
2007,1,AW,1,4
2007,1,BF,0.25,4
2007,1,BSE,0,4
2007,1,Coa,0,1
2007,1,Com,7,9
2007,1,Cou,2,4
2007,1,Cri,37,12
2007,1,Def,36,19
2007,1,Dru,11,12
2007,1,Eco,14,1
2007,1,Edu,22,6
2007,1,Foo,0.25,4
2007,1,Ger,0,4
2007,1,GM,1,4
2007,1,Hea,0,3
2007,1,Hou,8,14
2007,1,Inf,7,1
2007,1,Inn,0,1
2007,1,LG,4,20
2007,1,Low,3,5
2007,1,Mor,6,20
2007,1,Nat,0,20
2007,1,NHS,27,3
2007,1,NI,0.25,19
2007,1,NP,0,1
2007,1,Nuc,3,19
2007,1,Pen,8,5
2007,1,Pet,2,1
2007,1,Pol,19,7
2007,1,Pou,1,1
2007,1,Pov,4,5
2007,1,Pri,0.25,1
2007,1,Pub,3,20
2007,1,Rac,25,9
2007,1,SA,0,19
2007,1,SWA,0.25,20
2007,1,Tax,7,1
2007,1,TU,0.25,1
2007,1,Tra,2,10
2007,1,Tsu,0.25,19
2007,1,Une,6,1
2007,1,Oth,2,99
2007,1,DK,3,99
2007,4,AID,1,19
2007,4,AW,1,4
2007,4,BF,0.25,4
2007,4,BSE,0,4
2007,4,Coa,0,1
2007,4,Com,2,9
2007,4,Cou,1,4
2007,4,Cri,40,12
2007,4,Def,27,19
2007,4,Dru,9,12
2007,4,Eco,10,1
2007,4,Edu,19,6
2007,4,Foo,0.25,4
2007,4,Ger,0,4
2007,4,GM,0.25,4
2007,4,Hea,0,3
2007,4,Hou,10,14
2007,4,Inf,5,1
2007,4,Inn,0,1
2007,4,LG,3,20
2007,4,Low,2,5
2007,4,Mor,8,20
2007,4,Nat,0,20
2007,4,NHS,36,3
2007,4,NI,0.25,19
2007,4,NP,0,1
2007,4,Nuc,1,19
2007,4,Pen,8,5
2007,4,Pet,1,1
2007,4,Pol,12,7
2007,4,Pou,0.25,1
2007,4,Pov,5,5
2007,4,Pri,1,1
2007,4,Pub,4,20
2007,4,Rac,36,9
2007,4,SA,0,19
2007,4,SWA,0.25,20
2007,4,Tax,9,1
2007,4,TU,1,1
2007,4,Tra,4,10
2007,4,Tsu,0.25,19
2007,4,Une,8,1
2007,4,Oth,5,99
2007,4,DK,4,99
2007,5,AID,0.25,19
2007,5,AW,1,4
2007,5,BF,0.25,4
2007,5,BSE,0,4
2007,5,Coa,0,1
2007,5,Com,3,9
2007,5,Cou,1,4
2007,5,Cri,36,12
2007,5,Def,27,19
2007,5,Dru,7,12
2007,5,Eco,9,1
2007,5,Edu,23,6
2007,5,Foo,0.25,4
2007,5,Ger,0,4
2007,5,GM,0.25,4
2007,5,Hea,0,3
2007,5,Hou,11,14
2007,5,Inf,3,1
2007,5,Inn,0,1
2007,5,LG,3,20
2007,5,Low,3,5
2007,5,Mor,6,20
2007,5,Nat,0,20
2007,5,NHS,37,3
2007,5,NI,0.25,19
2007,5,NP,0,1
2007,5,Nuc,2,19
2007,5,Pen,7,5
2007,5,Pet,1,1
2007,5,Pol,10,7
2007,5,Pou,0.25,1
2007,5,Pov,5,5
2007,5,Pri,1,1
2007,5,Pub,3,20
2007,5,Rac,38,9
2007,5,SA,0,19
2007,5,SWA,1,20
2007,5,Tax,6,1
2007,5,TU,0.25,1
2007,5,Tra,3,10
2007,5,Tsu,0,19
2007,5,Une,7,1
2007,5,Oth,6,99
2007,5,DK,4,99
2007,6,AID,1,19
2007,6,AW,1,4
2007,6,BF,1,4
2007,6,BSE,0,4
2007,6,Coa,0,1
2007,6,Com,4,9
2007,6,Cou,2,4
2007,6,Cri,35,12
2007,6,Def,27,19
2007,6,Dru,6,12
2007,6,Eco,10,1
2007,6,Edu,22,6
2007,6,Foo,0.25,4
2007,6,Ger,0,4
2007,6,GM,0.25,4
2007,6,Hea,0,3
2007,6,Hou,10,14
2007,6,Inf,3,1
2007,6,Inn,0,1
2007,6,LG,3,20
2007,6,Low,2,5
2007,6,Mor,7,20
2007,6,Nat,0,20
2007,6,NHS,37,3
2007,6,NI,0,19
2007,6,NP,0,1
2007,6,Nuc,2,19
2007,6,Pen,8,5
2007,6,Pet,1,1
2007,6,Pol,13,7
2007,6,Pou,0.25,1
2007,6,Pov,6,5
2007,6,Pri,1,1
2007,6,Pub,3,20
2007,6,Rac,40,9
2007,6,SA,0,19
2007,6,SWA,1,20
2007,6,Tax,6,1
2007,6,TU,0.25,1
2007,6,Tra,3,10
2007,6,Tsu,0.25,19
2007,6,Une,8,1
2007,6,Oth,5,99
2007,6,DK,3,99
2007,7,AID,0.25,19
2007,7,AW,0.25,4
2007,7,BF,0.25,4
2007,7,BSE,0,4
2007,7,Coa,0,1
2007,7,Com,3,9
2007,7,Cou,1,4
2007,7,Cri,35,12
2007,7,Def,39,19
2007,7,Dru,7,12
2007,7,Eco,7,1
2007,7,Edu,22,6
2007,7,Foo,0,4
2007,7,Ger,0,4
2007,7,GM,0.25,4
2007,7,Hea,0,3
2007,7,Hou,16,14
2007,7,Inf,3,1
2007,7,Inn,0,1
2007,7,LG,2,20
2007,7,Low,3,5
2007,7,Mor,8,20
2007,7,Nat,0,20
2007,7,NHS,30,3
2007,7,NI,0.25,19
2007,7,NP,0,1
2007,7,Nuc,2,19
2007,7,Pen,6,5
2007,7,Pet,1,1
2007,7,Pol,9,7
2007,7,Pou,0.25,1
2007,7,Pov,5,5
2007,7,Pri,1,1
2007,7,Pub,3,20
2007,7,Rac,40,9
2007,7,SA,0,19
2007,7,SWA,1,20
2007,7,Tax,7,1
2007,7,TU,0.25,1
2007,7,Tra,3,10
2007,7,Tsu,0.25,19
2007,7,Une,7,1
2007,7,Oth,4,99
2007,7,DK,3,99
2007,8,AID,1,19
2007,8,AW,0.25,4
2007,8,BF,1,4
2007,8,BSE,0,4
2007,8,Coa,0,1
2007,8,Com,3,9
2007,8,Cou,0.25,4
2007,8,Cri,55,12
2007,8,Def,25,19
2007,8,Dru,8,12
2007,8,Eco,9,1
2007,8,Edu,19,6
2007,8,Foo,1,4
2007,8,Ger,0,4
2007,8,GM,1,4
2007,8,Hea,0,3
2007,8,Hou,9,14
2007,8,Inf,3,1
2007,8,Inn,0,1
2007,8,LG,2,20
2007,8,Low,2,5
2007,8,Mor,9,20
2007,8,Nat,0,20
2007,8,NHS,26,3
2007,8,NI,0.25,19
2007,8,NP,0,1
2007,8,Nuc,2,19
2007,8,Pen,5,5
2007,8,Pet,1,1
2007,8,Pol,8,7
2007,8,Pou,0,1
2007,8,Pov,6,5
2007,8,Pri,0.25,1
2007,8,Pub,4,20
2007,8,Rac,35,9
2007,8,SA,0,19
2007,8,SWA,1,20
2007,8,Tax,6,1
2007,8,TU,0,1
2007,8,Tra,3,10
2007,8,Tsu,0,19
2007,8,Une,7,1
2007,8,Oth,5,99
2007,8,DK,4,99
2007,9,AID,1,19
2007,9,AW,1,4
2007,9,BF,1,4
2007,9,BSE,0,4
2007,9,Coa,0,1
2007,9,Com,4,9
2007,9,Cou,1,4
2007,9,Cri,41,12
2007,9,Def,22,19
2007,9,Dru,7,12
2007,9,Eco,10,1
2007,9,Edu,17,6
2007,9,Foo,1,4
2007,9,Ger,0,4
2007,9,GM,0.25,4
2007,9,Hea,0,3
2007,9,Hou,11,14
2007,9,Inf,4,1
2007,9,Inn,0,1
2007,9,LG,2,20
2007,9,Low,4,5
2007,9,Mor,7,20
2007,9,Nat,0,20
2007,9,NHS,36,3
2007,9,NI,0,19
2007,9,NP,0,1
2007,9,Nuc,1,19
2007,9,Pen,6,5
2007,9,Pet,0.25,1
2007,9,Pol,7,7
2007,9,Pou,0,1
2007,9,Pov,3,5
2007,9,Pri,1,1
2007,9,Pub,3,20
2007,9,Rac,43,9
2007,9,SA,0,19
2007,9,SWA,0.25,20
2007,9,Tax,8,1
2007,9,TU,0,1
2007,9,Tra,2,10
2007,9,Tsu,0.25,19
2007,9,Une,8,1
2007,9,Oth,6,99
2007,9,DK,5,99
2007,10,AID,2,19
2007,10,AW,1,4
2007,10,BF,1,4
2007,10,BSE,0,4
2007,10,Coa,0,1
2007,10,Com,6,9
2007,10,Cou,1,4
2007,10,Cri,38,12
2007,10,Def,20,19
2007,10,Dru,9,12
2007,10,Eco,11,1
2007,10,Edu,19,6
2007,10,Foo,0.25,4
2007,10,Ger,0,4
2007,10,GM,0.25,4
2007,10,Hea,0,3
2007,10,Hou,12,14
2007,10,Inf,5,1
2007,10,Inn,0,1
2007,10,LG,2,20
2007,10,Low,3,5
2007,10,Mor,7,20
2007,10,Nat,0,20
2007,10,NHS,40,3
2007,10,NI,0.25,19
2007,10,NP,0,1
2007,10,Nuc,1,19
2007,10,Pen,6,5
2007,10,Pet,2,1
2007,10,Pol,6,7
2007,10,Pou,0.25,1
2007,10,Pov,5,5
2007,10,Pri,0.25,1
2007,10,Pub,3,20
2007,10,Rac,41,9
2007,10,SA,0,19
2007,10,SWA,0.25,20
2007,10,Tax,8,1
2007,10,TU,0.25,1
2007,10,Tra,3,10
2007,10,Tsu,0,19
2007,10,Une,6,1
2007,10,Oth,6,99
2007,10,DK,2,99
2007,12,AID,2,19
2007,12,AW,1,4
2007,12,BF,1,4
2007,12,BSE,0,4
2007,12,Coa,0,1
2007,12,Com,4,9
2007,12,Cou,2,4
2007,12,Cri,37,12
2007,12,Def,21,19
2007,12,Dru,6,12
2007,12,Eco,13,1
2007,12,Edu,21,6
2007,12,Foo,1,4
2007,12,Ger,0,4
2007,12,GM,0.25,4
2007,12,Hea,0,3
2007,12,Hou,15,14
2007,12,Inf,6,1
2007,12,Inn,0,1
2007,12,LG,2,20
2007,12,Low,4,5
2007,12,Mor,8,20
2007,12,Nat,0,20
2007,12,NHS,33,3
2007,12,NI,0,19
2007,12,NP,0,1
2007,12,Nuc,2,19
2007,12,Pen,6,5
2007,12,Pet,6,1
2007,12,Pol,10,7
2007,12,Pou,1,1
2007,12,Pov,6,5
2007,12,Pri,1,1
2007,12,Pub,4,20
2007,12,Rac,46,9
2007,12,SA,0,19
2007,12,SWA,0.25,20
2007,12,Tax,7,1
2007,12,TU,1,1
2007,12,Tra,4,10
2007,12,Tsu,0.25,19
2007,12,Une,7,1
2007,12,Oth,6,99
2007,12,DK,2,99
2008,1,AID,1,19
2008,1,AW,1,4
2008,1,BF,1,4
2008,1,BSE,0,4
2008,1,Coa,0,1
2008,1,Com,2,9
2008,1,Cou,1,4
2008,1,Cri,47,12
2008,1,Def,20,19
2008,1,Dru,7,12
2008,1,Eco,20,1
2008,1,Edu,18,6
2008,1,Foo,0.25,4
2008,1,Ger,0,4
2008,1,GM,0.25,4
2008,1,Hea,0,3
2008,1,Hou,9,14
2008,1,Inf,8,1
2008,1,Inn,0,1
2008,1,LG,3,20
2008,1,Low,4,5
2008,1,Mor,8,20
2008,1,Nat,0,20
2008,1,NHS,33,3
2008,1,NI,0,19
2008,1,NP,0,1
2008,1,Nuc,1,19
2008,1,Pen,5,5
2008,1,Pet,5,1
2008,1,Pol,8,7
2008,1,Pou,1,1
2008,1,Pov,5,5
2008,1,Pri,1,1
2008,1,Pub,3,20
2008,1,Rac,40,9
2008,1,SA,0,19
2008,1,SWA,1,20
2008,1,Tax,7,1
2008,1,TU,0.25,1
2008,1,Tra,4,10
2008,1,Tsu,0,19
2008,1,Une,9,1
2008,1,Oth,4,99
2008,1,DK,3,99
2008,2,AID,1,19
2008,2,AW,1,4
2008,2,BF,0.25,4
2008,2,BSE,0,4
2008,2,Coa,0,1
2008,2,Com,3,9
2008,2,Cou,1,4
2008,2,Cri,50,12
2008,2,Def,16,19
2008,2,Dru,8,12
2008,2,Eco,18,1
2008,2,Edu,17,6
2008,2,Foo,0.25,4
2008,2,Ger,0,4
2008,2,GM,0.25,4
2008,2,Hea,0,3
2008,2,Hou,12,14
2008,2,Inf,9,1
2008,2,Inn,0,1
2008,2,LG,3,20
2008,2,Low,4,5
2008,2,Mor,10,20
2008,2,Nat,0,20
2008,2,NHS,25,3
2008,2,NI,0,19
2008,2,NP,0,1
2008,2,Nuc,1,19
2008,2,Pen,6,5
2008,2,Pet,4,1
2008,2,Pol,7,7
2008,2,Pou,1,1
2008,2,Pov,5,5
2008,2,Pri,0.25,1
2008,2,Pub,3,20
2008,2,Rac,44,9
2008,2,SA,0,19
2008,2,SWA,0.25,20
2008,2,Tax,8,1
2008,2,TU,0.25,1
2008,2,Tra,3,10
2008,2,Tsu,0,19
2008,2,Une,6,1
2008,2,Oth,6,99
2008,2,DK,3,99
2008,3,AID,0.25,19
2008,3,AW,1,4
2008,3,BF,0.25,4
2008,3,BSE,0,4
2008,3,Coa,0,1
2008,3,Com,3,9
2008,3,Cou,1,4
2008,3,Cri,40,12
2008,3,Def,17,19
2008,3,Dru,7,12
2008,3,Eco,23,1
2008,3,Edu,17,6
2008,3,Foo,0.25,4
2008,3,Ger,0,4
2008,3,GM,0.25,4
2008,3,Hea,0,3
2008,3,Hou,10,14
2008,3,Inf,11,1
2008,3,Inn,0,1
2008,3,LG,4,20
2008,3,Low,4,5
2008,3,Mor,9,20
2008,3,Nat,0,20
2008,3,NHS,24,3
2008,3,NI,0.25,19
2008,3,NP,0,1
2008,3,Nuc,2,19
2008,3,Pen,6,5
2008,3,Pet,6,1
2008,3,Pol,10,7
2008,3,Pou,1,1
2008,3,Pov,7,5
2008,3,Pri,1,1
2008,3,Pub,4,20
2008,3,Rac,44,9
2008,3,SA,0,19
2008,3,SWA,1,20
2008,3,Tax,11,1
2008,3,TU,0,1
2008,3,Tra,3,10
2008,3,Tsu,0,19
2008,3,Une,6,1
2008,3,Oth,4,99
2008,3,DK,3,99
2008,4,AID,1,19
2008,4,AW,0.25,4
2008,4,BF,0.25,4
2008,4,BSE,0,4
2008,4,Coa,0,1
2008,4,Com,4,9
2008,4,Cou,1,4
2008,4,Cri,35,12
2008,4,Def,20,19
2008,4,Dru,8,12
2008,4,Eco,33,1
2008,4,Edu,14,6
2008,4,Foo,0.25,4
2008,4,Ger,0,4
2008,4,GM,0.25,4
2008,4,Hea,0,3
2008,4,Hou,13,14
2008,4,Inf,11,1
2008,4,Inn,0,1
2008,4,LG,3,20
2008,4,Low,4,5
2008,4,Mor,7,20
2008,4,Nat,0,20
2008,4,NHS,23,3
2008,4,NI,0.25,19
2008,4,NP,0,1
2008,4,Nuc,1,19
2008,4,Pen,6,5
2008,4,Pet,6,1
2008,4,Pol,7,7
2008,4,Pou,1,1
2008,4,Pov,7,5
2008,4,Pri,1,1
2008,4,Pub,3,20
2008,4,Rac,42,9
2008,4,SA,0,19
2008,4,SWA,1,20
2008,4,Tax,11,1
2008,4,TU,0.25,1
2008,4,Tra,2,10
2008,4,Tsu,0,19
2008,4,Une,6,1
2008,4,Oth,4,99
2008,4,DK,4,99
2008,5,AID,1,19
2008,5,AW,1,4
2008,5,BF,0.25,4
2008,5,BSE,0,4
2008,5,Coa,0,1
2008,5,Com,2,9
2008,5,Cou,1,4
2008,5,Cri,41,12
2008,5,Def,13,19
2008,5,Dru,6,12
2008,5,Eco,34,1
2008,5,Edu,13,6
2008,5,Foo,0.25,4
2008,5,Ger,0,4
2008,5,GM,0.25,4
2008,5,Hea,0,3
2008,5,Hou,15,14
2008,5,Inf,21,1
2008,5,Inn,0,1
2008,5,LG,2,20
2008,5,Low,5,5
2008,5,Mor,7,20
2008,5,Nat,0,20
2008,5,NHS,19,3
2008,5,NI,0.25,19
2008,5,NP,0,1
2008,5,Nuc,1,19
2008,5,Pen,7,5
2008,5,Pet,9,1
2008,5,Pol,8,7
2008,5,Pou,1,1
2008,5,Pov,8,5
2008,5,Pri,1,1
2008,5,Pub,4,20
2008,5,Rac,37,9
2008,5,SA,0,19
2008,5,SWA,1,20
2008,5,Tax,9,1
2008,5,TU,0,1
2008,5,Tra,2,10
2008,5,Tsu,0,19
2008,5,Une,6,1
2008,5,Oth,4,99
2008,5,DK,3,99
2008,6,AID,1,19
2008,6,AW,1,4
2008,6,BF,0.25,4
2008,6,BSE,0,4
2008,6,Coa,0,1
2008,6,Com,4,9
2008,6,Cou,2,4
2008,6,Cri,38,12
2008,6,Def,20,19
2008,6,Dru,6,12
2008,6,Eco,32,1
2008,6,Edu,16,6
2008,6,Foo,0.25,4
2008,6,Ger,0,4
2008,6,GM,1,4
2008,6,Hea,0,3
2008,6,Hou,12,14
2008,6,Inf,22,1
2008,6,Inn,0,1
2008,6,LG,2,20
2008,6,Low,4,5
2008,6,Mor,6,20
2008,6,Nat,0,20
2008,6,NHS,19,3
2008,6,NI,0,19
2008,6,NP,0,1
2008,6,Nuc,1,19
2008,6,Pen,7,5
2008,6,Pet,16,1
2008,6,Pol,9,7
2008,6,Pou,1,1
2008,6,Pov,7,5
2008,6,Pri,1,1
2008,6,Pub,3,20
2008,6,Rac,30,9
2008,6,SA,0,19
2008,6,SWA,0.25,20
2008,6,Tax,9,1
2008,6,TU,0.25,1
2008,6,Tra,2,10
2008,6,Tsu,0,19
2008,6,Une,6,1
2008,6,Oth,6,99
2008,6,DK,2,99
2008,7,AID,1,19
2008,7,AW,0.25,4
2008,7,BF,0.25,4
2008,7,BSE,0,4
2008,7,Coa,0,1
2008,7,Com,3,9
2008,7,Cou,2,4
2008,7,Cri,39,12
2008,7,Def,15,19
2008,7,Dru,6,12
2008,7,Eco,42,1
2008,7,Edu,13,6
2008,7,Foo,0.25,4
2008,7,Ger,0,4
2008,7,GM,0.25,4
2008,7,Hea,0,3
2008,7,Hou,11,14
2008,7,Inf,23,1
2008,7,Inn,0,1
2008,7,LG,2,20
2008,7,Low,3,5
2008,7,Mor,6,20
2008,7,Nat,0,20
2008,7,NHS,16,3
2008,7,NI,0.25,19
2008,7,NP,0,1
2008,7,Nuc,1,19
2008,7,Pen,4,5
2008,7,Pet,15,1
2008,7,Pol,7,7
2008,7,Pou,1,1
2008,7,Pov,8,5
2008,7,Pri,0.25,1
2008,7,Pub,2,20
2008,7,Rac,26,9
2008,7,SA,0,19
2008,7,SWA,0.25,20
2008,7,Tax,7,1
2008,7,TU,0.25,1
2008,7,Tra,2,10
2008,7,Tsu,0,19
2008,7,Une,9,1
2008,7,Oth,6,99
2008,7,DK,3,99
2008,8,AID,1,19
2008,8,AW,1,4
2008,8,BF,1,4
2008,8,BSE,0,4
2008,8,Coa,0,1
2008,8,Com,3,9
2008,8,Cou,1,4
2008,8,Cri,47,12
2008,8,Def,15,19
2008,8,Dru,7,12
2008,8,Eco,41,1
2008,8,Edu,12,6
2008,8,Foo,0,4
2008,8,Ger,0,4
2008,8,GM,0.25,4
2008,8,Hea,0,3
2008,8,Hou,13,14
2008,8,Inf,26,1
2008,8,Inn,0,1
2008,8,LG,3,20
2008,8,Low,4,5
2008,8,Mor,9,20
2008,8,Nat,0,20
2008,8,NHS,15,3
2008,8,NI,0.25,19
2008,8,NP,0,1
2008,8,Nuc,1,19
2008,8,Pen,4,5
2008,8,Pet,10,1
2008,8,Pol,7,7
2008,8,Pou,0.25,1
2008,8,Pov,6,5
2008,8,Pri,0.25,1
2008,8,Pub,2,20
2008,8,Rac,25,9
2008,8,SA,0,19
2008,8,SWA,1,20
2008,8,Tax,5,1
2008,8,TU,0.25,1
2008,8,Tra,2,10
2008,8,Tsu,0,19
2008,8,Une,7,1
2008,8,Oth,8,99
2008,8,DK,2,99
2008,9,AID,0.25,19
2008,9,AW,0.25,4
2008,9,BF,0.25,4
2008,9,BSE,0,4
2008,9,Coa,0,1
2008,9,Com,1,9
2008,9,Cou,1,4
2008,9,Cri,40,12
2008,9,Def,12,19
2008,9,Dru,7,12
2008,9,Eco,55,1
2008,9,Edu,12,6
2008,9,Foo,0.25,4
2008,9,Ger,0,4
2008,9,GM,0.25,4
2008,9,Hea,0,3
2008,9,Hou,9,14
2008,9,Inf,22,1
2008,9,Inn,0,1
2008,9,LG,3,20
2008,9,Low,4,5
2008,9,Mor,7,20
2008,9,Nat,0,20
2008,9,NHS,17,3
2008,9,NI,0,19
2008,9,NP,0,1
2008,9,Nuc,1,19
2008,9,Pen,5,5
2008,9,Pet,8,1
2008,9,Pol,8,7
2008,9,Pou,1,1
2008,9,Pov,7,5
2008,9,Pri,1,1
2008,9,Pub,3,20
2008,9,Rac,27,9
2008,9,SA,0,19
2008,9,SWA,1,20
2008,9,Tax,6,1
2008,9,TU,0.25,1
2008,9,Tra,1,10
2008,9,Tsu,0,19
2008,9,Une,11,1
2008,9,Oth,5,99
2008,9,DK,3,99
2008,10,AID,0.25,19
2008,10,AW,0.25,4
2008,10,BF,0.25,4
2008,10,BSE,0,4
2008,10,Coa,0,1
2008,10,Com,1,9
2008,10,Cou,1,4
2008,10,Cri,33,12
2008,10,Def,10,19
2008,10,Dru,6,12
2008,10,Eco,58,1
2008,10,Edu,12,6
2008,10,Foo,0.25,4
2008,10,Ger,0,4
2008,10,GM,0.25,4
2008,10,Hea,0,3
2008,10,Hou,7,14
2008,10,Inf,21,1
2008,10,Inn,0,1
2008,10,LG,2,20
2008,10,Low,4,5
2008,10,Mor,7,20
2008,10,Nat,0,20
2008,10,NHS,18,3
2008,10,NI,0.25,19
2008,10,NP,0,1
2008,10,Nuc,0,19
2008,10,Pen,4,5
2008,10,Pet,4,1
2008,10,Pol,6,7
2008,10,Pou,2,1
2008,10,Pov,8,5
2008,10,Pri,1,1
2008,10,Pub,3,20
2008,10,Rac,27,9
2008,10,SA,0,19
2008,10,SWA,0.25,20
2008,10,Tax,3,1
2008,10,TU,0,1
2008,10,Tra,2,10
2008,10,Tsu,0,19
2008,10,Une,14,1
2008,10,Oth,6,99
2008,10,DK,3,99
2008,11,AID,0.25,19
2008,11,AW,0.25,4
2008,11,BF,0,4
2008,11,BSE,0,4
2008,11,Coa,0,1
2008,11,Com,2,9
2008,11,Cou,0.25,4
2008,11,Cri,38,12
2008,11,Def,13,19
2008,11,Dru,5,12
2008,11,Eco,62,1
2008,11,Edu,9,6
2008,11,Foo,0,4
2008,11,Ger,0,4
2008,11,GM,0.25,4
2008,11,Hea,0,3
2008,11,Hou,8,14
2008,11,Inf,18,1
2008,11,Inn,0,1
2008,11,LG,2,20
2008,11,Low,3,5
2008,11,Mor,8,20
2008,11,Nat,0,20
2008,11,NHS,13,3
2008,11,NI,0.25,19
2008,11,NP,0,1
2008,11,Nuc,1,19
2008,11,Pen,4,5
2008,11,Pet,3,1
2008,11,Pol,7,7
2008,11,Pou,2,1
2008,11,Pov,6,5
2008,11,Pri,0.25,1
2008,11,Pub,2,20
2008,11,Rac,22,9
2008,11,SA,0,19
2008,11,SWA,0.25,20
2008,11,Tax,3,1
2008,11,TU,0.25,1
2008,11,Tra,2,10
2008,11,Tsu,0,19
2008,11,Une,15,1
2008,11,Oth,6,99
2008,11,DK,4,99
2008,12,AID,0.25,19
2008,12,AW,1,4
2008,12,BF,0,4
2008,12,BSE,0,4
2008,12,Coa,0,1
2008,12,Com,1,9
2008,12,Cou,1,4
2008,12,Cri,35,12
2008,12,Def,13,19
2008,12,Dru,6,12
2008,12,Eco,66,1
2008,12,Edu,10,6
2008,12,Foo,0,4
2008,12,Ger,0,4
2008,12,GM,0.25,4
2008,12,Hea,0,3
2008,12,Hou,7,14
2008,12,Inf,17,1
2008,12,Inn,0,1
2008,12,LG,2,20
2008,12,Low,3,5
2008,12,Mor,7,20
2008,12,Nat,0,20
2008,12,NHS,12,3
2008,12,NI,0,19
2008,12,NP,0,1
2008,12,Nuc,1,19
2008,12,Pen,4,5
2008,12,Pet,2,1
2008,12,Pol,6,7
2008,12,Pou,3,1
2008,12,Pov,8,5
2008,12,Pri,0.25,1
2008,12,Pub,1,20
2008,12,Rac,22,9
2008,12,SA,0,19
2008,12,SWA,0.25,20
2008,12,Tax,2,1
2008,12,TU,0.25,1
2008,12,Tra,2,10
2008,12,Tsu,0,19
2008,12,Une,15,1
2008,12,Oth,7,99
2008,12,DK,2,99
2009,1,AID,0.25,19
2009,1,AW,0.25,4
2009,1,BF,0.25,4
2009,1,BSE,0,4
2009,1,Coa,0,1
2009,1,Com,1,9
2009,1,Cou,1,4
2009,1,Cri,34,12
2009,1,Def,11,19
2009,1,Dru,5,12
2009,1,Eco,70,1
2009,1,Edu,10,6
2009,1,Foo,0.25,4
2009,1,Ger,0,4
2009,1,GM,0.25,4
2009,1,Hea,1,3
2009,1,Hou,6,14
2009,1,Inf,13,1
2009,1,Inn,0,1
2009,1,LG,2,20
2009,1,Low,2,5
2009,1,Mor,7,20
2009,1,Nat,2,20
2009,1,NHS,14,3
2009,1,NI,0,19
2009,1,NP,0,1
2009,1,Nuc,1,19
2009,1,Pen,3,5
2009,1,Pet,2,1
2009,1,Pol,6,7
2009,1,Pou,3,1
2009,1,Pov,5,5
2009,1,Pri,1,1
2009,1,Pub,3,20
2009,1,Rac,21,9
2009,1,SA,0,19
2009,1,SWA,0.25,20
2009,1,Tax,2,1
2009,1,TU,0.25,1
2009,1,Tra,2,10
2009,1,Tsu,0,19
2009,1,Une,24,1
2009,1,Oth,6,99
2009,1,DK,2,99
2009,2,AID,0.25,19
2009,2,AW,0.25,4
2009,2,BF,0.25,4
2009,2,BSE,0,4
2009,2,Coa,0,1
2009,2,Com,1,9
2009,2,Cou,0.25,4
2009,2,Cri,32,12
2009,2,Def,10,19
2009,2,Dru,4,12
2009,2,Eco,67,1
2009,2,Edu,11,6
2009,2,Foo,0.25,4
2009,2,Ger,0,4
2009,2,GM,0,4
2009,2,Hea,0.25,3
2009,2,Hou,8,14
2009,2,Inf,12,1
2009,2,Inn,0,1
2009,2,LG,3,20
2009,2,Low,2,5
2009,2,Mor,9,20
2009,2,Nat,1,20
2009,2,NHS,12,3
2009,2,NI,0,19
2009,2,NP,0,1
2009,2,Nuc,1,19
2009,2,Pen,3,5
2009,2,Pet,1,1
2009,2,Pol,7,7
2009,2,Pou,2,1
2009,2,Pov,5,5
2009,2,Pri,1,1
2009,2,Pub,3,20
2009,2,Rac,25,9
2009,2,SA,0,19
2009,2,SWA,1,20
2009,2,Tax,2,1
2009,2,TU,0,1
2009,2,Tra,2,10
2009,2,Tsu,0,19
2009,2,Une,23,1
2009,2,Oth,7,99
2009,2,DK,2,99
2009,4,AID,0.25,19
2009,4,AW,0.25,4
2009,4,BF,1,4
2009,4,BSE,0,4
2009,4,Coa,0,1
2009,4,Com,1,9
2009,4,Cou,1,4
2009,4,Cri,28,12
2009,4,Def,9,19
2009,4,Dru,5,12
2009,4,Eco,65,1
2009,4,Edu,13,6
2009,4,Foo,0.25,4
2009,4,Ger,0,4
2009,4,GM,0.25,4
2009,4,Hea,0.25,3
2009,4,Hou,6,14
2009,4,Inf,13,1
2009,4,Inn,0,1
2009,4,LG,2,20
2009,4,Low,3,5
2009,4,Mor,8,20
2009,4,Nat,2,20
2009,4,NHS,15,3
2009,4,NI,0,19
2009,4,NP,0,1
2009,4,Nuc,1,19
2009,4,Pen,4,5
2009,4,Pet,2,1
2009,4,Pol,8,7
2009,4,Pou,1,1
2009,4,Pov,8,5
2009,4,Pri,0.25,1
2009,4,Pub,3,20
2009,4,Rac,29,9
2009,4,SA,0,19
2009,4,SWA,0.25,20
2009,4,Tax,3,1
2009,4,TU,0.25,1
2009,4,Tra,1,10
2009,4,Tsu,0,19
2009,4,Une,23,1
2009,4,Oth,8,99
2009,4,DK,2,99
2009,5,AID,0.25,19
2009,5,AW,1,4
2009,5,BF,1,4
2009,5,BSE,0,4
2009,5,Coa,0,1
2009,5,Com,5,9
2009,5,Cou,0.25,4
2009,5,Cri,30,12
2009,5,Def,7,19
2009,5,Dru,5,12
2009,5,Eco,59,1
2009,5,Edu,12,6
2009,5,Foo,0.25,4
2009,5,Ger,0,4
2009,5,GM,0.25,4
2009,5,Hea,0.25,3
2009,5,Hou,8,14
2009,5,Inf,10,1
2009,5,Inn,0,1
2009,5,LG,4,20
2009,5,Low,3,5
2009,5,Mor,14,20
2009,5,Nat,2,20
2009,5,NHS,13,3
2009,5,NI,0.25,19
2009,5,NP,0,1
2009,5,Nuc,1,19
2009,5,Pen,3,5
2009,5,Pet,1,1
2009,5,Pol,8,7
2009,5,Pou,2,1
2009,5,Pov,6,5
2009,5,Pri,0.25,1
2009,5,Pub,4,20
2009,5,Rac,30,9
2009,5,SA,0,19
2009,5,SWA,1,20
2009,5,Tax,3,1
2009,5,TU,0.25,1
2009,5,Tra,2,10
2009,5,Tsu,0,19
2009,5,Une,20,1
2009,5,Oth,3,99
2009,5,DK,4,99
2009,6,AID,0.25,19
2009,6,AW,0.25,4
2009,6,BF,1,4
2009,6,BSE,0,4
2009,6,Coa,0,1
2009,6,Com,4,9
2009,6,Cou,2,4
2009,6,Cri,28,12
2009,6,Def,10,19
2009,6,Dru,10,12
2009,6,Eco,54,1
2009,6,Edu,13,6
2009,6,Foo,1,4
2009,6,Ger,0,4
2009,6,GM,0.25,4
2009,6,Hea,0.25,3
2009,6,Hou,7,14
2009,6,Inf,12,1
2009,6,Inn,0,1
2009,6,LG,6,20
2009,6,Low,3,5
2009,6,Mor,11,20
2009,6,Nat,3,20
2009,6,NHS,17,3
2009,6,NI,0.25,19
2009,6,NP,0,1
2009,6,Nuc,2,19
2009,6,Pen,4,5
2009,6,Pet,3,1
2009,6,Pol,9,7
2009,6,Pou,1,1
2009,6,Pov,7,5
2009,6,Pri,1,1
2009,6,Pub,5,20
2009,6,Rac,25,9
2009,6,SA,0,19
2009,6,SWA,1,20
2009,6,Tax,4,1
2009,6,TU,0,1
2009,6,Tra,3,10
2009,6,Tsu,0,19
2009,6,Une,25,1
2009,6,Oth,3,99
2009,6,DK,11,99
2009,7,AID,0.25,19
2009,7,AW,0.25,4
2009,7,BF,6,4
2009,7,BSE,0,4
2009,7,Coa,0,1
2009,7,Com,2,9
2009,7,Cou,0.25,4
2009,7,Cri,24,12
2009,7,Def,20,19
2009,7,Dru,4,12
2009,7,Eco,55,1
2009,7,Edu,11,6
2009,7,Foo,0,4
2009,7,Ger,0,4
2009,7,GM,0,4
2009,7,Hea,0,3
2009,7,Hou,7,14
2009,7,Inf,8,1
2009,7,Inn,0,1
2009,7,LG,2,20
2009,7,Low,4,5
2009,7,Mor,6,20
2009,7,Nat,1,20
2009,7,NHS,20,3
2009,7,NI,0,19
2009,7,NP,0,1
2009,7,Nuc,0.25,19
2009,7,Pen,4,5
2009,7,Pet,2,1
2009,7,Pol,8,7
2009,7,Pou,1,1
2009,7,Pov,6,5
2009,7,Pri,0.25,1
2009,7,Pub,2,20
2009,7,Rac,27,9
2009,7,SA,0,19
2009,7,SWA,1,20
2009,7,Tax,3,1
2009,7,TU,0,1
2009,7,Tra,1,10
2009,7,Tsu,0,19
2009,7,Une,25,1
2009,7,Oth,6,99
2009,7,DK,2,99
2009,8,AID,0.25,19
2009,8,AW,0.25,4
2009,8,BF,4,4
2009,8,BSE,0,4
2009,8,Coa,0,1
2009,8,Com,2,9
2009,8,Cou,1,4
2009,8,Cri,32,12
2009,8,Def,17,19
2009,8,Dru,7,12
2009,8,Eco,54,1
2009,8,Edu,12,6
2009,8,Foo,0.25,4
2009,8,Ger,0,4
2009,8,GM,0.25,4
2009,8,Hea,0,3
2009,8,Hou,5,14
2009,8,Inf,9,1
2009,8,Inn,0,1
2009,8,LG,2,20
2009,8,Low,1,5
2009,8,Mor,10,20
2009,8,Nat,1,20
2009,8,NHS,16,3
2009,8,NI,0,19
2009,8,NP,0,1
2009,8,Nuc,0.25,19
2009,8,Pen,3,5
2009,8,Pet,1,1
2009,8,Pol,5,7
2009,8,Pou,1,1
2009,8,Pov,6,5
2009,8,Pri,0.25,1
2009,8,Pub,3,20
2009,8,Rac,25,9
2009,8,SA,0,19
2009,8,SWA,0.25,20
2009,8,Tax,2,1
2009,8,TU,0.25,1
2009,8,Tra,1,10
2009,8,Tsu,0,19
2009,8,Une,30,1
2009,8,Oth,8,99
2009,8,DK,3,99
2009,10,AID,0.25,19
2009,10,AW,0.25,4
2009,10,BF,1,4
2009,10,BSE,0,4
2009,10,Coa,0,1
2009,10,Com,3,9
2009,10,Cou,0.25,4
2009,10,Cri,26,12
2009,10,Def,15,19
2009,10,Dru,4,12
2009,10,Eco,52,1
2009,10,Edu,14,6
2009,10,Foo,0,4
2009,10,Ger,0,4
2009,10,GM,0.25,4
2009,10,Hea,0.25,3
2009,10,Hou,5,14
2009,10,Inf,10,1
2009,10,Inn,0,1
2009,10,LG,3,20
2009,10,Low,4,5
2009,10,Mor,9,20
2009,10,Nat,2,20
2009,10,NHS,16,3
2009,10,NI,0.25,19
2009,10,NP,0,1
2009,10,Nuc,1,19
2009,10,Pen,6,5
2009,10,Pet,2,1
2009,10,Pol,9,7
2009,10,Pou,1,1
2009,10,Pov,6,5
2009,10,Pri,0.25,1
2009,10,Pub,2,20
2009,10,Rac,24,9
2009,10,SA,0,19
2009,10,SWA,0.25,20
2009,10,Tax,2,1
2009,10,TU,0.25,1
2009,10,Tra,1,10
2009,10,Tsu,0,19
2009,10,Une,22,1
2009,10,Oth,8,99
2009,10,DK,4,99
2009,11,AID,0,19
2009,11,AW,0.25,4
2009,11,BF,1,4
2009,11,BSE,0,4
2009,11,Coa,0,1
2009,11,Com,3,9
2009,11,Cou,1,4
2009,11,Cri,24,12
2009,11,Def,25,19
2009,11,Dru,3,12
2009,11,Eco,49,1
2009,11,Edu,12,6
2009,11,Foo,0.25,4
2009,11,Ger,0,4
2009,11,GM,0.25,4
2009,11,Hea,0,3
2009,11,Hou,5,14
2009,11,Inf,9,1
2009,11,Inn,0,1
2009,11,LG,2,20
2009,11,Low,3,5
2009,11,Mor,11,20
2009,11,Nat,1,20
2009,11,NHS,20,3
2009,11,NI,0.25,19
2009,11,NP,0,1
2009,11,Nuc,1,19
2009,11,Pen,5,5
2009,11,Pet,2,1
2009,11,Pol,8,7
2009,11,Pou,1,1
2009,11,Pov,7,5
2009,11,Pri,1,1
2009,11,Pub,4,20
2009,11,Rac,33,9
2009,11,SA,0,19
2009,11,SWA,0.25,20
2009,11,Tax,3,1
2009,11,TU,0.25,1
2009,11,Tra,2,10
2009,11,Tsu,0,19
2009,11,Une,27,1
2009,11,Oth,6,99
2009,11,DK,2,99
2010,2,AID,0.25,19
2010,2,AW,0.25,4
2010,2,BF,0.25,4
2010,2,BSE,0,4
2010,2,Coa,0,1
2010,2,Com,2,9
2010,2,Cou,1,4
2010,2,Cri,25,12
2010,2,Def,19,19
2010,2,Dru,4,12
2010,2,Eco,48,1
2010,2,Edu,14,6
2010,2,Foo,0.25,4
2010,2,Ger,0,4
2010,2,GM,0.25,4
2010,2,Hea,0,3
2010,2,Hou,5,14
2010,2,Inf,8,1
2010,2,Inn,0,1
2010,2,LG,3,20
2010,2,Low,5,5
2010,2,Mor,9,20
2010,2,Nat,2,20
2010,2,NHS,17,3
2010,2,NI,0,19
2010,2,NP,0,1
2010,2,Nuc,1,19
2010,2,Pen,5,5
2010,2,Pet,2,1
2010,2,Pol,7,7
2010,2,Pou,1,1
2010,2,Pov,8,5
2010,2,Pri,0.25,1
2010,2,Pub,4,20
2010,2,Rac,29,9
2010,2,SA,0,19
2010,2,SWA,1,20
2010,2,Tax,4,1
2010,2,TU,0,1
2010,2,Tra,2,10
2010,2,Tsu,0,19
2010,2,Une,20,1
2010,2,Oth,7,99
2010,2,DK,2,99
2010,3,AID,0.25,19
2010,3,AW,0.25,4
2010,3,BF,0.25,4
2010,3,BSE,0,4
2010,3,Coa,0,1
2010,3,Com,4,9
2010,3,Cou,1,4
2010,3,Cri,25,12
2010,3,Def,14,19
2010,3,Dru,8,12
2010,3,Eco,55,1
2010,3,Edu,19,6
2010,3,Foo,0.25,4
2010,3,Ger,0,4
2010,3,GM,0.25,4
2010,3,Hea,0,3
2010,3,Hou,5,14
2010,3,Inf,8,1
2010,3,Inn,0,1
2010,3,LG,4,20
2010,3,Low,5,5
2010,3,Mor,8,20
2010,3,Nat,1,20
2010,3,NHS,20,3
2010,3,NI,0.25,19
2010,3,NP,0,1
2010,3,Nuc,1,19
2010,3,Pen,7,5
2010,3,Pet,4,1
2010,3,Pol,6,7
2010,3,Pou,2,1
2010,3,Pov,7,5
2010,3,Pri,1,1
2010,3,Pub,4,20
2010,3,Rac,33,9
2010,3,SA,0,19
2010,3,SWA,0,20
2010,3,Tax,5,1
2010,3,TU,0.25,1
2010,3,Tra,3,10
2010,3,Tsu,0,19
2010,3,Une,21,1
2010,3,Oth,5,99
2010,3,DK,13,99
2010,4,AID,0.25,19
2010,4,AW,0.25,4
2010,4,BF,0.25,4
2010,4,BSE,0,4
2010,4,Coa,0,1
2010,4,Com,3,9
2010,4,Cou,1,4
2010,4,Cri,25,12
2010,4,Def,11,19
2010,4,Dru,7,12
2010,4,Eco,55,1
2010,4,Edu,21,6
2010,4,Foo,0.25,4
2010,4,Ger,0,4
2010,4,GM,0.25,4
2010,4,Hea,0,3
2010,4,Hou,5,14
2010,4,Inf,11,1
2010,4,Inn,0,1
2010,4,LG,4,20
2010,4,Low,4,5
2010,4,Mor,8,20
2010,4,Nat,1,20
2010,4,NHS,24,3
2010,4,NI,0.25,19
2010,4,NP,0,1
2010,4,Nuc,1,19
2010,4,Pen,7,5
2010,4,Pet,7,1
2010,4,Pol,5,7
2010,4,Pou,2,1
2010,4,Pov,6,5
2010,4,Pri,0.25,1
2010,4,Pub,4,20
2010,4,Rac,29,9
2010,4,SA,0,19
2010,4,SWA,0.25,20
2010,4,Tax,6,1
2010,4,TU,0.25,1
2010,4,Tra,3,10
2010,4,Tsu,0,19
2010,4,Une,24,1
2010,4,Oth,5,99
2010,4,DK,10,99
2010,5,AID,1,19
2010,5,AW,1,4
2010,5,BF,0.25,4
2010,5,BSE,0,4
2010,5,Coa,0,1
2010,5,Com,6,9
2010,5,Cou,1,4
2010,5,Cri,20,12
2010,5,Def,11,19
2010,5,Dru,5,12
2010,5,Eco,71,1
2010,5,Edu,23,6
2010,5,Foo,0.25,4
2010,5,Ger,0,4
2010,5,GM,0.25,4
2010,5,Hea,0,3
2010,5,Hou,5,14
2010,5,Inf,9,1
2010,5,Inn,0,1
2010,5,LG,4,20
2010,5,Low,5,5
2010,5,Mor,6,20
2010,5,Nat,1,20
2010,5,NHS,22,3
2010,5,NI,0.25,19
2010,5,NP,0,1
2010,5,Nuc,2,19
2010,5,Pen,10,5
2010,5,Pet,6,1
2010,5,Pol,5,7
2010,5,Pou,3,1
2010,5,Pov,6,5
2010,5,Pri,1,1
2010,5,Pub,5,20
2010,5,Rac,38,9
2010,5,SA,0,19
2010,5,SWA,1,20
2010,5,Tax,7,1
2010,5,TU,0.25,1
2010,5,Tra,3,10
2010,5,Tsu,0,19
2010,5,Une,22,1
2010,5,Oth,4,99
2010,5,DK,11,99
2010,6,AID,0.25,19
2010,6,AW,1,4
2010,6,BF,1,4
2010,6,BSE,0,4
2010,6,Coa,0,1
2010,6,Com,2,9
2010,6,Cou,1,4
2010,6,Cri,26,12
2010,6,Def,12,19
2010,6,Dru,7,12
2010,6,Eco,65,1
2010,6,Edu,16,6
2010,6,Foo,0.25,4
2010,6,Ger,0,4
2010,6,GM,0.25,4
2010,6,Hea,0,3
2010,6,Hou,6,14
2010,6,Inf,8,1
2010,6,Inn,0,1
2010,6,LG,3,20
2010,6,Low,5,5
2010,6,Mor,4,20
2010,6,Nat,1,20
2010,6,NHS,19,3
2010,6,NI,0.25,19
2010,6,NP,0,1
2010,6,Nuc,1,19
2010,6,Pen,5,5
2010,6,Pet,4,1
2010,6,Pol,5,7
2010,6,Pou,2,1
2010,6,Pov,6,5
2010,6,Pri,1,1
2010,6,Pub,3,20
2010,6,Rac,29,9
2010,6,SA,0,19
2010,6,SWA,1,20
2010,6,Tax,5,1
2010,6,TU,0,1
2010,6,Tra,2,10
2010,6,Tsu,0,19
2010,6,Une,21,1
2010,6,Oth,6,99
2010,6,DK,12,99
2010,7,AID,0.25,19
2010,7,AW,0.25,4
2010,7,BF,0.25,4
2010,7,BSE,0,4
2010,7,Coa,0,1
2010,7,Com,2,9
2010,7,Cou,1,4
2010,7,Cri,24,12
2010,7,Def,15,19
2010,7,Dru,7,12
2010,7,Eco,63,1
2010,7,Edu,17,6
2010,7,Foo,0.25,4
2010,7,Ger,0,4
2010,7,GM,0.25,4
2010,7,Hea,0,3
2010,7,Hou,6,14
2010,7,Inf,10,1
2010,7,Inn,0,1
2010,7,LG,3,20
2010,7,Low,5,5
2010,7,Mor,6,20
2010,7,Nat,2,20
2010,7,NHS,16,3
2010,7,NI,0.25,19
2010,7,NP,0,1
2010,7,Nuc,1,19
2010,7,Pen,3,5
2010,7,Pet,3,1
2010,7,Pol,5,7
2010,7,Pou,1,1
2010,7,Pov,9,5
2010,7,Pri,0.25,1
2010,7,Pub,3,20
2010,7,Rac,28,9
2010,7,SA,0,19
2010,7,SWA,0.25,20
2010,7,Tax,4,1
2010,7,TU,0.25,1
2010,7,Tra,1,10
2010,7,Tsu,0,19
2010,7,Une,26,1
2010,7,Oth,5,99
2010,7,DK,8,99
2010,8,AID,0.25,19
2010,8,AW,1,4
2010,8,BF,0.25,4
2010,8,BSE,0,4
2010,8,Coa,0,1
2010,8,Com,1,9
2010,8,Cou,1,4
2010,8,Cri,19,12
2010,8,Def,17,19
2010,8,Dru,5,12
2010,8,Eco,61,1
2010,8,Edu,18,6
2010,8,Foo,0.25,4
2010,8,Ger,0,4
2010,8,GM,0.25,4
2010,8,Hea,0,3
2010,8,Hou,6,14
2010,8,Inf,12,1
2010,8,Inn,0,1
2010,8,LG,4,20
2010,8,Low,4,5
2010,8,Mor,6,20
2010,8,Nat,2,20
2010,8,NHS,18,3
2010,8,NI,0.25,19
2010,8,NP,0,1
2010,8,Nuc,1,19
2010,8,Pen,10,5
2010,8,Pet,3,1
2010,8,Pol,6,7
2010,8,Pou,2,1
2010,8,Pov,7,5
2010,8,Pri,1,1
2010,8,Pub,5,20
2010,8,Rac,30,9
2010,8,SA,0,19
2010,8,SWA,0.25,20
2010,8,Tax,4,1
2010,8,TU,1,1
2010,8,Tra,2,10
2010,8,Tsu,0,19
2010,8,Une,24,1
2010,8,Oth,4,99
2010,8,DK,12,99
2010,9,AID,0.25,19
2010,9,AW,1,4
2010,9,BF,0.25,4
2010,9,BSE,0,4
2010,9,Coa,0,1
2010,9,Com,2,9
2010,9,Cou,1,4
2010,9,Cri,24,12
2010,9,Def,12,19
2010,9,Dru,5,12
2010,9,Eco,57,1
2010,9,Edu,18,6
2010,9,Foo,0.25,4
2010,9,Ger,0,4
2010,9,GM,0.25,4
2010,9,Hea,0,3
2010,9,Hou,7,14
2010,9,Inf,13,1
2010,9,Inn,0,1
2010,9,LG,3,20
2010,9,Low,5,5
2010,9,Mor,6,20
2010,9,Nat,2,20
2010,9,NHS,19,3
2010,9,NI,0.25,19
2010,9,NP,0,1
2010,9,Nuc,1,19
2010,9,Pen,9,5
2010,9,Pet,4,1
2010,9,Pol,4,7
2010,9,Pou,0.25,1
2010,9,Pov,8,5
2010,9,Pri,1,1
2010,9,Pub,5,20
2010,9,Rac,31,9
2010,9,SA,0,19
2010,9,SWA,0.25,20
2010,9,Tax,5,1
2010,9,TU,0.25,1
2010,9,Tra,1,10
2010,9,Tsu,0,19
2010,9,Une,26,1
2010,9,Oth,5,99
2010,9,DK,11,99
2010,10,AID,0.25,19
2010,10,AW,1,4
2010,10,BF,0.25,4
2010,10,BSE,0,4
2010,10,Coa,0,1
2010,10,Com,2,9
2010,10,Cou,1,4
2010,10,Cri,23,12
2010,10,Def,16,19
2010,10,Dru,6,12
2010,10,Eco,59,1
2010,10,Edu,18,6
2010,10,Foo,1,4
2010,10,Ger,0,4
2010,10,GM,0.25,4
2010,10,Hea,0,3
2010,10,Hou,5,14
2010,10,Inf,11,1
2010,10,Inn,0,1
2010,10,LG,4,20
2010,10,Low,5,5
2010,10,Mor,7,20
2010,10,Nat,2,20
2010,10,NHS,21,3
2010,10,NI,1,19
2010,10,NP,0,1
2010,10,Nuc,1,19
2010,10,Pen,10,5
2010,10,Pet,3,1
2010,10,Pol,6,7
2010,10,Pou,2,1
2010,10,Pov,8,5
2010,10,Pri,1,1
2010,10,Pub,6,20
2010,10,Rac,27,9
2010,10,SA,0,19
2010,10,SWA,0.25,20
2010,10,Tax,5,1
2010,10,TU,0.25,1
2010,10,Tra,2,10
2010,10,Tsu,0,19
2010,10,Une,29,1
2010,10,Oth,4,99
2010,10,DK,11,99
2010,11,AID,1,19
2010,11,AW,1,4
2010,11,BF,0.25,4
2010,11,BSE,0,4
2010,11,Coa,0,1
2010,11,Com,4,9
2010,11,Cou,1,4
2010,11,Cri,23,12
2010,11,Def,17,19
2010,11,Dru,4,12
2010,11,Eco,54,1
2010,11,Edu,15,6
2010,11,Foo,0.25,4
2010,11,Ger,0,4
2010,11,GM,1,4
2010,11,Hea,0,3
2010,11,Hou,8,14
2010,11,Inf,11,1
2010,11,Inn,0,1
2010,11,LG,3,20
2010,11,Low,5,5
2010,11,Mor,6,20
2010,11,Nat,2,20
2010,11,NHS,18,3
2010,11,NI,0,19
2010,11,NP,0,1
2010,11,Nuc,1,19
2010,11,Pen,11,5
2010,11,Pet,2,1
2010,11,Pol,5,7
2010,11,Pou,2,1
2010,11,Pov,7,5
2010,11,Pri,0.25,1
2010,11,Pub,6,20
2010,11,Rac,27,9
2010,11,SA,0,19
2010,11,SWA,0.25,20
2010,11,Tax,6,1
2010,11,TU,0.25,1
2010,11,Tra,1,10
2010,11,Tsu,0,19
2010,11,Une,28,1
2010,11,Oth,5,99
2010,11,DK,10,99
2010,12,AID,0.25,19
2010,12,AW,0.25,4
2010,12,BF,0.25,4
2010,12,BSE,0,4
2010,12,Coa,0,1
2010,12,Com,3,9
2010,12,Cou,1,4
2010,12,Cri,18,12
2010,12,Def,15,19
2010,12,Dru,5,12
2010,12,Eco,61,1
2010,12,Edu,21,6
2010,12,Foo,0.25,4
2010,12,Ger,0,4
2010,12,GM,0.25,4
2010,12,Hea,0,3
2010,12,Hou,7,14
2010,12,Inf,12,1
2010,12,Inn,0,1
2010,12,LG,4,20
2010,12,Low,6,5
2010,12,Mor,6,20
2010,12,Nat,2,20
2010,12,NHS,18,3
2010,12,NI,0.25,19
2010,12,NP,0,1
2010,12,Nuc,1,19
2010,12,Pen,9,5
2010,12,Pet,4,1
2010,12,Pol,4,7
2010,12,Pou,2,1
2010,12,Pov,9,5
2010,12,Pri,1,1
2010,12,Pub,6,20
2010,12,Rac,25,9
2010,12,SA,0,19
2010,12,SWA,1,20
2010,12,Tax,4,1
2010,12,TU,1,1
2010,12,Tra,2,10
2010,12,Tsu,0,19
2010,12,Une,27,1
2010,12,Oth,4,99
2010,12,DK,12,99
2011,1,AG,0,5
2011,1,AID,0.25,19
2011,1,AW,0.25,4
2011,1,BF,2,4
2011,1,BSE,0,4
2011,1,Coa,0,1
2011,1,Com,4,9
2011,1,Cou,0.25,4
2011,1,Cri,22,12
2011,1,Def,14,19
2011,1,Dru,6,12
2011,1,Eco,60,1
2011,1,Edu,21,6
2011,1,Foo,0,4
2011,1,Ger,0,4
2011,1,GM,0,4
2011,1,Hea,0,3
2011,1,Hou,6,14
2011,1,Inf,14,1
2011,1,Inn,0,1
2011,1,LG,4,20
2011,1,Low,5,5
2011,1,Mor,7,20
2011,1,Nat,1,20
2011,1,NHS,19,3
2011,1,NI,1,19
2011,1,NP,0,1
2011,1,Nuc,2,19
2011,1,Pen,7,5
2011,1,Pet,8,1
2011,1,Pol,7,7
2011,1,Pou,2,1
2011,1,Pov,8,5
2011,1,Pri,1,1
2011,1,Pub,6,20
2011,1,Rac,26,9
2011,1,SA,0,19
2011,1,SWA,1,20
2011,1,Tax,7,1
2011,1,TU,1,1
2011,1,Tra,2,10
2011,1,Tsu,0,19
2011,1,Une,27,1
2011,1,Oth,6,99
2011,1,DK,9,99
2011,2,AG,0,5
2011,2,AID,0.25,19
2011,2,AW,1,4
2011,2,BF,1,4
2011,2,BSE,0,4
2011,2,Coa,0,1
2011,2,Com,3,9
2011,2,Cou,1,4
2011,2,Cri,23,12
2011,2,Def,12,19
2011,2,Dru,5,12
2011,2,Eco,60,1
2011,2,Edu,16,6
2011,2,Foo,0,4
2011,2,Ger,0,4
2011,2,GM,0,4
2011,2,Hea,0,3
2011,2,Hou,6,14
2011,2,Inf,16,1
2011,2,Inn,0,1
2011,2,LG,3,20
2011,2,Low,5,5
2011,2,Mor,5,20
2011,2,Nat,1,20
2011,2,NHS,19,3
2011,2,NI,0.25,19
2011,2,NP,0,1
2011,2,Nuc,1,19
2011,2,Pen,6,5
2011,2,Pet,8,1
2011,2,Pol,5,7
2011,2,Pou,3,1
2011,2,Pov,6,5
2011,2,Pri,1,1
2011,2,Pub,6,20
2011,2,Rac,25,9
2011,2,SA,0,19
2011,2,SWA,0.25,20
2011,2,Tax,6,1
2011,2,TU,0.25,1
2011,2,Tra,2,10
2011,2,Tsu,0,19
2011,2,Une,28,1
2011,2,Oth,5,99
2011,2,DK,10,99
2011,3,AG,4,5
2011,3,AID,0.25,19
2011,3,AW,0.25,4
2011,3,BF,1,4
2011,3,BSE,0,4
2011,3,Coa,0,1
2011,3,Com,4,9
2011,3,Cou,1,4
2011,3,Cri,18,12
2011,3,Def,16,19
2011,3,Dru,4,12
2011,3,Eco,54,1
2011,3,Edu,17,6
2011,3,Foo,0,4
2011,3,Ger,0,4
2011,3,GM,0,4
2011,3,Hea,0,3
2011,3,Hou,6,14
2011,3,Inf,18,1
2011,3,Inn,0,1
2011,3,LG,4,20
2011,3,Low,5,5
2011,3,Mor,6,20
2011,3,Nat,2,20
2011,3,NHS,19,3
2011,3,NI,0.25,19
2011,3,NP,0,1
2011,3,Nuc,1,19
2011,3,Pen,6,5
2011,3,Pet,15,1
2011,3,Pol,4,7
2011,3,Pou,2,1
2011,3,Pov,8,5
2011,3,Pri,2,1
2011,3,Pub,5,20
2011,3,Rac,26,9
2011,3,SA,0,19
2011,3,SWA,1,20
2011,3,Tax,7,1
2011,3,TU,1,1
2011,3,Tra,3,10
2011,3,Tsu,0,19
2011,3,Une,25,1
2011,3,Oth,6,99
2011,3,DK,9,99
2011,4,AG,4,5
2011,4,AID,0.25,19
2011,4,AW,1,4
2011,4,BF,0.25,4
2011,4,BSE,0,4
2011,4,Coa,0,1
2011,4,Com,2,9
2011,4,Cou,2,4
2011,4,Cri,22,12
2011,4,Def,22,19
2011,4,Dru,4,12
2011,4,Eco,62,1
2011,4,Edu,14,6
2011,4,Foo,0,4
2011,4,Ger,0,4
2011,4,GM,0,4
2011,4,Hea,0,3
2011,4,Hou,5,14
2011,4,Inf,16,1
2011,4,Inn,0,1
2011,4,LG,3,20
2011,4,Low,5,5
2011,4,Mor,5,20
2011,4,Nat,2,20
2011,4,NHS,20,3
2011,4,NI,0,19
2011,4,NP,0,1
2011,4,Nuc,2,19
2011,4,Pen,9,5
2011,4,Pet,9,1
2011,4,Pol,4,7
2011,4,Pou,1,1
2011,4,Pov,7,5
2011,4,Pri,2,1
2011,4,Pub,6,20
2011,4,Rac,17,9
2011,4,SA,0,19
2011,4,SWA,0.25,20
2011,4,Tax,6,1
2011,4,TU,0.25,1
2011,4,Tra,3,10
2011,4,Tsu,0,19
2011,4,Une,24,1
2011,4,Oth,4,99
2011,4,DK,10,99
2011,5,AG,3,5
2011,5,AID,0.25,19
2011,5,AW,1,4
2011,5,BF,0.25,4
2011,5,BSE,0,4
2011,5,Coa,0,1
2011,5,Com,3,9
2011,5,Cou,2,4
2011,5,Cri,17,12
2011,5,Def,18,19
2011,5,Dru,3,12
2011,5,Eco,55,1
2011,5,Edu,20,6
2011,5,Foo,0,4
2011,5,Ger,0,4
2011,5,GM,0,4
2011,5,Hea,0,3
2011,5,Hou,8,14
2011,5,Inf,11,1
2011,5,Inn,0,1
2011,5,LG,2,20
2011,5,Low,4,5
2011,5,Mor,6,20
2011,5,Nat,1,20
2011,5,NHS,26,3
2011,5,NI,0.25,19
2011,5,NP,0,1
2011,5,Nuc,2,19
2011,5,Pen,7,5
2011,5,Pet,11,1
2011,5,Pol,3,7
2011,5,Pou,2,1
2011,5,Pov,6,5
2011,5,Pri,1,1
2011,5,Pub,6,20
2011,5,Rac,26,9
2011,5,SA,0,19
2011,5,SWA,1,20
2011,5,Tax,4,1
2011,5,TU,0.25,1
2011,5,Tra,3,10
2011,5,Tsu,0,19
2011,5,Une,27,1
2011,5,Oth,4,99
2011,5,DK,10,99
2011,6,AG,6,5
2011,6,AID,0.25,19
2011,6,AW,0.25,4
2011,6,BF,0.25,4
2011,6,BSE,0,4
2011,6,Coa,0,1
2011,6,Com,3,9
2011,6,Cou,1,4
2011,6,Cri,22,12
2011,6,Def,15,19
2011,6,Dru,4,12
2011,6,Eco,51,1
2011,6,Edu,14,6
2011,6,Foo,0,4
2011,6,Ger,0,4
2011,6,GM,0,4
2011,6,Hea,0,3
2011,6,Hou,8,14
2011,6,Inf,14,1
2011,6,Inn,0,1
2011,6,LG,3,20
2011,6,Low,6,5
2011,6,Mor,6,20
2011,6,Nat,1,20
2011,6,NHS,26,3
2011,6,NI,0.25,19
2011,6,NP,0,1
2011,6,Nuc,1,19
2011,6,Pen,8,5
2011,6,Pet,7,1
2011,6,Pol,5,7
2011,6,Pou,2,1
2011,6,Pov,7,5
2011,6,Pri,1,1
2011,6,Pub,5,20
2011,6,Rac,31,9
2011,6,SA,0,19
2011,6,SWA,1,20
2011,6,Tax,4,1
2011,6,TU,0.25,1
2011,6,Tra,2,10
2011,6,Tsu,0,19
2011,6,Une,28,1
2011,6,Oth,3,99
2011,6,DK,11,99
2011,7,AG,8,5
2011,7,AID,1,19
2011,7,AW,1,4
2011,7,BF,0.25,4
2011,7,BSE,0,4
2011,7,Coa,0,1
2011,7,Com,4,9
2011,7,Cou,1,4
2011,7,Cri,17,12
2011,7,Def,13,19
2011,7,Dru,3,12
2011,7,Eco,57,1
2011,7,Edu,15,6
2011,7,Foo,0,4
2011,7,Ger,0,4
2011,7,GM,0,4
2011,7,Hea,0,3
2011,7,Hou,5,14
2011,7,Inf,15,1
2011,7,Inn,0,1
2011,7,LG,1,20
2011,7,Low,5,5
2011,7,Mor,6,20
2011,7,Nat,1,20
2011,7,NHS,19,3
2011,7,NI,0.25,19
2011,7,NP,0,1
2011,7,Nuc,1,19
2011,7,Pen,10,5
2011,7,Pet,7,1
2011,7,Pol,5,7
2011,7,Pou,1,1
2011,7,Pov,8,5
2011,7,Pri,1,1
2011,7,Pub,5,20
2011,7,Rac,27,9
2011,7,SA,0,19
2011,7,SWA,0.25,20
2011,7,Tax,4,1
2011,7,TU,1,1
2011,7,Tra,1,10
2011,7,Tsu,0,19
2011,7,Une,29,1
2011,7,Oth,4,99
2011,7,DK,11,99
2011,8,AG,5,5
2011,8,AID,0.25,19
2011,8,AW,1,4
2011,8,BF,0.25,4
2011,8,BSE,0,4
2011,8,Coa,0,1
2011,8,Com,4,9
2011,8,Cou,1,4
2011,8,Cri,31,12
2011,8,Def,11,19
2011,8,Dru,5,12
2011,8,Eco,61,1
2011,8,Edu,16,6
2011,8,Foo,0,4
2011,8,Ger,0,4
2011,8,GM,0,4
2011,8,Hea,0,3
2011,8,Hou,6,14
2011,8,Inf,15,1
2011,8,Inn,0,1
2011,8,LG,3,20
2011,8,Low,3,5
2011,8,Mor,6,20
2011,8,Nat,1,20
2011,8,NHS,17,3
2011,8,NI,0.25,19
2011,8,NP,0,1
2011,8,Nuc,0.25,19
2011,8,Pen,9,5
2011,8,Pet,5,1
2011,8,Pol,3,7
2011,8,Pou,2,1
2011,8,Pov,8,5
2011,8,Pri,1,1
2011,8,Pub,4,20
2011,8,Rac,23,9
2011,8,SA,0,19
2011,8,SWA,0.25,20
2011,8,Tax,3,1
2011,8,TU,0.25,1
2011,8,Tra,2,10
2011,8,Tsu,0,19
2011,8,Une,26,1
2011,8,Oth,5,99
2011,8,DK,11,99
2011,9,AG,5,5
2011,9,AID,0.25,19
2011,9,AW,1,4
2011,9,BF,0.25,4
2011,9,BSE,0,4
2011,9,Coa,0,1
2011,9,Com,3,9
2011,9,Cou,1,4
2011,9,Cri,29,12
2011,9,Def,13,19
2011,9,Dru,7,12
2011,9,Eco,59,1
2011,9,Edu,16,6
2011,9,Foo,0,4
2011,9,Ger,0,4
2011,9,GM,0,4
2011,9,Hea,0,3
2011,9,Hou,9,14
2011,9,Inf,13,1
2011,9,Inn,0,1
2011,9,LG,2,20
2011,9,Low,7,5
2011,9,Mor,11,20
2011,9,Nat,1,20
2011,9,NHS,17,3
2011,9,NI,0,19
2011,9,NP,0,1
2011,9,Nuc,1,19
2011,9,Pen,8,5
2011,9,Pet,6,1
2011,9,Pol,4,7
2011,9,Pou,1,1
2011,9,Pov,9,5
2011,9,Pri,1,1
2011,9,Pub,6,20
2011,9,Rac,21,9
2011,9,SA,0,19
2011,9,SWA,1,20
2011,9,Tax,4,1
2011,9,TU,0.25,1
2011,9,Tra,2,10
2011,9,Tsu,0,19
2011,9,Une,30,1
2011,9,Oth,5,99
2011,9,DK,12,99
2011,10,AG,3,5
2011,10,AID,0.25,19
2011,10,AW,1,4
2011,10,BF,0.25,4
2011,10,BSE,0,4
2011,10,Coa,0,1
2011,10,Com,4,9
2011,10,Cou,1,4
2011,10,Cri,24,12
2011,10,Def,10,19
2011,10,Dru,5,12
2011,10,Eco,68,1
2011,10,Edu,16,6
2011,10,Foo,0,4
2011,10,Ger,0,4
2011,10,GM,0,4
2011,10,Hea,0,3
2011,10,Hou,6,14
2011,10,Inf,12,1
2011,10,Inn,0,1
2011,10,LG,3,20
2011,10,Low,4,5
2011,10,Mor,5,20
2011,10,Nat,1,20
2011,10,NHS,21,3
2011,10,NI,1,19
2011,10,NP,0,1
2011,10,Nuc,1,19
2011,10,Pen,7,5
2011,10,Pet,5,1
2011,10,Pol,3,7
2011,10,Pou,2,1
2011,10,Pov,9,5
2011,10,Pri,1,1
2011,10,Pub,5,20
2011,10,Rac,24,9
2011,10,SA,0,19
2011,10,SWA,1,20
2011,10,Tax,3,1
2011,10,TU,1,1
2011,10,Tra,2,10
2011,10,Tsu,0,19
2011,10,Une,30,1
2011,10,Oth,3,99
2011,10,DK,11,99
2011,11,AG,5,5
2011,11,AID,0.25,19
2011,11,AW,1,4
2011,11,BF,0.25,4
2011,11,BSE,0,4
2011,11,Coa,0,1
2011,11,Com,8,9
2011,11,Cou,2,4
2011,11,Cri,23,12
2011,11,Def,9,19
2011,11,Dru,6,12
2011,11,Eco,62,1
2011,11,Edu,15,6
2011,11,Foo,0,4
2011,11,Ger,0,4
2011,11,GM,0,4
2011,11,Hea,0,3
2011,11,Hou,6,14
2011,11,Inf,15,1
2011,11,Inn,0,1
2011,11,LG,2,20
2011,11,Low,4,5
2011,11,Mor,7,20
2011,11,Nat,1,20
2011,11,NHS,16,3
2011,11,NI,0.25,19
2011,11,NP,0,1
2011,11,Nuc,1,19
2011,11,Pen,8,5
2011,11,Pet,9,1
2011,11,Pol,4,7
2011,11,Pou,2,1
2011,11,Pov,8,5
2011,11,Pri,0.25,1
2011,11,Pub,3,20
2011,11,Rac,23,9
2011,11,SA,0,19
2011,11,SWA,0.25,20
2011,11,Tax,4,1
2011,11,TU,0.25,1
2011,11,Tra,2,10
2011,11,Tsu,0,19
2011,11,Une,32,1
2011,11,Oth,4,99
2011,11,DK,11,99
2011,12,AG,4,5
2011,12,AID,0.25,19
2011,12,AW,1,4
2011,12,BF,0.25,4
2011,12,BSE,0,4
2011,12,Coa,0,1
2011,12,Com,7,9
2011,12,Cou,2,4
2011,12,Cri,19,12
2011,12,Def,8,19
2011,12,Dru,5,12
2011,12,Eco,66,1
2011,12,Edu,15,6
2011,12,Foo,0,4
2011,12,Ger,0,4
2011,12,GM,0,4
2011,12,Hea,0,3
2011,12,Hou,7,14
2011,12,Inf,15,1
2011,12,Inn,0,1
2011,12,LG,2,20
2011,12,Low,6,5
2011,12,Mor,7,20
2011,12,Nat,1,20
2011,12,NHS,17,3
2011,12,NI,0,19
2011,12,NP,0,1
2011,12,Nuc,1,19
2011,12,Pen,10,5
2011,12,Pet,8,1
2011,12,Pol,4,7
2011,12,Pou,2,1
2011,12,Pov,10,5
2011,12,Pri,1,1
2011,12,Pub,5,20
2011,12,Rac,22,9
2011,12,SA,0,19
2011,12,SWA,1,20
2011,12,Tax,4,1
2011,12,TU,1,1
2011,12,Tra,3,10
2011,12,Tsu,0,19
2011,12,Une,33,1
2011,12,Oth,3,99
2011,12,DK,10,99
2012,1,AG,5,5
2012,1,AID,0.25,19
2012,1,AW,0.25,4
2012,1,BF,0.25,4
2012,1,Com,9,9
2012,1,Cou,2,4
2012,1,Cri,21,12
2012,1,Def,7,19
2012,1,Dru,5,12
2012,1,Eco,61,1
2012,1,Edu,13,6
2012,1,Foo,0.25,4
2012,1,Hou,8,14
2012,1,Inf,12,1
2012,1,LG,3,20
2012,1,Low,6,5
2012,1,Mor,7,20
2012,1,Nat,2,20
2012,1,NHS,17,3
2012,1,NI,0.25,19
2012,1,Nuc,1,19
2012,1,Pen,7,5
2012,1,Pet,6,1
2012,1,Pol,3,7
2012,1,Pou,1,1
2012,1,Pov,10,5
2012,1,Pri,1,1
2012,1,Pub,3,20
2012,1,Rac,20,9
2012,1,SWA,1,20
2012,1,Tax,3,1
2012,1,TU,1,1
2012,1,Tra,3,10
2012,1,Une,33,1
2012,1,Oth,4,99
2012,1,DK,12,99
2012,2,AG,4,5
2012,2,AID,0.25,19
2012,2,AW,1,4
2012,2,BF,0.25,4
2012,2,Com,7,9
2012,2,Cou,1,4
2012,2,Cri,20,12
2012,2,Def,9,19
2012,2,Dru,4,12
2012,2,Eco,64,1
2012,2,Edu,13,6
2012,2,Foo,0.25,4
2012,2,Hou,6,14
2012,2,Inf,12,1
2012,2,LG,2,20
2012,2,Low,6,5
2012,2,Mor,6,20
2012,2,Nat,1,20
2012,2,NHS,22,3
2012,2,NI,0.25,19
2012,2,Nuc,1,19
2012,2,Pen,8,5
2012,2,Pet,6,1
2012,2,Pol,2,7
2012,2,Pou,1,1
2012,2,Pov,7,5
2012,2,Pri,0.25,1
2012,2,Pub,4,20
2012,2,Rac,24,9
2012,2,SWA,2,20
2012,2,Tax,2,1
2012,2,TU,0.25,1
2012,2,Tra,2,10
2012,2,Une,38,1
2012,2,Oth,4,99
2012,2,DK,12,99
2012,3,AG,4,5
2012,3,AID,0.25,19
2012,3,AW,1,4
2012,3,BF,0.25,4
2012,3,Com,5,9
2012,3,Cou,1,4
2012,3,Cri,18,12
2012,3,Def,9,19
2012,3,Dru,4,12
2012,3,Eco,57,1
2012,3,Edu,13,6
2012,3,Foo,0.25,4
2012,3,Hou,6,14
2012,3,Inf,12,1
2012,3,LG,2,20
2012,3,Low,5,5
2012,3,Mor,7,20
2012,3,Nat,2,20
2012,3,NHS,22,3
2012,3,NI,0.25,19
2012,3,Nuc,1,19
2012,3,Pen,7,5
2012,3,Pet,13,1
2012,3,Pol,3,7
2012,3,Pou,2,1
2012,3,Pov,8,5
2012,3,Pri,1,1
2012,3,Pub,3,20
2012,3,Rac,23,9
2012,3,SWA,2,20
2012,3,Tax,3,1
2012,3,TU,0.25,1
2012,3,Tra,4,10
2012,3,Une,36,1
2012,3,Oth,5,99
2012,3,DK,11,99
2012,4,AG,6,5
2012,4,AID,1,19
2012,4,AW,2,4
2012,4,BF,0.25,4
2012,4,Com,4,9
2012,4,Cou,1,4
2012,4,Cri,20,12
2012,4,Def,9,19
2012,4,Dru,6,12
2012,4,Eco,55,1
2012,4,Edu,15,6
2012,4,Foo,0.25,4
2012,4,Hou,8,14
2012,4,Inf,18,1
2012,4,LG,3,20
2012,4,Low,7,5
2012,4,Mor,6,20
2012,4,Nat,2,20
2012,4,NHS,20,3
2012,4,NI,0.25,19
2012,4,Nuc,1,19
2012,4,Pen,8,5
2012,4,Pet,15,1
2012,4,Pol,3,7
2012,4,Pou,1,1
2012,4,Pov,10,5
2012,4,Pri,2,1
2012,4,Pub,4,20
2012,4,Rac,21,9
2012,4,SWA,1,20
2012,4,Tax,5,1
2012,4,TU,0.25,1
2012,4,Tra,3,10
2012,4,Une,40,1
2012,4,Oth,6,99
2012,4,DK,11,99
2012,5,AG,7,5
2012,5,AID,1,19
2012,5,AW,1,4
2012,5,BF,0.25,4
2012,5,Com,6,9
2012,5,Cou,1,4
2012,5,Cri,15,12
2012,5,Def,6,19
2012,5,Dru,3,12
2012,5,Eco,61,1
2012,5,Edu,13,6
2012,5,Foo,0.25,4
2012,5,Hou,6,14
2012,5,Inf,19,1
2012,5,LG,3,20
2012,5,Low,8,5
2012,5,Mor,8,20
2012,5,Nat,2,20
2012,5,NHS,16,3
2012,5,NI,0.25,19
2012,5,Nuc,1,19
2012,5,Pen,9,5
2012,5,Pet,8,1
2012,5,Pol,3,7
2012,5,Pou,2,1
2012,5,Pov,9,5
2012,5,Pri,1,1
2012,5,Pub,3,20
2012,5,Rac,20,9
2012,5,SWA,1,20
2012,5,Tax,4,1
2012,5,TU,1,1
2012,5,Tra,4,10
2012,5,Une,34,1
2012,5,Oth,4,99
2012,5,DK,11,99
2012,6,AG,4,5
2012,6,AID,1,19
2012,6,AW,0.25,4
2012,6,BF,0.25,4
2012,6,Com,8,9
2012,6,Cou,1,4
2012,6,Cri,14,12
2012,6,Def,7,19
2012,6,Dru,3,12
2012,6,Eco,58,1
2012,6,Edu,11,6
2012,6,Foo,0.25,4
2012,6,Hou,7,14
2012,6,Inf,15,1
2012,6,LG,3,20
2012,6,Low,6,5
2012,6,Mor,7,20
2012,6,Nat,2,20
2012,6,NHS,16,3
2012,6,NI,0.25,19
2012,6,Nuc,0.25,19
2012,6,Pen,7,5
2012,6,Pet,4,1
2012,6,Pol,3,7
2012,6,Pou,2,1
2012,6,Pov,10,5
2012,6,Pri,2,1
2012,6,Pub,4,20
2012,6,Rac,19,9
2012,6,SWA,1,20
2012,6,Tax,3,1
2012,6,TU,1,1
2012,6,Tra,4,10
2012,6,Une,37,1
2012,6,Oth,4,99
2012,6,DK,10,99
2012,7,AG,6,5
2012,7,AID,0.25,19
2012,7,AW,1,4
2012,7,BF,0,4
2012,7,Com,5,9
2012,7,Cou,1,4
2012,7,Cri,18,12
2012,7,Def,9,19
2012,7,Dru,4,12
2012,7,Eco,59,1
2012,7,Edu,14,6
2012,7,Foo,0.25,4
2012,7,Hou,7,14
2012,7,Inf,14,1
2012,7,LG,3,20
2012,7,Low,7,5
2012,7,Mor,8,20
2012,7,Nat,2,20
2012,7,NHS,22,3
2012,7,NI,0.25,19
2012,7,Nuc,1,19
2012,7,Pen,10,5
2012,7,Pet,6,1
2012,7,Pol,4,7
2012,7,Pou,2,1
2012,7,Pov,11,5
2012,7,Pri,2,1
2012,7,Pub,4,20
2012,7,Rac,26,9
2012,7,SWA,1,20
2012,7,Tax,5,1
2012,7,TU,1,1
2012,7,Tra,4,10
2012,7,Une,34,1
2012,7,Oth,5,99
2012,7,DK,12,99
2012,8,AG,6,5
2012,8,AID,0.25,19
2012,8,AW,0.25,4
2012,8,BF,0.25,4
2012,8,Com,5,9
2012,8,Cou,1,4
2012,8,Cri,14,12
2012,8,Def,7,19
2012,8,Dru,4,12
2012,8,Eco,61,1
2012,8,Edu,11,6
2012,8,Foo,0.25,4
2012,8,Hou,8,14
2012,8,Inf,15,1
2012,8,LG,4,20
2012,8,Low,5,5
2012,8,Mor,9,20
2012,8,Nat,2,20
2012,8,NHS,18,3
2012,8,NI,0,19
2012,8,Nuc,1,19
2012,8,Pen,8,5
2012,8,Pet,4,1
2012,8,Pol,3,7
2012,8,Pou,2,1
2012,8,Pov,10,5
2012,8,Pri,1,1
2012,8,Pub,6,20
2012,8,Rac,23,9
2012,8,SWA,1,20
2012,8,Tax,4,1
2012,8,TU,0.25,1
2012,8,Tra,5,10
2012,8,Une,35,1
2012,8,Oth,4,99
2012,8,DK,14,99
2012,10,AG,9,5
2012,10,AID,0.25,19
2012,10,AW,1,4
2012,10,BF,0.25,4
2012,10,Com,5,9
2012,10,Cou,3,4
2012,10,Cri,18,12
2012,10,Def,6,19
2012,10,Dru,5,12
2012,10,Eco,52,1
2012,10,Edu,10,6
2012,10,Foo,1,4
2012,10,Hou,10,14
2012,10,Inf,17,1
2012,10,LG,4,20
2012,10,Low,8,5
2012,10,Mor,6,20
2012,10,Nat,2,20
2012,10,NHS,19,3
2012,10,NI,0.25,19
2012,10,Nuc,1,19
2012,10,Pen,9,5
2012,10,Pet,6,1
2012,10,Pol,6,7
2012,10,Pou,2,1
2012,10,Pov,11,5
2012,10,Pri,1,1
2012,10,Pub,5,20
2012,10,Rac,21,9
2012,10,SWA,1,20
2012,10,Tax,2,1
2012,10,TU,1,1
2012,10,Tra,4,10
2012,10,Une,32,1
2012,10,Oth,2,99
2012,10,DK,11,99
2012,11,AG,6,5
2012,11,AID,0.25,19
2012,11,AW,1,4
2012,11,BF,0.25,4
2012,11,Com,6,9
2012,11,Cou,2,4
2012,11,Cri,17,12
2012,11,Def,6,19
2012,11,Dru,3,12
2012,11,Eco,55,1
2012,11,Edu,14,6
2012,11,Foo,0.25,4
2012,11,Hou,10,14
2012,11,Inf,16,1
2012,11,LG,4,20
2012,11,Low,8,5
2012,11,Mor,7,20
2012,11,Nat,1,20
2012,11,NHS,20,3
2012,11,NI,0,19
2012,11,Nuc,0.25,19
2012,11,Pen,9,5
2012,11,Pet,5,1
2012,11,Pol,5,7
2012,11,Pou,1,1
2012,11,Pov,13,5
2012,11,Pri,1,1
2012,11,Pub,4,20
2012,11,Rac,19,9
2012,11,SWA,1,20
2012,11,Tax,2,1
2012,11,TU,0.25,1
2012,11,Tra,4,10
2012,11,Une,33,1
2012,11,Oth,5,99
2012,11,DK,13,99
2012,12,AG,6,5
2012,12,AID,0.25,19
2012,12,AW,1,4
2012,12,BF,0.25,4
2012,12,Com,6,9
2012,12,Cou,1,4
2012,12,Cri,19,12
2012,12,Def,5,19
2012,12,Dru,3,12
2012,12,Eco,55,1
2012,12,Edu,11,6
2012,12,Foo,0.25,4
2012,12,Hou,11,14
2012,12,Inf,17,1
2012,12,LG,3,20
2012,12,Low,7,5
2012,12,Mor,7,20
2012,12,Nat,2,20
2012,12,NHS,15,3
2012,12,NI,0.25,19
2012,12,Nuc,1,19
2012,12,Pen,8,5
2012,12,Pet,5,1
2012,12,Pol,4,7
2012,12,Pou,1,1
2012,12,Pov,13,5
2012,12,Pri,1,1
2012,12,Pub,5,20
2012,12,Rac,22,9
2012,12,SWA,1,20
2012,12,Tax,4,1
2012,12,TU,0.25,1
2012,12,Tra,2,10
2012,12,Une,30,1
2012,12,Oth,6,99
2012,12,DK,12,99
2013,1,AG,8,5
2013,1,AID,0.25,19
2013,1,AW,1,4
2013,1,BF,0.25,4
2013,1,Com,6,9
2013,1,Cou,2,4
2013,1,Cri,18,12
2013,1,Def,4,19
2013,1,Dru,5,12
2013,1,Eco,52,1
2013,1,Edu,12,6
2013,1,Foo,0.25,4
2013,1,Hou,9,14
2013,1,Inf,14,1
2013,1,LG,3,20
2013,1,Low,7,5
2013,1,Mor,7,20
2013,1,Nat,1,20
2013,1,NHS,21,3
2013,1,NI,0.25,19
2013,1,Nuc,1,19
2013,1,Pen,10,5
2013,1,Pet,4,1
2013,1,Pol,5,7
2013,1,Pou,1,1
2013,1,Pov,11,5
2013,1,Pri,1,1
2013,1,Pub,5,20
2013,1,Rac,22,9
2013,1,SWA,1,20
2013,1,Tax,2,1
2013,1,TU,0.25,1
2013,1,Tra,2,10
2013,1,Une,29,1
2013,1,Oth,4,99
2013,1,DK,13,99
2013,2,AG,4,5
2013,2,AID,1,19
2013,2,AW,1,4
2013,2,BF,0.25,4
2013,2,Com,9,9
2013,2,Cou,1,4
2013,2,Cri,14,12
2013,2,Def,9,19
2013,2,Dru,4,12
2013,2,Eco,52,1
2013,2,Edu,14,6
2013,2,Foo,0.25,4
2013,2,Hou,11,14
2013,2,Inf,13,1
2013,2,LG,3,20
2013,2,Low,8,5
2013,2,Mor,7,20
2013,2,Nat,1,20
2013,2,NHS,19,3
2013,2,NI,0.25,19
2013,2,Nuc,1,19
2013,2,Pen,11,5
2013,2,Pet,4,1
2013,2,Pol,4,7
2013,2,Pou,1,1
2013,2,Pov,14,5
2013,2,Pri,1,1
2013,2,Pub,5,20
2013,2,Rac,26,9
2013,2,SWA,1,20
2013,2,Tax,4,1
2013,2,TU,0.25,1
2013,2,Tra,3,10
2013,2,Une,27,1
2013,2,Oth,4,99
2013,2,DK,13,99
2013,3,AG,7,5
2013,3,AID,1,19
2013,3,AW,1,4
2013,3,BF,0.25,4
2013,3,Com,7,9
2013,3,Cou,1,4
2013,3,Cri,15,12
2013,3,Def,5,19
2013,3,Dru,4,12
2013,3,Eco,52,1
2013,3,Edu,13,6
2013,3,Foo,0.25,4
2013,3,Hou,9,14
2013,3,Inf,14,1
2013,3,LG,2,20
2013,3,Low,6,5
2013,3,Mor,7,20
2013,3,Nat,2,20
2013,3,NHS,27,3
2013,3,NI,0.25,19
2013,3,Nuc,1,19
2013,3,Pen,10,5
2013,3,Pet,7,1
2013,3,Pol,3,7
2013,3,Pou,1,1
2013,3,Pov,11,5
2013,3,Pri,1,1
2013,3,Pub,6,20
2013,3,Rac,29,9
2013,3,SWA,1,20
2013,3,Tax,6,1
2013,3,TU,0.25,1
2013,3,Tra,3,10
2013,3,Une,28,1
2013,3,Oth,8,99
2013,3,DK,9,99
2013,4,AG,8,5
2013,4,AID,0.25,19
2013,4,AW,1,4
2013,4,BF,0.25,4
2013,4,Com,7,9
2013,4,Cou,1,4
2013,4,Cri,15,12
2013,4,Def,7,19
2013,4,Dru,5,12
2013,4,Eco,49,1
2013,4,Edu,12,6
2013,4,Foo,1,4
2013,4,Hou,12,14
2013,4,Inf,13,1
2013,4,LG,3,20
2013,4,Low,7,5
2013,4,Mor,6,20
2013,4,Nat,2,20
2013,4,NHS,23,3
2013,4,NI,0.25,19
2013,4,Nuc,1,19
2013,4,Pen,12,5
2013,4,Pet,5,1
2013,4,Pol,4,7
2013,4,Pou,1,1
2013,4,Pov,14,5
2013,4,Pri,3,1
2013,4,Pub,6,20
2013,4,Rac,31,9
2013,4,SWA,1,20
2013,4,Tax,5,1
2013,4,TU,1,1
2013,4,Tra,3,10
2013,4,Une,33,1
2013,4,Oth,6,99
2013,4,DK,12,99
2013,5,AG,8,5
2013,5,AID,0.25,19
2013,5,AW,1,4
2013,5,BF,0.25,4
2013,5,Com,9,9
2013,5,Cou,1,4
2013,5,Cri,11,12
2013,5,Def,6,19
2013,5,Dru,5,12
2013,5,Eco,49,1
2013,5,Edu,13,6
2013,5,Foo,0.25,4
2013,5,Hou,10,14
2013,5,Inf,10,1
2013,5,LG,2,20
2013,5,Low,7,5
2013,5,Mor,6,20
2013,5,Nat,2,20
2013,5,NHS,24,3
2013,5,NI,0.25,19
2013,5,Nuc,1,19
2013,5,Pen,13,5
2013,5,Pet,6,1
2013,5,Pol,4,7
2013,5,Pou,1,1
2013,5,Pov,11,5
2013,5,Pri,2,1
2013,5,Pub,6,20
2013,5,Rac,34,9
2013,5,SWA,2,20
2013,5,Tax,6,1
2013,5,TU,0.25,1
2013,5,Tra,0.25,10
2013,5,Une,32,1
2013,5,Oth,8,99
2013,5,DK,12,99
2013,6,AG,8,5
2013,6,AID,1,19
2013,6,AW,2,4
2013,6,BF,0.25,4
2013,6,Com,7,9
2013,6,Cou,2,4
2013,6,Cri,19,12
2013,6,Def,11,19
2013,6,Dru,8,12
2013,6,Eco,50,1
2013,6,Edu,15,6
2013,6,Foo,1,4
2013,6,Hou,9,14
2013,6,Inf,12,1
2013,6,LG,5,20
2013,6,Low,9,5
2013,6,Mor,9,20
2013,6,Nat,3,20
2013,6,NHS,26,3
2013,6,NI,0,19
2013,6,Nuc,2,19
2013,6,Pen,14,5
2013,6,Pet,7,1
2013,6,Pol,5,7
2013,6,Pou,2,1
2013,6,Pov,15,5
2013,6,Pri,1,1
2013,6,Pub,7,20
2013,6,Rac,35,9
2013,6,SWA,2,20
2013,6,Tax,7,1
2013,6,TU,0.25,1
2013,6,Tra,4,10
2013,6,Une,32,1
2013,6,Oth,10,99
2013,6,DK,10,99
2013,7,AG,7,5
2013,7,AID,0.25,19
2013,7,AW,1,4
2013,7,BF,1,4
2013,7,Com,6,9
2013,7,Cou,2,4
2013,7,Cri,16,12
2013,7,Def,9,19
2013,7,Dru,5,12
2013,7,Eco,51,1
2013,7,Edu,14,6
2013,7,Foo,0.25,4
2013,7,Hou,7,14
2013,7,Inf,11,1
2013,7,LG,3,20
2013,7,Low,8,5
2013,7,Mor,8,20
2013,7,Nat,3,20
2013,7,NHS,26,3
2013,7,NI,0,19
2013,7,Nuc,1,19
2013,7,Pen,12,5
2013,7,Pet,7,1
2013,7,Pol,5,7
2013,7,Pou,2,1
2013,7,Pov,9,5
2013,7,Pri,2,1
2013,7,Pub,4,20
2013,7,Rac,34,9
2013,7,SWA,2,20
2013,7,Tax,7,1
2013,7,TU,1,1
2013,7,Tra,1,10
2013,7,Une,34,1
2013,7,Oth,7,99
2013,7,DK,11,99
2013,8,AG,8,5
2013,8,AID,0.25,19
2013,8,AW,1,4
2013,8,BF,0.25,4
2013,8,Com,7,9
2013,8,Cou,2,4
2013,8,Cri,16,12
2013,8,Def,8,19
2013,8,Dru,7,12
2013,8,Eco,43,1
2013,8,Edu,15,6
2013,8,Foo,0.25,4
2013,8,Hou,14,14
2013,8,Inf,12,1
2013,8,LG,2,20
2013,8,Low,9,5
2013,8,Mor,6,20
2013,8,Nat,2,20
2013,8,NHS,29,3
2013,8,NI,0.25,19
2013,8,Nuc,1,19
2013,8,Pen,13,5
2013,8,Pet,7,1
2013,8,Pol,4,7
2013,8,Pou,1,1
2013,8,Pov,14,5
2013,8,Pri,2,1
2013,8,Pub,6,20
2013,8,Rac,38,9
2013,8,SWA,2,20
2013,8,Tax,6,1
2013,8,TU,0.25,1
2013,8,Tra,3,10
2013,8,Une,33,1
2013,8,Oth,8,99
2013,8,DK,14,99
2013,10,AG,8,5
2013,10,AID,1,19
2013,10,AW,2,4
2013,10,BF,0.25,4
2013,10,Com,7,9
2013,10,Cou,2,4
2013,10,Cri,14,12
2013,10,Def,8,19
2013,10,Dru,6,12
2013,10,Eco,44,1
2013,10,Edu,18,6
2013,10,Foo,1,4
2013,10,Hou,10,14
2013,10,Inf,19,1
2013,10,LG,2,20
2013,10,Low,9,5
2013,10,Mor,5,20
2013,10,Nat,2,20
2013,10,NHS,25,3
2013,10,NI,0,19
2013,10,Nuc,1,19
2013,10,Pen,11,5
2013,10,Pet,10,1
2013,10,Pol,5,7
2013,10,Pou,1,1
2013,10,Pov,15,5
2013,10,Pri,5,1
2013,10,Pub,4,20
2013,10,Rac,36,9
2013,10,SWA,2,20
2013,10,Tax,4,1
2013,10,TU,1,1
2013,10,Tra,3,10
2013,10,Une,32,1
2013,10,Oth,7,99
2013,10,DK,9,99
2013,11,AG,8,5
2013,11,AID,1,19
2013,11,AW,1,4
2013,11,BF,0,4
2013,11,Com,7,9
2013,11,Cou,1,4
2013,11,Cri,13,12
2013,11,Def,5,19
2013,11,Dru,5,12
2013,11,Eco,40,1
2013,11,Edu,16,6
2013,11,Foo,1,4
2013,11,Hou,9,14
2013,11,Inf,17,1
2013,11,LG,3,20
2013,11,Low,10,5
2013,11,Mor,8,20
2013,11,Nat,2,20
2013,11,NHS,24,3
2013,11,NI,0.25,19
2013,11,Nuc,1,19
2013,11,Pen,11,5
2013,11,Pet,7,1
2013,11,Pol,5,7
2013,11,Pou,1,1
2013,11,Pov,16,5
2013,11,Pri,3,1
2013,11,Pub,5,20
2013,11,Rac,35,9
2013,11,SWA,1,20
2013,11,Tax,4,1
2013,11,TU,1,1
2013,11,Tra,3,10
2013,11,Une,33,1
2013,11,Oth,8,99
2013,11,DK,11,99
2013,12,AG,7,5
2013,12,AID,0,19
2013,12,AW,1,4
2013,12,BF,0.25,4
2013,12,Com,6,9
2013,12,Cou,1,4
2013,12,Cri,15,12
2013,12,Def,4,19
2013,12,Dru,5,12
2013,12,Eco,39,1
2013,12,Edu,12,6
2013,12,Foo,0.25,4
2013,12,Hou,13,14
2013,12,Inf,17,1
2013,12,LG,3,20
2013,12,Low,12,5
2013,12,Mor,5,20
2013,12,Nat,2,20
2013,12,NHS,22,3
2013,12,NI,0.25,19
2013,12,Nuc,1,19
2013,12,Pen,10,5
2013,12,Pet,6,1
2013,12,Pol,7,7
2013,12,Pou,1,1
2013,12,Pov,14,5
2013,12,Pri,3,1
2013,12,Pub,5,20
2013,12,Rac,37,9
2013,12,SWA,3,20
2013,12,Tax,5,1
2013,12,TU,0.25,1
2013,12,Tra,4,10
2013,12,Une,29,1
2013,12,Oth,9,99
2013,12,DK,10,99
2014,1,AG,8,5
2014,1,AID,0.25,19
2014,1,AW,2,4
2014,1,BF,0.25,4
2014,1,Com,7,9
2014,1,Cou,2,4
2014,1,Cri,16,12
2014,1,Def,7,19
2014,1,Dru,6,12
2014,1,Eco,41,1
2014,1,Edu,15,6
2014,1,Foo,0.25,4
2014,1,Hou,11,14
2014,1,Inf,15,1
2014,1,LG,3,20
2014,1,Low,9,5
2014,1,Mor,9,20
2014,1,Nat,2,20
2014,1,NHS,27,3
2014,1,NI,0.25,19
2014,1,Nuc,1,19
2014,1,Pen,16,5
2014,1,Pet,6,1
2014,1,Pol,7,7
2014,1,Pou,1,1
2014,1,Pov,16,5
2014,1,Pri,2,1
2014,1,Pub,6,20
2014,1,Rac,41,9
2014,1,SWA,2,20
2014,1,Tax,7,1
2014,1,TU,1,1
2014,1,Tra,5,10
2014,1,Une,32,1
2014,1,Oth,7,99
2014,1,DK,10,99
2014,2,AG,9,5
2014,2,AID,1,19
2014,2,AW,2,4
2014,2,BF,0.25,4
2014,2,Com,6,9
2014,2,Cou,3,4
2014,2,Cri,16,12
2014,2,Def,8,19
2014,2,Dru,7,12
2014,2,Eco,39,1
2014,2,Edu,17,6
2014,2,Foo,1,4
2014,2,Hou,12,14
2014,2,Inf,13,1
2014,2,LG,3,20
2014,2,Low,11,5
2014,2,Mor,7,20
2014,2,Nat,2,20
2014,2,NHS,23,3
2014,2,NI,0.25,19
2014,2,Nuc,2,19
2014,2,Pen,12,5
2014,2,Pet,6,1
2014,2,Pol,10,7
2014,2,Pou,2,1
2014,2,Pov,15,5
2014,2,Pri,3,1
2014,2,Pub,6,20
2014,2,Rac,34,9
2014,2,SWA,5,20
2014,2,Tax,7,1
2014,2,TU,1,1
2014,2,Tra,4,10
2014,2,Une,29,1
2014,2,Oth,6,99
2014,2,DK,13,99
2014,3,AG,7,5
2014,3,AID,0.25,19
2014,3,AW,1,4
2014,3,BF,0.25,4
2014,3,Com,8,9
2014,3,Cou,1,4
2014,3,Cri,12,12
2014,3,Def,11,19
2014,3,Dru,6,12
2014,3,Eco,36,1
2014,3,Edu,15,6
2014,3,Foo,0.25,4
2014,3,Hou,11,14
2014,3,Inf,12,1
2014,3,LG,2,20
2014,3,Low,7,5
2014,3,Mor,7,20
2014,3,Nat,2,20
2014,3,NHS,24,3
2014,3,NI,1,19
2014,3,Nuc,1,19
2014,3,Pen,12,5
2014,3,Pet,4,1
2014,3,Pol,7,7
2014,3,Pou,0.25,1
2014,3,Pov,16,5
2014,3,Pri,2,1
2014,3,Pub,6,20
2014,3,Rac,35,9
2014,3,SWA,5,20
2014,3,Tax,5,1
2014,3,TU,0.25,1
2014,3,Tra,0.25,10
2014,3,Une,26,1
2014,3,Oth,4,99
2014,3,DK,14,99
2014,4,AG,7,5
2014,4,AID,0.25,19
2014,4,AW,1,4
2014,4,BF,0.25,4
2014,4,Com,9,9
2014,4,Cou,2,4
2014,4,Cri,14,12
2014,4,Def,9,19
2014,4,Dru,7,12
2014,4,Eco,36,1
2014,4,Edu,15,6
2014,4,Foo,0.25,4
2014,4,Hou,14,14
2014,4,Inf,15,1
2014,4,LG,3,20
2014,4,Low,10,5
2014,4,Mor,6,20
2014,4,Nat,2,20
2014,4,NHS,25,3
2014,4,NI,0.25,19
2014,4,Nuc,1,19
2014,4,Pen,10,5
2014,4,Pet,6,1
2014,4,Pol,8,7
2014,4,Pou,0.25,1
2014,4,Pov,15,5
2014,4,Pri,2,1
2014,4,Pub,5,20
2014,4,Rac,34,9
2014,4,SWA,5,20
2014,4,Tax,6,1
2014,4,TU,0.25,1
2014,4,Tra,4,10
2014,4,Une,31,1
2014,4,Oth,6,99
2014,4,DK,11,99
2014,5,AG,9,5
2014,5,AID,0.25,19
2014,5,AW,1,4
2014,5,BF,0.25,4
2014,5,Com,8,9
2014,5,Cou,1,4
2014,5,Cri,16,12
2014,5,Def,8,19
2014,5,Dru,6,12
2014,5,Eco,36,1
2014,5,Edu,17,6
2014,5,Foo,1,4
2014,5,Hou,14,14
2014,5,Inf,14,1
2014,5,LG,4,20
2014,5,Low,11,5
2014,5,Mor,9,20
2014,5,Nat,2,20
2014,5,NHS,27,3
2014,5,NI,0.25,19
2014,5,Nuc,1,19
2014,5,Pen,12,5
2014,5,Pet,6,1
2014,5,Pol,8,7
2014,5,Pou,1,1
2014,5,Pov,15,5
2014,5,Pri,2,1
2014,5,Pub,7,20
2014,5,Rac,34,9
2014,5,SWA,4,20
2014,5,Tax,7,1
2014,5,TU,1,1
2014,5,Tra,1,10
2014,5,Une,32,1
2014,5,Oth,7,99
2014,5,DK,11,99
2014,6,AG,10,5
2014,6,AID,1,19
2014,6,AW,1,4
2014,6,BF,0.25,4
2014,6,Com,12,9
2014,6,Cou,1,4
2014,6,Cri,11,12
2014,6,Def,7,19
2014,6,Dru,6,12
2014,6,Eco,33,1
2014,6,Edu,15,6
2014,6,Foo,0.25,4
2014,6,Hou,14,14
2014,6,Inf,11,1
2014,6,LG,2,20
2014,6,Low,8,5
2014,6,Mor,7,20
2014,6,Nat,2,20
2014,6,NHS,24,3
2014,6,NI,0,19
2014,6,Nuc,1,19
2014,6,Pen,11,5
2014,6,Pet,6,1
2014,6,Pol,7,7
2014,6,Pou,1,1
2014,6,Pov,16,5
2014,6,Pri,2,1
2014,6,Pub,6,20
2014,6,Rac,39,9
2014,6,SWA,4,20
2014,6,Tax,6,1
2014,6,TU,1,1
2014,6,Tra,4,10
2014,6,Une,28,1
2014,6,Oth,5,99
2014,6,DK,12,99
2014,7,AG,9,5
2014,7,AID,0.25,19
2014,7,AW,2,4
2014,7,BF,0.25,4
2014,7,Com,9,9
2014,7,Cou,1,4
2014,7,Cri,15,12
2014,7,Def,12,19
2014,7,Dru,6,12
2014,7,Eco,32,1
2014,7,Edu,13,6
2014,7,Foo,0.25,4
2014,7,Hou,15,14
2014,7,Inf,11,1
2014,7,LG,3,20
2014,7,Low,10,5
2014,7,Mor,8,20
2014,7,Nat,2,20
2014,7,NHS,27,3
2014,7,NI,0.25,19
2014,7,Nuc,1,19
2014,7,Pen,11,5
2014,7,Pet,4,1
2014,7,Pol,7,7
2014,7,Pou,1,1
2014,7,Pov,18,5
2014,7,Pri,2,1
2014,7,Pub,6,20
2014,7,Rac,36,9
2014,7,SWA,5,20
2014,7,Tax,5,1
2014,7,TU,1,1
2014,7,Tra,4,10
2014,7,Une,25,1
2014,7,Oth,7,99
2014,7,DK,11,99
2014,8,AG,9,5
2014,8,AID,1,19
2014,8,AW,2,4
2014,8,BF,1,4
2014,8,Com,7,9
2014,8,Cou,1,4
2014,8,Cri,14,12
2014,8,Def,14,19
2014,8,Dru,8,12
2014,8,Eco,32,1
2014,8,Edu,14,6
2014,8,Foo,1,4
2014,8,Hou,13,14
2014,8,Inf,11,1
2014,8,LG,4,20
2014,8,Low,11,5
2014,8,Mor,7,20
2014,8,Nat,2,20
2014,8,NHS,25,3
2014,8,NI,0.25,19
2014,8,Nuc,2,19
2014,8,Pen,13,5
2014,8,Pet,5,1
2014,8,Pol,6,7
2014,8,Pou,1,1
2014,8,Pov,13,5
2014,8,Pri,2,1
2014,8,Pub,5,20
2014,8,Rac,38,9
2014,8,SWA,4,20
2014,8,Tax,1,1
2014,8,TU,1,1
2014,8,Tra,4,10
2014,8,Une,26,1
2014,8,Oth,5,99
2014,8,DK,15,99
2014,10,AG,8,5
2014,10,AID,1,19
2014,10,AW,1,4
2014,10,BF,5,4
2014,10,Com,9,9
2014,10,Cou,1,4
2014,10,Cri,14,12
2014,10,Def,21,19
2014,10,Dru,6,12
2014,10,Eco,30,1
2014,10,Edu,12,6
2014,10,Foo,1,4
2014,10,Hou,10,14
2014,10,Inf,7,1
2014,10,LG,4,20
2014,10,Low,11,5
2014,10,Mor,7,20
2014,10,Nat,3,20
2014,10,NHS,34,3
2014,10,NI,0.25,19
2014,10,Nuc,2,19
2014,10,Pen,11,5
2014,10,Pet,2,1
2014,10,Pol,6,7
2014,10,Pou,0.25,1
2014,10,Pov,14,5
2014,10,Pri,1,1
2014,10,Pub,5,20
2014,10,Rac,45,9
2014,10,SWA,2,20
2014,10,Tax,5,1
2014,10,TU,2,1
2014,10,Tra,5,10
2014,10,Une,24,1
2014,10,Oth,5,99
2014,10,DK,13,99
2014,11,AG,10,5
2014,11,AID,0.25,19
2014,11,AW,1,4
2014,11,BF,2,4
2014,11,Com,12,9
2014,11,Cou,3,4
2014,11,Cri,13,12
2014,11,Def,16,19
2014,11,Dru,7,12
2014,11,Eco,33,1
2014,11,Edu,13,6
2014,11,Foo,0.25,4
2014,11,Hou,10,14
2014,11,Inf,9,1
2014,11,LG,3,20
2014,11,Low,11,5
2014,11,Mor,6,20
2014,11,Nat,2,20
2014,11,NHS,30,3
2014,11,NI,0.25,19
2014,11,Nuc,2,19
2014,11,Pen,10,5
2014,11,Pet,3,1
2014,11,Pol,7,7
2014,11,Pou,1,1
2014,11,Pov,15,5
2014,11,Pri,3,1
2014,11,Pub,6,20
2014,11,Rac,42,9
2014,11,SWA,2,20
2014,11,Tax,6,1
2014,11,TU,1,1
2014,11,Tra,4,10
2014,11,Une,22,1
2014,11,Oth,5,99
2014,11,DK,15,99
2014,12,AG,7,5
2014,12,AID,1,19
2014,12,AW,2,4
2014,12,BF,3,4
2014,12,Com,11,9
2014,12,Cou,2,4
2014,12,Cri,12,12
2014,12,Def,10,19
2014,12,Dru,8,12
2014,12,Eco,33,1
2014,12,Edu,13,6
2014,12,Foo,1,4
2014,12,Hou,11,14
2014,12,Inf,9,1
2014,12,LG,2,20
2014,12,Low,11,5
2014,12,Mor,5,20
2014,12,Nat,2,20
2014,12,NHS,33,3
2014,12,NI,0.25,19
2014,12,Nuc,1,19
2014,12,Pen,12,5
2014,12,Pet,4,1
2014,12,Pol,5,7
2014,12,Pou,1,1
2014,12,Pov,17,5
2014,12,Pri,2,1
2014,12,Pub,5,20
2014,12,Rac,47,9
2014,12,SWA,3,20
2014,12,Tax,8,1
2014,12,TU,1,1
2014,12,Tra,6,10
2014,12,Une,22,1
2014,12,Oth,7,99
2014,12,DK,14,99
2015,1,AG,8,5
2015,1,AID,0.25,19
2015,1,AW,1,4
2015,1,BF,0.25,4
2015,1,Com,9,9
2015,1,Cou,1,4
2015,1,Cri,12,12
2015,1,Def,14,19
2015,1,Dru,3,12
2015,1,Eco,33,1
2015,1,Edu,14,6
2015,1,Foo,0.25,4
2015,1,Hou,10,14
2015,1,Imm,34,9
2015,1,Inf,5,1
2015,1,LG,2,20
2015,1,Low,9,5
2015,1,Mor,5,20
2015,1,Nat,1,20
2015,1,NHS,45,3
2015,1,NI,0,19
2015,1,Nuc,1,19
2015,1,Pen,9,5
2015,1,Pet,2,1
2015,1,Pol,6,7
2015,1,Pou,0.25,1
2015,1,Pov,16,5
2015,1,Pri,2,1
2015,1,Pub,5,20
2015,1,Rac,4,9
2015,1,SWA,2,20
2015,1,Tax,5,1
2015,1,TU,0.25,1
2015,1,Tra,4,10
2015,1,Une,22,1
2015,1,Oth,8,99
2015,1,DK,14,99
2015,2,AG,10,5
2015,2,AID,1,19
2015,2,AW,2,4
2015,2,BF,0.25,4
2015,2,Com,8,9
2015,2,Cou,1,4
2015,2,Cri,11,12
2015,2,Def,15,19
2015,2,Dru,5,12
2015,2,Eco,30,1
2015,2,Edu,16,6
2015,2,Foo,1,4
2015,2,Hou,13,14
2015,2,Imm,34,9
2015,2,Inf,7,1
2015,2,LG,4,20
2015,2,Low,12,5
2015,2,Mor,5,20
2015,2,Nat,2,20
2015,2,NHS,41,3
2015,2,NI,0.25,19
2015,2,Nuc,2,19
2015,2,Pen,10,5
2015,2,Pet,1,1
2015,2,Pol,5,7
2015,2,Pou,1,1
2015,2,Pov,18,5
2015,2,Pri,3,1
2015,2,Pub,6,20
2015,2,Rac,4,9
2015,2,SWA,2,20
2015,2,Tax,8,1
2015,2,TU,1,1
2015,2,Tra,3,10
2015,2,Une,20,1
2015,2,Oth,7,99
2015,2,DK,13,99
2015,3,AG,8,5
2015,3,AID,0.25,19
2015,3,AW,1,4
2015,3,BF,0.25,4
2015,3,Com,7,9
2015,3,Cou,1,4
2015,3,Cri,12,12
2015,3,Def,16,19
2015,3,Dru,7,12
2015,3,Eco,28,1
2015,3,Edu,20,6
2015,3,Foo,0.25,4
2015,3,Hou,14,14
2015,3,Imm,45,9
2015,3,Inf,6,1
2015,3,LG,2,20
2015,3,Low,12,5
2015,3,Mor,6,20
2015,3,Nat,1,20
2015,3,NHS,38,3
2015,3,NI,0.25,19
2015,3,Nuc,1,19
2015,3,Pen,13,5
2015,3,Pet,3,1
2015,3,Pol,5,7
2015,3,Pou,1,1
2015,3,Pov,16,5
2015,3,Pri,3,1
2015,3,Pub,6,20
2015,3,Rac,5,9
2015,3,SWA,2,20
2015,3,Tax,7,1
2015,3,TU,0.25,1
2015,3,Tra,5,10
2015,3,Une,21,1
2015,3,Oth,7,99
2015,3,DK,11,99
2015,4,AG,7,5
2015,4,AID,0.25,19
2015,4,AW,1,4
2015,4,BF,0.25,4
2015,4,Com,7,9
2015,4,Cou,2,4
2015,4,Cri,10,12
2015,4,Def,13,19
2015,4,Dru,6,12
2015,4,Eco,36,1
2015,4,Edu,22,6
2015,4,Foo,0.25,4
2015,4,Hou,15,14
2015,4,Imm,36,9
2015,4,Inf,8,1
2015,4,LG,2,20
2015,4,Low,13,5
2015,4,Mor,4,20
2015,4,Nat,2,20
2015,4,NHS,47,3
2015,4,NI,0,19
2015,4,Nuc,2,19
2015,4,Pen,11,5
2015,4,Pet,2,1
2015,4,Pol,5,7
2015,4,Pou,1,1
2015,4,Pov,12,5
2015,4,Pri,3,1
2015,4,Pub,7,20
2015,4,Rac,4,9
2015,4,SWA,2,20
2015,4,Tax,7,1
2015,4,TU,1,1
2015,4,Tra,4,10
2015,4,Une,18,1
2015,4,Oth,6,99
2015,4,DK,11,99
2015,5,AG,7,5
2015,5,AID,1,19
2015,5,AW,1,4
2015,5,BF,0.25,4
2015,5,Com,9,9
2015,5,Cou,0.25,4
2015,5,Cri,10,12
2015,5,Def,8,19
2015,5,Dru,4,12
2015,5,Eco,36,1
2015,5,Edu,21,6
2015,5,Foo,0.25,4
2015,5,Hou,16,14
2015,5,Imm,40,9
2015,5,Inf,7,1
2015,5,LG,3,20
2015,5,Low,11,5
2015,5,Mor,4,20
2015,5,Nat,1,20
2015,5,NHS,44,3
2015,5,NI,0.25,19
2015,5,Nuc,2,19
2015,5,Pen,11,5
2015,5,Pet,2,1
2015,5,Pol,6,7
2015,5,Pou,1,1
2015,5,Pov,17,5
2015,5,Pri,2,1
2015,5,Pub,5,20
2015,5,Rac,3,9
2015,5,SWA,3,20
2015,5,Tax,8,1
2015,5,TU,0.25,1
2015,5,Tra,4,10
2015,5,Une,19,1
2015,5,Oth,4,99
2015,5,DK,8,99
2015,6,AG,8,5
2015,6,AID,0.25,19
2015,6,AW,1,4
2015,6,BF,0.25,4
2015,6,Com,13,9
2015,6,Cou,1,4
2015,6,Cri,9,12
2015,6,Def,10,19
2015,6,Dru,6,12
2015,6,Eco,26,1
2015,6,Edu,16,6
2015,6,Foo,0.25,4
2015,6,Hou,13,14
2015,6,Imm,45,9
2015,6,Inf,5,1
2015,6,LG,3,20
2015,6,Low,10,5
2015,6,Mor,6,20
2015,6,Nat,2,20
2015,6,NHS,40,3
2015,6,NI,0.25,19
2015,6,Nuc,2,19
2015,6,Pen,11,5
2015,6,Pet,2,1
2015,6,Pol,4,7
2015,6,Pou,1,1
2015,6,Pov,16,5
2015,6,Pri,2,1
2015,6,Pub,6,20
2015,6,Rac,3,9
2015,6,SWA,4,20
2015,6,Tax,5,1
2015,6,TU,1,1
2015,6,Tra,3,10
2015,6,Une,18,1
2015,6,Oth,7,99
2015,6,DK,14,99
2015,7,AG,9,5
2015,7,AID,0.25,19
2015,7,AW,1,4
2015,7,BF,1,4
2015,7,Com,11,9
2015,7,Cou,2,4
2015,7,Cri,11,12
2015,7,Def,22,19
2015,7,Dru,4,12
2015,7,Eco,27,1
2015,7,Edu,14,6
2015,7,Foo,0.25,4
2015,7,Hou,14,14
2015,7,Imm,42,9
2015,7,Inf,6,1
2015,7,LG,3,20
2015,7,Low,13,5
2015,7,Mor,5,20
2015,7,Nat,1,20
2015,7,NHS,32,3
2015,7,NI,0.25,19
2015,7,Nuc,1,19
2015,7,Pen,13,5
2015,7,Pet,2,1
2015,7,Pol,6,7
2015,7,Pou,0.25,1
2015,7,Pov,17,5
2015,7,Pri,2,1
2015,7,Pub,5,20
2015,7,Rac,0.25,9
2015,7,SWA,2,20
2015,7,Tax,6,1
2015,7,TU,1,1
2015,7,Tra,5,10
2015,7,Une,16,1
2015,7,Oth,6,99
2015,7,DK,13,99
2015,8,AG,9,5
2015,8,AID,0.25,19
2015,8,AW,3,4
2015,8,BF,0.25,4
2015,8,Com,8,9
2015,8,Cou,1,4
2015,8,Cri,13,12
2015,8,Def,13,19
2015,8,Dru,7,12
2015,8,Eco,27,1
2015,8,Edu,17,6
2015,8,Foo,0.25,4
2015,8,Hou,16,14
2015,8,Imm,50,9
2015,8,Inf,7,1
2015,8,LG,3,20
2015,8,Low,12,5
2015,8,Mor,4,20
2015,8,Nat,3,20
2015,8,NHS,37,3
2015,8,NI,0.25,19
2015,8,Nuc,3,19
2015,8,Pen,12,5
2015,8,Pet,2,1
2015,8,Pol,6,7
2015,8,Pou,1,1
2015,8,Pov,17,5
2015,8,Pri,2,1
2015,8,Pub,8,20
2015,8,Rac,5,9
2015,8,SWA,3,20
2015,8,Tax,8,1
2015,8,TU,1,1
2015,8,Tra,4,10
2015,8,Une,17,1
2015,8,Oth,6,99
2015,8,DK,8,99
2015,9,AG,8,5
2015,9,AID,0.25,19
2015,9,AW,1,4
2015,9,BF,0.25,4
2015,9,Com,8,9
2015,9,Cou,2,4
2015,9,Cri,11,12
2015,9,Def,12,19
2015,9,Dru,5,12
2015,9,Eco,25,1
2015,9,Edu,14,6
2015,9,Foo,0.25,4
2015,9,Hou,15,14
2015,9,Imm,56,9
2015,9,Inf,5,1
2015,9,LG,2,20
2015,9,Low,14,5
2015,9,Mor,5,20
2015,9,Nat,2,20
2015,9,NHS,36,3
2015,9,NI,0.25,19
2015,9,Nuc,2,19
2015,9,Pen,10,5
2015,9,Pet,2,1
2015,9,Pol,5,7
2015,9,Pou,0.25,1
2015,9,Pov,15,5
2015,9,Pri,3,1
2015,9,Pub,6,20
2015,9,Rac,5,9
2015,9,SWA,3,20
2015,9,Tax,7,1
2015,9,TU,2,1
2015,9,Tra,3,10
2015,9,Une,17,1
2015,9,Oth,5,99
2015,9,DK,11,99
2015,10,AG,7,5
2015,10,AID,0.25,19
2015,10,AW,1,4
2015,10,BF,0.25,4
2015,10,Com,10,9
2015,10,Cou,1,4
2015,10,Cri,14,12
2015,10,Def,14,19
2015,10,Dru,4,12
2015,10,Eco,26,1
2015,10,Edu,12,6
2015,10,Foo,0.25,4
2015,10,Hou,20,14
2015,10,Imm,52,9
2015,10,Inf,6,1
2015,10,LG,2,20
2015,10,Low,12,5
2015,10,Mor,4,20
2015,10,Nat,1,20
2015,10,NHS,37,3
2015,10,NI,0.25,19
2015,10,Nuc,2,19
2015,10,Pen,8,5
2015,10,Pet,1,1
2015,10,Pol,5,7
2015,10,Pou,1,1
2015,10,Pov,17,5
2015,10,Pri,1,1
2015,10,Pub,5,20
2015,10,Rac,4,9
2015,10,SWA,1,20
2015,10,Tax,6,1
2015,10,TU,1,1
2015,10,Tra,1,10
2015,10,Une,19,1
2015,10,Oth,5,99
2015,10,DK,10,99
2015,11,AG,11,5
2015,11,AID,1,19
2015,11,AW,1,4
2015,11,BF,0.25,4
2015,11,Com,11,9
2015,11,Cou,2,4
2015,11,Cri,14,12
2015,11,Def,13,19
2015,11,Dru,6,12
2015,11,Eco,27,1
2015,11,Edu,14,6
2015,11,Foo,0.25,4
2015,11,Hou,21,14
2015,11,Imm,49,9
2015,11,Inf,8,1
2015,11,LG,3,20
2015,11,Low,15,5
2015,11,Mor,5,20
2015,11,Nat,2,20
2015,11,NHS,34,3
2015,11,NI,0,19
2015,11,Nuc,2,19
2015,11,Pen,12,5
2015,11,Pet,3,1
2015,11,Pol,7,7
2015,11,Pou,1,1
2015,11,Pov,18,5
2015,11,Pri,2,1
2015,11,Pub,6,20
2015,11,Rac,4,9
2015,11,SWA,3,20
2015,11,Tax,8,1
2015,11,TU,2,1
2015,11,Tra,4,10
2015,11,Une,17,1
2015,11,Oth,5,99
2015,11,DK,12,99
2015,12,AG,10,5
2015,12,AID,0.25,19
2015,12,AW,1,4
2015,12,BF,0.25,4
2015,12,Com,5,9
2015,12,Cou,2,4
2015,12,Cri,9,12
2015,12,Def,42,19
2015,12,Dru,5,12
2015,12,Eco,26,1
2015,12,Edu,16,6
2015,12,Foo,1,4
2015,12,Hou,16,14
2015,12,Imm,40,9
2015,12,Inf,5,1
2015,12,LG,3,20
2015,12,Low,11,5
2015,12,Mor,6,20
2015,12,Nat,3,20
2015,12,NHS,34,3
2015,12,NI,0.25,19
2015,12,Nuc,3,19
2015,12,Pen,9,5
2015,12,Pet,2,1
2015,12,Pol,7,7
2015,12,Pou,1,1
2015,12,Pov,16,5
2015,12,Pri,2,1
2015,12,Pub,7,20
2015,12,Rac,5,9
2015,12,SWA,1,20
2015,12,Tax,5,1
2015,12,TU,1,1
2015,12,Tra,3,10
2015,12,Une,14,1
2015,12,Oth,5,99
2015,12,DK,13,99
2016,1,AG,9,5
2016,1,AID,0.25,19
2016,1,AW,1,4
2016,1,BF,0.25,4
2016,1,Com,16,19
2016,1,Cou,2,4
2016,1,Cri,10,12
2016,1,Def,23,19
2016,1,Dru,5,12
2016,1,Eco,26,1
2016,1,Edu,17,6
2016,1,Foo,0.25,4
2016,1,Hou,17,14
2016,1,Imm,46,9
2016,1,Inf,8,1
2016,1,Lac,0,20
2016,1,LG,3,20
2016,1,Low,12,5
2016,1,Mor,5,20
2016,1,Nat,2,20
2016,1,NHS,38,3
2016,1,NI,0.25,19
2016,1,Nuc,2,19
2016,1,Pen,10,5
2016,1,Pet,2,1
2016,1,Pol,10,7
2016,1,Pou,1,1
2016,1,Pov,17,5
2016,1,Pri,2,1
2016,1,Pub,6,20
2016,1,Rac,4,9
2016,1,SWA,1,20
2016,1,Tax,5,1
2016,1,TU,1,1
2016,1,Tra,5,10
2016,1,Une,15,1
2016,1,Oth,6,99
2016,1,DK,11,99
2016,2,AG,10,5
2016,2,AID,0.25,19
2016,2,AW,1,4
2016,2,BF,0.25,4
2016,2,Com,20,19
2016,2,Cou,1,4
2016,2,Cri,11,12
2016,2,Def,15,19
2016,2,Dru,5,12
2016,2,Eco,23,1
2016,2,Edu,16,6
2016,2,Foo,1,4
2016,2,Hou,17,14
2016,2,Imm,44,9
2016,2,Inf,5,1
2016,2,Lac,0,20
2016,2,LG,2,20
2016,2,Low,9,5
2016,2,Mor,5,20
2016,2,Nat,2,20
2016,2,NHS,38,3
2016,2,NI,0,19
2016,2,Nuc,2,19
2016,2,Pen,10,5
2016,2,Pet,1,1
2016,2,Pol,7,7
2016,2,Pou,1,1
2016,2,Pov,14,5
2016,2,Pri,2,1
2016,2,Pub,7,20
2016,2,Rac,3,9
2016,2,SWA,2,20
2016,2,Tax,6,1
2016,2,TU,1,1
2016,2,Tra,3,10
2016,2,Une,16,1
2016,2,Oth,5,99
2016,2,DK,13,99
2016,3,AG,8,5
2016,3,AID,0,19
2016,3,AW,1,4
2016,3,BF,0.25,4
2016,3,Com,23,19
2016,3,Cou,1,4
2016,3,Cri,8,12
2016,3,Def,14,19
2016,3,Dru,5,12
2016,3,Eco,25,1
2016,3,Edu,16,6
2016,3,Foo,0.25,4
2016,3,Hou,15,14
2016,3,Imm,46,9
2016,3,Inf,5,1
2016,3,Lac,0,20
2016,3,LG,3,20
2016,3,Low,8,5
2016,3,Mor,3,20
2016,3,Nat,2,20
2016,3,NHS,34,3
2016,3,NI,0.25,19
2016,3,Nuc,1,19
2016,3,Pen,10,5
2016,3,Pet,1,1
2016,3,Pol,6,7
2016,3,Pou,1,1
2016,3,Pov,15,5
2016,3,Pri,3,1
2016,3,Pub,5,20
2016,3,Rac,2,9
2016,3,SWA,2,20
2016,3,Tax,6,1
2016,3,TU,1,1
2016,3,Tra,4,10
2016,3,Une,15,1
2016,3,Oth,8,99
2016,3,DK,14,99
2016,4,AG,10,5
2016,4,AID,0.25,19
2016,4,AW,1,4
2016,4,BF,0.25,4
2016,4,Com,30,19
2016,4,Cou,2,4
2016,4,Cri,11,12
2016,4,Def,17,19
2016,4,Dru,6,12
2016,4,Eco,22,1
2016,4,Edu,18,6
2016,4,Foo,0.25,4
2016,4,Hou,16,14
2016,4,Imm,41,9
2016,4,Inf,4,1
2016,4,Lac,0,20
2016,4,LG,3,20
2016,4,Low,10,5
2016,4,Mor,5,20
2016,4,Nat,2,20
2016,4,NHS,39,3
2016,4,NI,0.25,19
2016,4,Nuc,3,19
2016,4,Pen,10,5
2016,4,Pet,3,1
2016,4,Pol,6,7
2016,4,Pou,1,1
2016,4,Pov,17,5
2016,4,Pri,3,1
2016,4,Pub,7,20
2016,4,Rac,4,9
2016,4,SWA,3,20
2016,4,Tax,7,1
2016,4,TU,1,1
2016,4,Tra,4,10
2016,4,Une,18,1
2016,4,Oth,6,99
2016,4,DK,13,99
2016,5,AG,8,5
2016,5,AID,0.25,19
2016,5,AW,1,4
2016,5,BF,1,4
2016,5,Com,28,19
2016,5,Cou,1,4
2016,5,Cri,8,12
2016,5,Def,17,19
2016,5,Dru,6,12
2016,5,Eco,23,1
2016,5,Edu,18,6
2016,5,Foo,0.25,4
2016,5,Hou,16,14
2016,5,Imm,38,9
2016,5,Inf,5,1
2016,5,Lac,0,20
2016,5,LG,2,20
2016,5,Low,6,5
2016,5,Mor,6,20
2016,5,Nat,3,20
2016,5,NHS,33,3
2016,5,NI,0.25,19
2016,5,Nuc,1,19
2016,5,Pen,7,5
2016,5,Pet,2,1
2016,5,Pol,6,7
2016,5,Pou,1,1
2016,5,Pov,14,5
2016,5,Pri,2,1
2016,5,Pub,4,20
2016,5,Rac,3,9
2016,5,SWA,2,20
2016,5,Tax,3,1
2016,5,TU,1,1
2016,5,Tra,2,10
2016,5,Une,15,1
2016,5,Oth,7,99
2016,5,DK,15,99
2016,6,AG,8,5
2016,6,AID,0.25,19
2016,6,AW,1,4
2016,6,BF,0.25,4
2016,6,Com,32,19
2016,6,Cou,2,4
2016,6,Cri,10,12
2016,6,Def,14,19
2016,6,Dru,4,12
2016,6,Eco,27,1
2016,6,Edu,17,6
2016,6,Foo,0.25,4
2016,6,Hou,18,14
2016,6,Imm,48,9
2016,6,Inf,4,1
2016,6,Lac,0,20
2016,6,LG,2,20
2016,6,Low,10,5
2016,6,Mor,5,20
2016,6,Nat,2,20
2016,6,NHS,37,3
2016,6,NI,0.25,19
2016,6,Nuc,2,19
2016,6,Pen,7,5
2016,6,Pet,2,1
2016,6,Pol,8,7
2016,6,Pou,1,1
2016,6,Pov,15,5
2016,6,Pri,2,1
2016,6,Pub,8,20
2016,6,Rac,4,9
2016,6,SWA,1,20
2016,6,Tax,5,1
2016,6,TU,1,1
2016,6,Tra,4,10
2016,6,Une,15,1
2016,6,Oth,7,99
2016,6,DK,12,99
2016,7,AG,8,5
2016,7,AID,0.25,19
2016,7,AW,1,4
2016,7,BF,0.25,4
2016,7,Com,40,19
2016,7,Cou,2,4
2016,7,Cri,9,12
2016,7,Def,10,19
2016,7,Dru,5,12
2016,7,Eco,34,1
2016,7,Edu,18,6
2016,7,Foo,0.25,4
2016,7,Hou,16,14
2016,7,Imm,38,9
2016,7,Inf,9,1
2016,7,Lac,0,20
2016,7,LG,3,20
2016,7,Low,9,5
2016,7,Mor,7,20
2016,7,Nat,3,20
2016,7,NHS,38,3
2016,7,NI,0.25,19
2016,7,Nuc,2,19
2016,7,Pen,8,5
2016,7,Pet,3,1
2016,7,Pol,6,7
2016,7,Pou,4,1
2016,7,Pov,15,5
2016,7,Pri,2,1
2016,7,Pub,8,20
2016,7,Rac,7,9
2016,7,SWA,4,20
2016,7,Tax,5,1
2016,7,TU,1,1
2016,7,Tra,6,10
2016,7,Une,17,1
2016,7,Oth,9,99
2016,7,DK,10,99
2016,8,AG,7,5
2016,8,AID,0.25,19
2016,8,AW,2,4
2016,8,BF,0.25,4
2016,8,Com,31,19
2016,8,Cou,2,4
2016,8,Cri,14,12
2016,8,Def,19,19
2016,8,Dru,6,12
2016,8,Eco,30,1
2016,8,Edu,14,6
2016,8,Foo,0.25,4
2016,8,Hou,22,14
2016,8,Imm,34,9
2016,8,Inf,5,1
2016,8,Lac,0,20
2016,8,LG,2,20
2016,8,Low,8,5
2016,8,Mor,3,20
2016,8,Nat,3,20
2016,8,NHS,31,3
2016,8,NI,0.25,19
2016,8,Nuc,2,19
2016,8,Pen,8,5
2016,8,Pet,2,1
2016,8,Pol,5,7
2016,8,Pou,3,1
2016,8,Pov,14,5
2016,8,Pri,2,1
2016,8,Pub,6,20
2016,8,Rac,6,9
2016,8,SWA,2,20
2016,8,Tax,2,1
2016,8,TU,1,1
2016,8,Tra,3,10
2016,8,Une,15,1
2016,8,Oth,9,99
2016,8,DK,12,99
2016,9,AG,8,5
2016,9,AID,1,19
2016,9,AW,2,4
2016,9,BF,1,4
2016,9,Com,35,19
2016,9,Cou,2,4
2016,9,Cri,13,12
2016,9,Def,11,19
2016,9,Dru,4,12
2016,9,Eco,25,1
2016,9,Edu,19,6
2016,9,Foo,0.25,4
2016,9,Hou,15,14
2016,9,Imm,39,9
2016,9,Inf,6,1
2016,9,Lac,0,20
2016,9,LG,2,20
2016,9,Low,7,5
2016,9,Mor,6,20
2016,9,Nat,1,20
2016,9,NHS,40,3
2016,9,NI,1,19
2016,9,Nuc,1,19
2016,9,Pen,8,5
2016,9,Pet,3,1
2016,9,Pol,7,7
2016,9,Pou,2,1
2016,9,Pov,16,5
2016,9,Pri,3,1
2016,9,Pub,7,20
2016,9,Rac,6,9
2016,9,SWA,2,20
2016,9,Tax,6,1
2016,9,TU,1,1
2016,9,Tra,5,10
2016,9,Une,16,1
2016,9,Oth,5,99
2016,9,DK,13,99
2016,10,AG,7,5
2016,10,AID,0.25,19
2016,10,AW,1,4
2016,10,BF,0.25,4
2016,10,Com,32,19
2016,10,Cou,2,4
2016,10,Cri,12,12
2016,10,Def,11,19
2016,10,Dru,5,12
2016,10,Eco,27,1
2016,10,Edu,19,6
2016,10,Foo,0.25,4
2016,10,Hou,18,14
2016,10,Imm,36,9
2016,10,Inf,6,1
2016,10,Lac,1,20
2016,10,LG,3,20
2016,10,Low,7,5
2016,10,Mor,6,20
2016,10,Nat,2,20
2016,10,NHS,36,3
2016,10,NI,0.25,19
2016,10,Nuc,3,19
2016,10,Pen,6,5
2016,10,Pet,3,1
2016,10,Pol,7,7
2016,10,Pou,3,1
2016,10,Pov,14,5
2016,10,Pri,2,1
2016,10,Pub,6,20
2016,10,Rac,6,9
2016,10,SWA,2,20
2016,10,Tax,4,1
2016,10,TU,2,1
2016,10,Tra,4,10
2016,10,Une,18,1
2016,10,Oth,2,99
2016,10,DK,12,99
2016,11,AG,6,5
2016,11,AID,0.25,19
2016,11,AW,1,4
2016,11,BF,0.25,4
2016,11,Com,39,19
2016,11,Cou,2,4
2016,11,Cri,11,12
2016,11,Def,13,19
2016,11,Dru,4,12
2016,11,Eco,26,1
2016,11,Edu,17,6
2016,11,Foo,0.25,4
2016,11,Hou,18,14
2016,11,Imm,35,9
2016,11,Inf,7,1
2016,11,Lac,7,20
2016,11,LG,3,20
2016,11,Low,9,5
2016,11,Mor,6,20
2016,11,Nat,2,20
2016,11,NHS,32,3
2016,11,NI,0.25,19
2016,11,Nuc,1,19
2016,11,Pen,7,5
2016,11,Pet,2,1
2016,11,Pol,8,7
2016,11,Pou,4,1
2016,11,Pov,14,5
2016,11,Pri,1,1
2016,11,Pub,5,20
2016,11,Rac,6,9
2016,11,SWA,2,20
2016,11,Tax,3,1
2016,11,TU,1,1
2016,11,Tra,4,10
2016,11,Une,14,1
2016,11,Oth,3,99
2016,11,DK,13,99
2016,12,AG,11,5
2016,12,AID,0.25,19
2016,12,AW,1,4
2016,12,BF,0.25,4
2016,12,Com,36,19
2016,12,Cou,1,4
2016,12,Cri,13,12
2016,12,Def,12,19
2016,12,Dru,6,12
2016,12,Eco,25,1
2016,12,Edu,18,6
2016,12,Foo,0.25,4
2016,12,Hou,19,14
2016,12,Imm,36,9
2016,12,Inf,8,1
2016,12,Lac,7,20
2016,12,LG,3,20
2016,12,Low,10,5
2016,12,Mor,4,20
2016,12,Nat,2,20
2016,12,NHS,40,3
2016,12,NI,0,19
2016,12,Nuc,2,19
2016,12,Pen,8,5
2016,12,Pet,2,1
2016,12,Pol,8,7
2016,12,Pou,4,1
2016,12,Pov,20,5
2016,12,Pri,3,1
2016,12,Pub,7,20
2016,12,Rac,7,9
2016,12,SWA,2,20
2016,12,Tax,5,1
2016,12,TU,3,1
2016,12,Tra,4,10
2016,12,Une,13,1
2016,12,Oth,5,99
2016,12,DK,11,99
2017,1,AG,11,5
2017,1,AID,0.25,19
2017,1,AW,2,4
2017,1,BF,0.25,4
2017,1,Com,41,19
2017,1,Cou,1,4
2017,1,Cri,9,12
2017,1,Def,11,19
2017,1,Dru,5,12
2017,1,Eco,22,1
2017,1,Edu,15,6
2017,1,Foo,0.25,4
2017,1,Hou,17,14
2017,1,Imm,31,9
2017,1,Inf,8,1
2017,1,Lac,6,20
2017,1,LG,2,20
2017,1,Low,7,5
2017,1,Mor,4,20
2017,1,Nat,2,20
2017,1,NHS,49,3
2017,1,NI,1,19
2017,1,Nuc,1,19
2017,1,Pen,6,5
2017,1,Pet,3,1
2017,1,Pol,6,7
2017,1,Pou,4,1
2017,1,Pov,14,5
2017,1,Pri,2,1
2017,1,Pub,7,20
2017,1,Rac,4,9
2017,1,SWA,2,20
2017,1,Tax,4,1
2017,1,TU,1,1
2017,1,Tra,5,10
2017,1,Une,16,1
2017,1,Oth,6,99
2017,1,DK,13,99
2017,2,AG,12,5
2017,2,AID,0.25,19
2017,2,AW,2,4
2017,2,BF,0.25,4
2017,2,Com,45,19
2017,2,Cou,2,4
2017,2,Cri,9,12
2017,2,Def,14,19
2017,2,Dru,5,12
2017,2,Eco,19,1
2017,2,Edu,15,6
2017,2,Foo,1,4
2017,2,Hou,16,14
2017,2,Imm,27,9
2017,2,Inf,6,1
2017,2,Lac,8,20
2017,2,LG,3,20
2017,2,Low,6,5
2017,2,Mor,4,20
2017,2,Nat,3,20
2017,2,NHS,52,3
2017,2,NI,0,19
2017,2,Nuc,1,19
2017,2,Pen,9,5
2017,2,Pet,2,1
2017,2,Pol,9,7
2017,2,Pou,4,1
2017,2,Pov,13,5
2017,2,Pri,2,1
2017,2,Pub,6,20
2017,2,Rac,6,9
2017,2,SWA,2,20
2017,2,Tax,4,1
2017,2,TU,1,1
2017,2,Tra,4,10
2017,2,Une,11,1
2017,2,Oth,3,99
2017,2,DK,13,99
2017,3,AG,10,5
2017,3,AID,0.25,19
2017,3,AW,1,4
2017,3,BF,0.25,4
2017,3,Com,51,19
2017,3,Cou,1,4
2017,3,Cri,8,12
2017,3,Def,8,19
2017,3,Dru,5,12
2017,3,Eco,19,1
2017,3,Edu,19,6
2017,3,Foo,0.25,4
2017,3,Hou,16,14
2017,3,Imm,26,9
2017,3,Inf,5,1
2017,3,Lac,6,20
2017,3,LG,3,20
2017,3,Low,6,5
2017,3,Mor,4,20
2017,3,Nat,2,20
2017,3,NHS,45,3
2017,3,NI,0.25,19
2017,3,Nuc,1,19
2017,3,Pen,5,5
2017,3,Pet,4,1
2017,3,Pol,6,7
2017,3,Pou,3,1
2017,3,Pov,10,5
2017,3,Pri,1,1
2017,3,Pub,6,20
2017,3,Rac,4,9
2017,3,SWA,5,20
2017,3,Tax,4,1
2017,3,TU,1,1
2017,3,Tra,4,10
2017,3,Une,13,1
2017,3,Oth,3,99
2017,3,DK,14,99
2017,4,AG,11,5
2017,4,AID,1,19
2017,4,AW,2,4
2017,4,BF,0.25,4
2017,4,Com,48,19
2017,4,Cou,2,4
2017,4,Cri,13,12
2017,4,Def,16,19
2017,4,Dru,6,12
2017,4,Eco,22,1
2017,4,Edu,20,6
2017,4,Foo,0,4
2017,4,Hou,16,14
2017,4,Imm,29,9
2017,4,Inf,8,1
2017,4,Lac,8,20
2017,4,LG,4,20
2017,4,Low,7,5
2017,4,Mor,4,20
2017,4,Nat,2,20
2017,4,NHS,48,3
2017,4,NI,1,19
2017,4,Nuc,1,19
2017,4,Pen,8,5
2017,4,Pet,3,1
2017,4,Pol,8,7
2017,4,Pou,3,1
2017,4,Pov,14,5
2017,4,Pri,3,1
2017,4,Pub,8,20
2017,4,Rac,5,9
2017,4,SWA,5,20
2017,4,Tax,6,1
2017,4,TU,1,1
2017,4,Tra,5,10
2017,4,Une,14,1
2017,4,Oth,4,99
2017,4,DK,12,99
2017,5,AG,12,5
2017,5,AID,0.25,19
2017,5,AW,2,4
2017,5,BF,0.25,4
2017,5,Com,45,19
2017,5,Cou,1,4
2017,5,Cri,10,12
2017,5,Def,10,19
2017,5,Dru,4,12
2017,5,Eco,20,1
2017,5,Edu,27,6
2017,5,Foo,0.25,4
2017,5,Hou,15,14
2017,5,Imm,25,9
2017,5,Inf,5,1
2017,5,Lac,4,20
2017,5,LG,2,20
2017,5,Low,7,5
2017,5,Mor,4,20
2017,5,Nat,2,20
2017,5,NHS,61,3
2017,5,NI,0.25,19
2017,5,Nuc,3,19
2017,5,Pen,9,5
2017,5,Pet,1,1
2017,5,Pol,9,7
2017,5,Pou,1,1
2017,5,Pov,15,5
2017,5,Pri,2,1
2017,5,Pub,9,20
2017,5,Rac,3,9
2017,5,SWA,2,20
2017,5,Tax,5,1
2017,5,TU,1,1
2017,5,Tra,4,10
2017,5,Une,12,1
2017,5,Oth,4,99
2017,5,DK,10,99
2017,6,AG,18,5
2017,6,AID,1,19
2017,6,AW,2,4
2017,6,BF,1,4
2017,6,Com,42,19
2017,6,Cou,2,4
2017,6,Cri,13,12
2017,6,Def,29,19
2017,6,Dru,5,12
2017,6,Eco,25,1
2017,6,Edu,27,6
2017,6,Foo,0.25,4
2017,6,Hou,17,14
2017,6,Imm,26,9
2017,6,Inf,7,1
2017,6,Lac,10,20
2017,6,LG,5,20
2017,6,Low,9,5
2017,6,Mor,5,20
2017,6,Nat,3,20
2017,6,NHS,54,3
2017,6,NI,1,19
2017,6,Nuc,3,19
2017,6,Pen,11,5
2017,6,Pet,3,1
2017,6,Pol,9,7
2017,6,Pou,3,1
2017,6,Pov,18,5
2017,6,Pri,4,1
2017,6,Pub,11,20
2017,6,Rac,7,9
2017,6,SWA,2,20
2017,6,Tax,7,1
2017,6,TU,1,1
2017,6,Tra,4,10
2017,6,Une,12,1
2017,6,Oth,3,99
2017,6,DK,10,99
2017,7,AG,14,5
2017,7,AID,0.25,19
2017,7,AW,2,4
2017,7,BF,0.25,4
2017,7,Com,41,19
2017,7,Cou,3,4
2017,7,Cri,14,12
2017,7,Def,19,19
2017,7,Dru,6,12
2017,7,Eco,25,1
2017,7,Edu,25,6
2017,7,Foo,0.25,4
2017,7,Hou,19,14
2017,7,Imm,28,9
2017,7,Inf,7,1
2017,7,Lac,11,20
2017,7,LG,3,20
2017,7,Low,11,5
2017,7,Mor,5,20
2017,7,Nat,4,20
2017,7,NHS,50,3
2017,7,NI,1,19
2017,7,Nuc,5,19
2017,7,Pen,10,5
2017,7,Pet,3,1
2017,7,Pol,10,7
2017,7,Pou,4,1
2017,7,Pov,17,5
2017,7,Pri,4,1
2017,7,Pub,12,20
2017,7,Rac,8,9
2017,7,SWA,2,20
2017,7,Tax,6,1
2017,7,TU,2,1
2017,7,Tra,6,10
2017,7,Une,14,1
2017,7,Oth,5,99
2017,7,DK,9,99
2017,8,AG,12,5
2017,8,AID,1,19
2017,8,AW,2,4
2017,8,BF,0.25,4
2017,8,Com,44,19
2017,8,Cou,3,4
2017,8,Cri,13,12
2017,8,Def,15,19
2017,8,Dru,6,12
2017,8,Eco,22,1
2017,8,Edu,23,6
2017,8,Foo,0.25,4
2017,8,Hou,16,14
2017,8,Imm,26,9
2017,8,Inf,9,1
2017,8,Lac,11,20
2017,8,LG,4,20
2017,8,Low,9,5
2017,8,Mor,5,20
2017,8,Nat,3,20
2017,8,NHS,48,3
2017,8,NI,1,19
2017,8,Nuc,3,19
2017,8,Pen,8,5
2017,8,Pet,3,1
2017,8,Pol,12,7
2017,8,Pou,4,1
2017,8,Pov,15,5
2017,8,Pri,4,1
2017,8,Pub,9,20
2017,8,Rac,5,9
2017,8,SWA,2,20
2017,8,Tax,6,1
2017,8,TU,2,1
2017,8,Tra,5,10
2017,8,Une,12,1
2017,8,Oth,5,99
2017,8,DK,14,99
2017,9,AG,12,5
2017,9,AID,1,19
2017,9,AW,2,4
2017,9,BF,1,4
2017,9,Com,46,19
2017,9,Cou,2,4
2017,9,Cri,12,12
2017,9,Def,16,19
2017,9,Dru,8,12
2017,9,Eco,18,1
2017,9,Edu,20,6
2017,9,Foo,1,4
2017,9,Hou,16,14
2017,9,Imm,26,9
2017,9,Inf,6,1
2017,9,Lac,6,20
2017,9,LG,2,20
2017,9,Low,7,5
2017,9,Mor,5,20
2017,9,Nat,1,20
2017,9,NHS,40,3
2017,9,NI,0.25,19
2017,9,Nuc,5,19
2017,9,Pen,8,5
2017,9,Pet,3,1
2017,9,Pol,9,7
2017,9,Pou,4,1
2017,9,Pov,15,5
2017,9,Pri,2,1
2017,9,Pub,10,20
2017,9,Rac,5,9
2017,9,SWA,1,20
2017,9,Tax,4,1
2017,9,TU,2,1
2017,9,Tra,4,10
2017,9,Une,11,1
2017,9,Oth,3,99
2017,9,DK,14,99
2017,10,AG,10,5
2017,10,AID,0.25,19
2017,10,AW,1,4
2017,10,BF,0.25,4
2017,10,Com,49,19
2017,10,Cou,2,4
2017,10,Cri,15,12
2017,10,Def,18,19
2017,10,Dru,5,12
2017,10,Eco,19,1
2017,10,Edu,21,6
2017,10,Foo,0.25,4
2017,10,Hou,18,14
2017,10,Imm,25,9
2017,10,Inf,9,1
2017,10,Lac,8,20
2017,10,LG,3,20
2017,10,Low,8,5
2017,10,Mor,4,20
2017,10,Nat,2,20
2017,10,NHS,42,3
2017,10,NI,0.25,19
2017,10,Nuc,3,19
2017,10,Pen,8,5
2017,10,Pet,3,1
2017,10,Pol,7,7
2017,10,Pou,4,1
2017,10,Pov,13,5
2017,10,Pri,2,1
2017,10,Pub,7,20
2017,10,Rac,4,9
2017,10,SWA,1,20
2017,10,Tax,5,1
2017,10,TU,2,1
2017,10,Tra,3,10
2017,10,Une,12,1
2017,10,Oth,4,99
2017,10,DK,13,99
2017,11,AG,9,5
2017,11,AID,0.25,19
2017,11,AW,2,4
2017,11,BF,0.25,4
2017,11,Com,46,19
2017,11,Cou,2,4
2017,11,Cri,14,12
2017,11,Def,16,19
2017,11,Dru,6,12
2017,11,Eco,21,1
2017,11,Edu,21,6
2017,11,Foo,0.25,4
2017,11,Hou,19,14
2017,11,Imm,24,9
2017,11,Inf,9,1
2017,11,Lac,8,20
2017,11,LG,3,20
2017,11,Low,9,5
2017,11,Mor,6,20
2017,11,Nat,2,20
2017,11,NHS,39,3
2017,11,NI,0.25,19
2017,11,Nuc,2,19
2017,11,Pen,8,5
2017,11,Pet,3,1
2017,11,Pol,7,7
2017,11,Pou,4,1
2017,11,Pov,15,5
2017,11,Pri,2,1
2017,11,Pub,10,20
2017,11,Rac,4,9
2017,11,SWA,1,20
2017,11,Tax,7,1
2017,11,TU,0.25,1
2017,11,Tra,4,10
2017,11,Une,11,1
2017,11,Oth,3,99
2017,11,DK,14,99
2017,12,AG,12,5
2017,12,AID,0.25,19
2017,12,AW,2,4
2017,12,BF,1,4
2017,12,Com,51,19
2017,12,Cou,3,4
2017,12,Cri,12,12
2017,12,Def,13,19
2017,12,Dru,5,12
2017,12,Eco,20,1
2017,12,Edu,22,6
2017,12,Foo,0.25,4
2017,12,Hou,21,14
2017,12,Imm,21,9
2017,12,Inf,7,1
2017,12,Lac,10,20
2017,12,LG,3,20
2017,12,Low,9,5
2017,12,Mor,6,20
2017,12,Nat,2,20
2017,12,NHS,45,3
2017,12,NI,0.25,19
2017,12,Nuc,2,19
2017,12,Pen,8,5
2017,12,Pet,3,1
2017,12,Pol,9,7
2017,12,Pou,3,1
2017,12,Pov,19,5
2017,12,Pri,3,1
2017,12,Pub,8,20
2017,12,Rac,5,9
2017,12,SWA,2,20
2017,12,Tax,4,1
2017,12,TU,1,1
2017,12,Tra,5,10
2017,12,Une,12,1
2017,12,Oth,2,99
2017,12,DK,9,99
2018,1,AG,14,5
2018,1,AID,0.25,19
2018,1,AW,3,4
2018,1,BF,0.25,4
2018,1,Com,46,19
2018,1,Cou,2,4
2018,1,Cri,14,12
2018,1,Def,12,19
2018,1,Dru,6,12
2018,1,Eco,17,1
2018,1,Edu,19,6
2018,1,Foo,0.25,4
2018,1,Hou,20,14
2018,1,Imm,20,9
2018,1,Inf,6,1
2018,1,Lac,10,20
2018,1,LG,4,20
2018,1,Low,8,5
2018,1,Mor,6,20
2018,1,Nat,2,20
2018,1,NHS,55,3
2018,1,NI,1,19
2018,1,Nuc,2,19
2018,1,Pen,9,5
2018,1,Pet,2,1
2018,1,Pol,10,7
2018,1,Pou,3,1
2018,1,Pov,19,5
2018,1,Pri,3,1
2018,1,Pub,10,20
2018,1,Rac,5,9
2018,1,SWA,1,20
2018,1,Tax,5,1
2018,1,TU,1,1
2018,1,Tra,5,10
2018,1,Une,10,1
2018,1,Oth,3,99
2018,1,DK,12,99
2018,2,AG,13,5
2018,2,AID,0.25,19
2018,2,AW,2,4
2018,2,BF,1,4
2018,2,Com,52,19
2018,2,Cou,2,4
2018,2,Cri,14,12
2018,2,Def,12,19
2018,2,Dru,8,12
2018,2,Eco,19,1
2018,2,Edu,22,6
2018,2,Foo,1,4
2018,2,Hou,19,14
2018,2,Imm,22,9
2018,2,Inf,6,1
2018,2,Lac,10,20
2018,2,LG,4,20
2018,2,Low,11,5
2018,2,Mor,6,20
2018,2,Nat,2,20
2018,2,NHS,54,3
2018,2,NI,1,19
2018,2,Nuc,3,19
2018,2,Pen,8,5
2018,2,Pet,3,1
2018,2,Pol,9,7
2018,2,Pou,3,1
2018,2,Pov,17,5
2018,2,Pri,3,1
2018,2,Pub,8,20
2018,2,Rac,6,9
2018,2,SWA,1,20
2018,2,Tax,4,1
2018,2,TU,1,1
2018,2,Tra,5,10
2018,2,Une,10,1
2018,2,Oth,4,99
2018,2,DK,11,99
2018,3,AG,10,5
2018,3,AID,0.25,19
2018,3,AW,2,4
2018,3,BF,1,4
2018,3,Com,47,19
2018,3,Cou,2,4
2018,3,Cri,15,12
2018,3,Def,14,19
2018,3,Dru,7,12
2018,3,Eco,22,1
2018,3,Edu,22,6
2018,3,Foo,1,4
2018,3,Hou,22,14
2018,3,Imm,20,9
2018,3,Inf,9,1
2018,3,Lac,9,20
2018,3,LG,4,20
2018,3,Low,9,5
2018,3,Mor,5,20
2018,3,Nat,2,20
2018,3,NHS,46,3
2018,3,NI,1,19
2018,3,Nuc,3,19
2018,3,Pen,8,5
2018,3,Pet,2,1
2018,3,Pol,10,7
2018,3,Pou,2,1
2018,3,Pov,17,5
2018,3,Pri,3,1
2018,3,Pub,11,20
2018,3,Rac,6,9
2018,3,SWA,2,20
2018,3,Tax,5,1
2018,3,TU,1,1
2018,3,Tra,5,10
2018,3,Une,13,1
2018,3,Oth,4,99
2018,3,DK,11,99
2018,4,AG,10,5
2018,4,AID,0.25,19
2018,4,AW,2,4
2018,4,BF,0.25,4
2018,4,Com,41,19
2018,4,Cou,2,4
2018,4,Cri,23,12
2018,4,Def,18,19
2018,4,Dru,5,12
2018,4,Eco,17,1
2018,4,Edu,19,6
2018,4,Foo,1,4
2018,4,Hou,17,14
2018,4,Imm,19,9
2018,4,Inf,6,1
2018,4,Lac,10,20
2018,4,LG,5,20
2018,4,Low,7,5
2018,4,Mor,4,20
2018,4,Nat,3,20
2018,4,NHS,46,3
2018,4,NI,0.25,19
2018,4,Nuc,3,19
2018,4,Pen,6,5
2018,4,Pet,3,1
2018,4,Pol,7,7
2018,4,Pou,1,1
2018,4,Pov,15,5
2018,4,Pri,2,1
2018,4,Pub,10,20
2018,4,Rac,5,9
2018,4,SWA,1,20
2018,4,Tax,4,1
2018,4,TU,1,1
2018,4,Tra,4,10
2018,4,Une,11,1
2018,4,Oth,5,99
2018,4,DK,13,99
2018,5,AG,12,5
2018,5,AID,1,19
2018,5,AW,3,4
2018,5,BF,1,4
2018,5,Com,42,19
2018,5,Cou,1,4
2018,5,Cri,23,12
2018,5,Def,11,19
2018,5,Dru,8,12
2018,5,Eco,19,1
2018,5,Edu,18,6
2018,5,Foo,0.25,4
2018,5,Hou,18,14
2018,5,Imm,21,9
2018,5,Inf,7,1
2018,5,Lac,8,20
2018,5,LG,4,20
2018,5,Low,9,5
2018,5,Mor,6,20
2018,5,Nat,3,20
2018,5,NHS,49,3
2018,5,NI,1,19
2018,5,Nuc,2,19
2018,5,Pen,5,5
2018,5,Pet,5,1
2018,5,Pol,9,7
2018,5,Pou,2,1
2018,5,Pov,16,5
2018,5,Pri,2,1
2018,5,Pub,8,20
2018,5,Rac,7,9
2018,5,SWA,1,20
2018,5,Tax,4,1
2018,5,TU,1,1
2018,5,Tra,4,10
2018,5,Une,10,1
2018,5,Oth,6,99
2018,5,DK,12,99
2018,6,AG,10,5
2018,6,AID,1,19
2018,6,AW,3,4
2018,6,BF,0.25,4
2018,6,Com,46,19
2018,6,Cou,5,4
2018,6,Cri,20,12
2018,6,Def,14,19
2018,6,Dru,7,12
2018,6,Eco,17,1
2018,6,Edu,19,6
2018,6,Foo,1,4
2018,6,Hou,19,14
2018,6,Imm,20,9
2018,6,Inf,6,1
2018,6,Lac,9,20
2018,6,LG,4,20
2018,6,Low,10,5
2018,6,Mor,5,20
2018,6,Nat,3,20
2018,6,NHS,44,3
2018,6,NI,1,19
2018,6,Nuc,3,19
2018,6,Pen,6,5
2018,6,Pet,5,1
2018,6,Pol,11,7
2018,6,Pou,3,1
2018,6,Pov,19,5
2018,6,Pri,3,1
2018,6,Pub,9,20
2018,6,Rac,6,9
2018,6,SWA,2,20
2018,6,Tax,5,1
2018,6,TU,1,1
2018,6,Tra,7,10
2018,6,Une,12,1
2018,6,Oth,6,99
2018,6,DK,17,99
2018,7,AG,9,5
2018,7,AID,1,19
2018,7,AW,3,4
2018,7,BF,0.25,4
2018,7,Com,58,19
2018,7,Cou,3,4
2018,7,Cri,18,12
2018,7,Def,11,19
2018,7,Dru,7,12
2018,7,Eco,16,1
2018,7,Edu,18,6
2018,7,Foo,1,4
2018,7,Hou,17,14
2018,7,Imm,19,9
2018,7,Inf,6,1
2018,7,Lac,10,20
2018,7,LG,3,20
2018,7,Low,6,5
2018,7,Mor,2,20
2018,7,Nat,2,20
2018,7,NHS,46,3
2018,7,NI,1,19
2018,7,Nuc,2,19
2018,7,Pen,6,5
2018,7,Pet,3,1
2018,7,Pol,10,7
2018,7,Pou,2,1
2018,7,Pov,14,5
2018,7,Pri,3,1
2018,7,Pub,8,20
2018,7,Rac,5,9
2018,7,SWA,1,20
2018,7,Tax,4,1
2018,7,TU,1,1
2018,7,Tra,5,10
2018,7,Une,9,1
2018,7,Oth,5,99
2018,7,DK,15,99
2018,8,AG,10,5
2018,8,AID,0.25,19
2018,8,AW,2,4
2018,8,BF,0.25,4
2018,8,Com,57,19
2018,8,Cou,2,4
2018,8,Cri,18,12
2018,8,Def,10,19
2018,8,Dru,8,12
2018,8,Eco,17,1
2018,8,Edu,15,6
2018,8,Foo,0.25,4
2018,8,Hou,18,14
2018,8,Imm,20,9
2018,8,Inf,7,1
2018,8,Lac,12,20
2018,8,LG,4,20
2018,8,Low,7,5
2018,8,Mor,5,20
2018,8,Nat,3,20
2018,8,NHS,40,3
2018,8,NI,0.25,19
2018,8,Nuc,1,19
2018,8,Pen,5,5
2018,8,Pet,6,1
2018,8,Pol,11,7
2018,8,Pou,3,1
2018,8,Pov,14,5
2018,8,Pri,3,1
2018,8,Pub,9,20
2018,8,Rac,4,9
2018,8,SWA,2,20
2018,8,Tax,3,1
2018,8,TU,1,1
2018,8,Tra,5,10
2018,8,Une,8,1
2018,8,Oth,5,99
2018,8,DK,18,99
2018,9,AG,10,5
2018,9,AID,0,19
2018,9,AW,2,4
2018,9,BF,0.25,4
2018,9,Com,59,19
2018,9,Cou,2,4
2018,9,Cri,18,12
2018,9,Def,11,19
2018,9,Dru,9,12
2018,9,Eco,17,1
2018,9,Edu,16,6
2018,9,Foo,0.25,4
2018,9,Hou,16,14
2018,9,Imm,21,9
2018,9,Inf,7,1
2018,9,Lac,9,20
2018,9,LG,3,20
2018,9,Low,6,5
2018,9,Mor,6,20
2018,9,Nat,2,20
2018,9,NHS,39,3
2018,9,NI,0.25,19
2018,9,Nuc,1,19
2018,9,Pen,6,5
2018,9,Pet,4,1
2018,9,Pol,10,7
2018,9,Pou,3,1
2018,9,Pov,14,5
2018,9,Pri,2,1
2018,9,Pub,9,20
2018,9,Rac,4,9
2018,9,SWA,1,20
2018,9,Tax,5,1
2018,9,TU,1,1
2018,9,Tra,5,10
2018,9,Une,9,1
2018,9,Oth,2,99
2018,9,DK,14,99
2018,10,AG,10,5
2018,10,AID,0.25,19
2018,10,AW,3,4
2018,10,BF,1,4
2018,10,Com,59,19
2018,10,Cou,2,4
2018,10,Cri,16,12
2018,10,Def,9,19
2018,10,Dru,6,12
2018,10,Eco,18,1
2018,10,Edu,18,6
2018,10,Foo,1,4
2018,10,Hou,16,14
2018,10,Imm,17,9
2018,10,Inf,6,1
2018,10,Lac,8,20
2018,10,LG,3,20
2018,10,Low,7,5
2018,10,Mor,5,20
2018,10,Nat,2,20
2018,10,NHS,41,3
2018,10,NI,1,19
2018,10,Nuc,2,19
2018,10,Pen,7,5
2018,10,Pet,3,1
2018,10,Pol,13,7
2018,10,Pou,2,1
2018,10,Pov,16,5
2018,10,Pri,2,1
2018,10,Pub,8,20
2018,10,Rac,6,9
2018,10,SWA,1,20
2018,10,Tax,5,1
2018,10,TU,1,1
2018,10,Tra,5,10
2018,10,Une,10,1
2018,10,Oth,5,99
2018,10,DK,17,99
2018,11,AG,9,5
2018,11,AID,0.25,19
2018,11,AW,2,4
2018,11,BF,0.25,4
2018,11,Com,62,19
2018,11,Cou,1,4
2018,11,Cri,26,12
2018,11,Def,8,19
2018,11,Dru,9,12
2018,11,Eco,18,1
2018,11,Edu,17,6
2018,11,Foo,0.25,4
2018,11,Hou,17,14
2018,11,Imm,16,9
2018,11,Inf,7,1
2018,11,Lac,7,20
2018,11,LG,3,20
2018,11,Low,7,5
2018,11,Mor,4,20
2018,11,Nat,2,20
2018,11,NHS,38,3
2018,11,NI,1,19
2018,11,Nuc,2,19
2018,11,Pen,7,5
2018,11,Pet,4,1
2018,11,Pol,13,7
2018,11,Pou,1,1
2018,11,Pov,17,5
2018,11,Pri,2,1
2018,11,Pub,8,20
2018,11,Rac,5,9
2018,11,SWA,2,20
2018,11,Tax,6,1
2018,11,TU,1,1
2018,11,Tra,4,10
2018,11,Une,11,1
2018,11,Oth,4,99
2018,11,DK,13,99
2018,12,AG,12,5
2018,12,AID,0.25,19
2018,12,AW,2,4
2018,12,BF,0.25,4
2018,12,Com,67,19
2018,12,Cou,2,4
2018,12,Cri,20,12
2018,12,Def,9,19
2018,12,Dru,7,12
2018,12,Eco,17,1
2018,12,Edu,17,6
2018,12,Foo,0.25,4
2018,12,Hou,19,14
2018,12,Imm,16,9
2018,12,Inf,5,1
2018,12,Lac,11,20
2018,12,LG,4,20
2018,12,Low,6,5
2018,12,Mor,3,20
2018,12,Nat,2,20
2018,12,NHS,42,3
2018,12,NI,1,19
2018,12,Nuc,1,19
2018,12,Pen,8,5
2018,12,Pet,3,1
2018,12,Pol,13,7
2018,12,Pou,1,1
2018,12,Pov,21,5
2018,12,Pri,1,1
2018,12,Pub,10,20
2018,12,Rac,6,9
2018,12,SWA,2,20
2018,12,Tax,4,1
2018,12,TU,1,1
2018,12,Tra,6,10
2018,12,Une,7,1
2018,12,Oth,5,99
2018,12,DK,14,99
2019,1,AG,9,5
2019,1,AID,0.25,19
2019,1,AW,3,4
2019,1,BF,0.25,4
2019,1,Com,63,19
2019,1,Cou,2,4
2019,1,Cri,17,12
2019,1,Def,6,19
2019,1,Dru,7,12
2019,1,Eco,17,1
2019,1,Edu,21,6
2019,1,Foo,1,4
2019,1,Hou,19,14
2019,1,Imm,19,9
2019,1,Inf,6,1
2019,1,Lac,11,20
2019,1,LG,4,20
2019,1,Low,9,5
2019,1,Mor,4,20
2019,1,Nat,1,20
2019,1,NHS,44,3
2019,1,NI,1,19
2019,1,Nuc,2,19
2019,1,Pen,9,5
2019,1,Pet,4,1
2019,1,Pol,12,7
2019,1,Pou,2,1
2019,1,Pov,20,5
2019,1,Pri,3,1
2019,1,Pub,9,20
2019,1,Rac,4,9
2019,1,SWA,1,20
2019,1,Tax,4,1
2019,1,TU,1,1
2019,1,Tra,6,10
2019,1,Une,10,1
2019,1,Oth,5,99
2019,1,DK,15,99
2019,2,AG,10,5
2019,2,AID,0.25,19
2019,2,AW,3,4
2019,2,BF,0.25,4
2019,2,Com,71,19
2019,2,Cou,2,4
2019,2,Cri,21,12
2019,2,Def,6,19
2019,2,Dru,8,12
2019,2,Eco,19,1
2019,2,Edu,21,6
2019,2,Foo,0.25,4
2019,2,Hou,20,14
2019,2,Imm,15,9
2019,2,Inf,4,1
2019,2,Lac,14,20
2019,2,LG,4,20
2019,2,Low,7,5
2019,2,Mor,6,20
2019,2,Nat,3,20
2019,2,NHS,41,3
2019,2,NI,1,19
2019,2,Nuc,3,19
2019,2,Pen,7,5
2019,2,Pet,3,1
2019,2,Pol,15,7
2019,2,Pou,3,1
2019,2,Pov,21,5
2019,2,Pri,3,1
2019,2,Pub,13,20
2019,2,Rac,7,9
2019,2,SWA,2,20
2019,2,Tax,4,1
2019,2,TU,0.25,1
2019,2,Tra,6,10
2019,2,Une,8,1
2019,2,Oth,6,99
2019,2,DK,15,99
2019,3,AG,9,5
2019,3,AID,0.25,19
2019,3,AW,2,4
2019,3,BF,0.25,4
2019,3,Com,68,19
2019,3,Cou,2,4
2019,3,Cri,29,12
2019,3,Def,8,19
2019,3,Dru,7,12
2019,3,Eco,18,1
2019,3,Edu,17,6
2019,3,Foo,1,4
2019,3,Hou,18,14
2019,3,Imm,21,9
2019,3,Inf,5,1
2019,3,Lac,13,20
2019,3,LG,3,20
2019,3,Low,6,5
2019,3,Mor,6,20
2019,3,Nat,2,20
2019,3,NHS,32,3
2019,3,NI,1,19
2019,3,Nuc,1,19
2019,3,Pen,7,5
2019,3,Pet,3,1
2019,3,Pol,13,7
2019,3,Pou,3,1
2019,3,Pov,17,5
2019,3,Pri,2,1
2019,3,Pub,11,20
2019,3,Rac,6,9
2019,3,SWA,2,20
2019,3,Tax,5,1
2019,3,TU,1,1
2019,3,Tra,4,10
2019,3,Une,8,1
2019,3,Oth,6,99
2019,3,DK,13,99
2019,4,AG,9,5
2019,4,AID,0.25,19
2019,4,AW,1,4
2019,4,BF,0.25,4
2019,4,Com,72,19
2019,4,Cou,2,4
2019,4,Cri,27,12
2019,4,Def,5,19
2019,4,Dru,7,12
2019,4,Eco,18,1
2019,4,Edu,23,6
2019,4,Foo,0.25,4
2019,4,Hou,18,14
2019,4,Imm,11,9
2019,4,Inf,4,1
2019,4,Lac,14,20
2019,4,LG,4,20
2019,4,Low,8,5
2019,4,Mor,5,20
2019,4,Nat,2,20
2019,4,NHS,37,3
2019,4,NI,1,19
2019,4,Nuc,2,19
2019,4,Pen,8,5
2019,4,Pet,2,1
2019,4,Pol,14,7
2019,4,Pou,1,1
2019,4,Pov,20,5
2019,4,Pri,3,1
2019,4,Pub,8,20
2019,4,Rac,5,9
2019,4,SWA,1,20
2019,4,Tax,4,1
2019,4,TU,1,1
2019,4,Tra,4,10
2019,4,Une,8,1
2019,4,Oth,4,99
2019,4,DK,14,99
2019,5,AG,9,5
2019,5,AID,0.25,19
2019,5,AW,3,4
2019,5,BF,0.25,4
2019,5,Com,66,19
2019,5,Cou,3,4
2019,5,Cri,24,12
2019,5,Def,7,19
2019,5,Dru,9,12
2019,5,Eco,17,1
2019,5,Edu,21,6
2019,5,Foo,0.25,4
2019,5,Hou,19,14
2019,5,Imm,13,9
2019,5,Inf,5,1
2019,5,Lac,13,20
2019,5,LG,5,20
2019,5,Low,7,5
2019,5,Mor,6,20
2019,5,Nat,1,20
2019,5,NHS,41,3
2019,5,NI,1,19
2019,5,Nuc,2,19
2019,5,Pen,6,5
2019,5,Pet,3,1
2019,5,Pol,20,7
2019,5,Pou,2,1
2019,5,Pov,20,5
2019,5,Pri,3,1
2019,5,Pub,9,20
2019,5,Rac,6,9
2019,5,SWA,1,20
2019,5,Tax,4,1
2019,5,TU,1,1
2019,5,Tra,4,10
2019,5,Une,10,1
2019,5,Oth,4,99
2019,5,DK,14,99
2019,6,AG,10,5
2019,6,AID,0.25,19
2019,6,AW,2,4
2019,6,BF,0.25,4
2019,6,Com,65,19
2019,6,Cou,2,4
2019,6,Cri,22,12
2019,6,Def,9,19
2019,6,Dru,8,12
2019,6,Eco,18,1
2019,6,Edu,21,6
2019,6,Foo,1,4
2019,6,Hou,16,14
2019,6,Imm,14,9
2019,6,Inf,6,1
2019,6,Lac,14,20
2019,6,LG,4,20
2019,6,Low,8,5
2019,6,Mor,4,20
2019,6,Nat,3,20
2019,6,NHS,41,3
2019,6,NI,1,19
2019,6,Nuc,2,19
2019,6,Pen,6,5
2019,6,Pet,3,1
2019,6,Pol,20,7
2019,6,Pou,2,1
2019,6,Pov,18,5
2019,6,Pri,2,1
2019,6,Pub,9,20
2019,6,Rac,5,9
2019,6,SWA,1,20
2019,6,Tax,5,1
2019,6,TU,1,1
2019,6,Tra,5,10
2019,6,Une,11,1
2019,6,Oth,7,99
2019,6,DK,13,99
2019,7,AG,9,5
2019,7,AID,0.25,19
2019,7,AW,2,4
2019,7,BF,0.25,4
2019,7,Com,60,19
2019,7,Cou,3,4
2019,7,Cri,25,12
2019,7,Def,7,19
2019,7,Dru,11,12
2019,7,Eco,16,1
2019,7,Edu,21,6
2019,7,Foo,1,4
2019,7,Hou,18,14
2019,7,Imm,14,9
2019,7,Inf,7,1
2019,7,Lac,12,20
2019,7,LG,3,20
2019,7,Low,8,5
2019,7,Mor,5,20
2019,7,Nat,4,20
2019,7,NHS,39,3
2019,7,NI,1,19
2019,7,Nuc,2,19
2019,7,Pen,8,5
2019,7,Pet,4,1
2019,7,Pol,19,7
2019,7,Pou,2,1
2019,7,Pov,18,5
2019,7,Pri,2,1
2019,7,Pub,11,20
2019,7,Rac,5,9
2019,7,SWA,1,20
2019,7,Tax,5,1
2019,7,TU,1,1
2019,7,Tra,5,10
2019,7,Une,10,1
2019,7,Oth,6,99
2019,7,DK,14,99
2019,8,AG,9,5
2019,8,AID,0.25,19
2019,8,AW,2,4
2019,8,BF,0.25,4
2019,8,Com,61,19
2019,8,Cou,1,4
2019,8,Cri,28,12
2019,8,Def,7,19
2019,8,Dru,9,12
2019,8,Eco,20,1
2019,8,Edu,20,6
2019,8,Foo,0.25,4
2019,8,Hou,15,14
2019,8,Imm,12,9
2019,8,Inf,5,1
2019,8,Lac,12,20
2019,8,LG,3,20
2019,8,Low,7,5
2019,8,Mor,4,20
2019,8,Nat,3,20
2019,8,NHS,41,3
2019,8,NI,2,19
2019,8,Nuc,1,19
2019,8,Pen,6,5
2019,8,Pet,1,1
2019,8,Pol,16,7
2019,8,Pou,3,1
2019,8,Pov,16,5
2019,8,Pri,2,1
2019,8,Pub,10,20
2019,8,Rac,5,9
2019,8,SWA,2,20
2019,8,Tax,6,1
2019,8,TU,1,1
2019,8,Tra,4,10
2019,8,Une,11,1
2019,8,Oth,3,99
2019,8,DK,13,99
2019,9,AG,7,5
2019,9,AID,0.25,19
2019,9,AW,2,4
2019,9,BF,0.25,4
2019,9,Com,65,19
2019,9,Cou,1,4
2019,9,Cri,22,12
2019,9,Def,4,19
2019,9,Dru,8,12
2019,9,Eco,15,1
2019,9,Edu,21,6
2019,9,Foo,0.25,4
2019,9,Hou,15,14
2019,9,Imm,10,9
2019,9,Inf,4,1
2019,9,Lac,15,20
2019,9,LG,3,20
2019,9,Low,7,5
2019,9,Mor,4,20
2019,9,Nat,2,20
2019,9,NHS,36,3
2019,9,NI,0.25,19
2019,9,Nuc,1,19
2019,9,Pen,5,5
2019,9,Pet,3,1
2019,9,Pol,15,7
2019,9,Pou,3,1
2019,9,Pov,17,5
2019,9,Pri,2,1
2019,9,Pub,8,20
2019,9,Rac,5,9
2019,9,SWA,1,20
2019,9,Tax,4,1
2019,9,TU,1,1
2019,9,Tra,4,10
2019,9,Une,7,1
2019,9,Oth,7,99
2019,9,DK,16,99
2019,10,AG,6,5
2019,10,AID,0.25,19
2019,10,AW,1,4
2019,10,BF,1,4
2019,10,Com,63,19
2019,10,Cou,1,4
2019,10,Cri,24,12
2019,10,Def,4,19
2019,10,Dru,7,12
2019,10,Eco,12,1
2019,10,Edu,18,6
2019,10,Foo,0.25,4
2019,10,Hou,14,14
2019,10,Imm,11,9
2019,10,Inf,5,1
2019,10,Lac,11,20
2019,10,LG,2,20
2019,10,Low,7,5
2019,10,Mor,4,20
2019,10,Nat,3,20
2019,10,NHS,36,3
2019,10,NI,1,19
2019,10,Nuc,1,19
2019,10,Pen,5,5
2019,10,Pet,2,1
2019,10,Pol,21,7
2019,10,Pou,2,1
2019,10,Pov,15,5
2019,10,Pri,1,1
2019,10,Pub,7,20
2019,10,Rac,5,9
2019,10,SWA,1,20
2019,10,Tax,3,1
2019,10,TU,1,1
2019,10,Tra,4,10
2019,10,Une,9,1
2019,10,Oth,6,99
2019,10,DK,17,99
2019,11,AG,10,5
2019,11,AID,0.25,19
2019,11,AW,2,4
2019,11,BF,0.25,4
2019,11,Com,57,19
2019,11,Cou,1,4
2019,11,Cri,18,12
2019,11,Def,5,19
2019,11,Dru,7,12
2019,11,Eco,19,1
2019,11,Edu,21,6
2019,11,Foo,1,4
2019,11,Hou,15,14
2019,11,Imm,13,9
2019,11,Inf,6,1
2019,11,Lac,12,20
2019,11,LG,3,20
2019,11,Low,8,5
2019,11,Mor,3,20
2019,11,Nat,3,20
2019,11,NHS,54,3
2019,11,NI,1,19
2019,11,Nuc,2,19
2019,11,Pen,5,5
2019,11,Pet,3,1
2019,11,Pol,15,7
2019,11,Pou,2,1
2019,11,Pov,16,5
2019,11,Pri,2,1
2019,11,Pub,9,20
2019,11,Rac,3,9
2019,11,SWA,1,20
2019,11,Tax,3,1
2019,11,TU,1,1
2019,11,Tra,5,10
2019,11,Une,7,1
2019,11,Oth,3,99
2019,11,DK,12,99
2019,12,AG,8,5
2019,12,AID,1,19
2019,12,AW,2,4
2019,12,BF,1,4
2019,12,Com,52,19
2019,12,Cou,1,4
2019,12,Cri,19,12
2019,12,Def,5,19
2019,12,Dru,6,12
2019,12,Eco,18,1
2019,12,Edu,20,6
2019,12,Foo,0.25,4
2019,12,Hou,17,14
2019,12,Imm,14,9
2019,12,Inf,4,1
2019,12,Lac,9,20
2019,12,LG,2,20
2019,12,Low,6,5
2019,12,Mor,3,20
2019,12,Nat,3,20
2019,12,NHS,55,3
2019,12,NI,1,19
2019,12,Nuc,1,19
2019,12,Pen,6,5
2019,12,Pet,2,1
2019,12,Pol,18,7
2019,12,Pou,2,1
2019,12,Pov,21,5
2019,12,Pri,3,1
2019,12,Pub,14,20
2019,12,Rac,4,9
2019,12,SWA,1,20
2019,12,Tax,4,1
2019,12,TU,1,1
2019,12,Tra,6,10
2019,12,Une,9,1
2019,12,Oth,6,99
2019,12,DK,11,99
2020,1,AG,10,5
2020,1,AID,1,19
2020,1,AW,2,4
2020,1,Com,47,19
2020,1,Cou,2,4
2020,1,Cri,20,12
2020,1,CV,0.25,3
2020,1,Def,7,19
2020,1,Dru,8,12
2020,1,Eco,13,1
2020,1,Edu,18,6
2020,1,Foo,0.25,4
2020,1,Hou,14,14
2020,1,Imm,16,9
2020,1,Inf,5,1
2020,1,Lac,10,20
2020,1,LG,3,20
2020,1,Low,6,5
2020,1,Mor,3,20
2020,1,Nat,2,20
2020,1,NHS,44,3
2020,1,NI,0.25,19
2020,1,Nuc,1,19
2020,1,Pen,7,5
2020,1,Pet,2,1
2020,1,Pol,23,7
2020,1,Pou,1,1
2020,1,Pov,22,5
2020,1,Pri,3,1
2020,1,Pub,10,20
2020,1,Rac,5,9
2020,1,SWA,2,20
2020,1,Tax,6,1
2020,1,TU,1,1
2020,1,Tra,6,10
2020,1,Une,9,1
2020,1,Oth,8,99
2020,1,DK,17,99
2020,2,AG,10,5
2020,2,AID,1,19
2020,2,AW,3,4
2020,2,Com,39,19
2020,2,Cou,1,4
2020,2,Cri,19,12
2020,2,CV,5,3
2020,2,Def,6,19
2020,2,Dru,8,12
2020,2,Eco,17,1
2020,2,Edu,16,6
2020,2,Foo,0.25,4
2020,2,Hou,14,14
2020,2,Imm,12,9
2020,2,Inf,3,1
2020,2,Lac,8,20
2020,2,LG,2,20
2020,2,Low,6,5
2020,2,Mor,4,20
2020,2,Nat,2,20
2020,2,NHS,44,3
2020,2,NI,1,19
2020,2,Nuc,1,19
2020,2,Pen,4,5
2020,2,Pet,2,1
2020,2,Pol,25,7
2020,2,Pou,2,1
2020,2,Pov,19,5
2020,2,Pri,2,1
2020,2,Pub,8,20
2020,2,Rac,5,9
2020,2,SWA,1,20
2020,2,Tax,5,1
2020,2,TU,1,1
2020,2,Tra,8,10
2020,2,Une,8,1
2020,2,Oth,7,99
2020,2,DK,11,99
2020,4,AG,2,5
2020,4,AID,0,19
2020,4,AW,0.25,4
2020,4,Com,26,19
2020,4,Cou,0.25,4
2020,4,Cri,6,12
2020,4,CV,85,3
2020,4,Def,3,19
2020,4,Dru,1,12
2020,4,Eco,35,1
2020,4,Edu,9,6
2020,4,Foo,0.25,4
2020,4,Hou,8,14
2020,4,Imm,5,9
2020,4,Inf,1,1
2020,4,Lac,5,20
2020,4,LG,1,20
2020,4,Low,3,5
2020,4,Mor,3,20
2020,4,Nat,1,20
2020,4,NHS,28,3
2020,4,NI,0.25,19
2020,4,Nuc,0,19
2020,4,Pen,4,5
2020,4,Pet,0.25,1
2020,4,Pol,9,7
2020,4,Pou,0.25,1
2020,4,Pov,12,5
2020,4,Pri,0.25,1
2020,4,Pub,4,20
2020,4,Rac,2,9
2020,4,SWA,1,20
2020,4,Tax,2,1
2020,4,TU,0.25,1
2020,4,Tra,2,10
2020,4,Une,10,1
2020,4,Oth,11,99
2020,4,DK,10,99
2020,6,AG,1,5
2020,6,AID,0,19
2020,6,AW,0.25,4
2020,6,Com,32,19
2020,6,Cou,0.25,4
2020,6,Cri,6,12
2020,6,CV,72,3
2020,6,Def,2,19
2020,6,Dru,0.25,12
2020,6,Eco,42,1
2020,6,Edu,13,6
2020,6,Foo,0.25,4
2020,6,Hou,5,14
2020,6,Imm,6,9
2020,6,Inf,1,1
2020,6,Lac,3,20
2020,6,LG,0.25,20
2020,6,Low,2,5
2020,6,Mor,1,20
2020,6,Nat,1,20
2020,6,NHS,21,3
2020,6,NI,0,19
2020,6,Nuc,0.25,19
2020,6,Pen,1,5
2020,6,Pet,0,1
2020,6,Pol,10,7
2020,6,Pou,0,1
2020,6,Pov,13,5
2020,6,Pri,1,1
2020,6,Pub,3,20
2020,6,Rac,24,9
2020,6,SWA,1,20
2020,6,Tax,1,1
2020,6,TU,0.25,1
2020,6,Tra,1,10
2020,6,Une,11,1
2020,6,Oth,8,99
2020,6,DK,10,99
2020,7,AG,3,5
2020,7,AID,0.25,19
2020,7,AW,0.25,4
2020,7,Com,30,19
2020,7,Cou,1,4
2020,7,Cri,4,12
2020,7,CV,75,3
2020,7,Def,4,19
2020,7,Dru,0.25,12
2020,7,Eco,36,1
2020,7,Edu,12,6
2020,7,Foo,0,4
2020,7,Hou,7,14
2020,7,Imm,9,9
2020,7,Inf,1,1
2020,7,Lac,3,20
2020,7,LG,0.25,20
2020,7,Low,2,5
2020,7,Mor,1,20
2020,7,Nat,0,20
2020,7,NHS,21,3
2020,7,NI,0.25,19
2020,7,Nuc,1,19
2020,7,Pen,2,5
2020,7,Pet,0.25,1
2020,7,Pol,7,7
2020,7,Pou,0,1
2020,7,Pov,14,5
2020,7,Pri,0.25,1
2020,7,Pub,2,20
2020,7,Rac,9,9
2020,7,SWA,1,20
2020,7,Tax,2,1
2020,7,TU,0.25,1
2020,7,Tra,1,10
2020,7,Une,16,1
2020,7,Oth,8,99
2020,7,DK,12,99
2020,9,AG,2,5
2020,9,AID,0.25,19
2020,9,AW,0.25,4
2020,9,Com,51,19
2020,9,Cou,1,4
2020,9,Cri,5,12
2020,9,CV,77,3
2020,9,Def,2,19
2020,9,Dru,0.25,12
2020,9,Eco,31,1
2020,9,Edu,13,6
2020,9,Foo,0.25,4
2020,9,Hou,7,14
2020,9,Imm,10,9
2020,9,Inf,0.25,1
2020,9,Lac,5,20
2020,9,LG,2,20
2020,9,Low,3,5
2020,9,Mor,2,20
2020,9,Nat,1,20
2020,9,NHS,18,3
2020,9,NI,0.25,19
2020,9,Nuc,0.25,19
2020,9,Pen,2,5
2020,9,Pet,0.25,1
2020,9,Pol,12,7
2020,9,Pou,0.25,1
2020,9,Pov,10,5
2020,9,Pri,1,1
2020,9,Pub,3,20
2020,9,Rac,5,9
2020,9,SWA,2,20
2020,9,Tax,2,1
2020,9,TU,0.25,1
2020,9,Tra,1,10
2020,9,Une,19,1
2020,9,Oth,9,99
2020,9,DK,7,99
2020,10,AG,1,5
2020,10,AID,0.25,19
2020,10,AW,1,4
2020,10,Com,45,19
2020,10,Cou,1,4
2020,10,Cri,3,12
2020,10,CV,73,3
2020,10,Def,2,19
2020,10,Dru,0.25,12
2020,10,Eco,30,1
2020,10,Edu,10,6
2020,10,Foo,0.25,4
2020,10,Hou,6,14
2020,10,Imm,5,9
2020,10,Inf,0.25,1
2020,10,Lac,3,20
2020,10,LG,1,20
2020,10,Low,4,5
2020,10,Mor,2,20
2020,10,Nat,1,20
2020,10,NHS,17,3
2020,10,NI,0,19
2020,10,Nuc,0,19
2020,10,Pen,2,5
2020,10,Pet,0.25,1
2020,10,Pol,9,7
2020,10,Pou,1,1
2020,10,Pov,18,5
2020,10,Pri,0.25,1
2020,10,Pub,3,20
2020,10,Rac,4,9
2020,10,SWA,2,20
2020,10,Tax,2,1
2020,10,TU,0.25,1
2020,10,Tra,2,10
2020,10,Une,14,1
2020,10,Oth,9,99
2020,10,DK,9,99
2020,11,AG,1,5
2020,11,AID,0,19
2020,11,AW,1,4
2020,11,Com,41,19
2020,11,Cou,0.25,4
2020,11,Cri,4,12
2020,11,CV,74,3
2020,11,Def,2,19
2020,11,Dru,1,12
2020,11,Eco,35,1
2020,11,Edu,10,6
2020,11,Foo,0.25,4
2020,11,Hou,5,14
2020,11,Imm,5,9
2020,11,Inf,0.25,1
2020,11,Lac,7,20
2020,11,LG,1,20
2020,11,Low,1,5
2020,11,Mor,2,20
2020,11,Nat,1,20
2020,11,NHS,15,3
2020,11,NI,0.25,19
2020,11,Nuc,0.25,19
2020,11,Pen,1,5
2020,11,Pet,0.25,1
2020,11,Pol,11,7
2020,11,Pou,0,1
2020,11,Pov,11,5
2020,11,Pri,1,1
2020,11,Pub,2,20
2020,11,Rac,6,9
2020,11,SWA,1,20
2020,11,Tax,1,1
2020,11,TU,0.25,1
2020,11,Tra,2,10
2020,11,Une,12,1
2020,11,Oth,8,99
2020,11,DK,8,99
2020,12,AG,2,5
2020,12,AID,0,19
2020,12,AW,0.25,4
2020,12,Com,60,19
2020,12,Cou,0.25,4
2020,12,Cri,3,12
2020,12,CV,72,3
2020,12,Def,2,19
2020,12,Dru,1,12
2020,12,Eco,27,1
2020,12,Edu,11,6
2020,12,Foo,1,4
2020,12,Hou,5,14
2020,12,Imm,6,9
2020,12,Inf,1,1
2020,12,Lac,5,20
2020,12,LG,2,20
2020,12,Low,2,5
2020,12,Mor,1,20
2020,12,Nat,1,20
2020,12,NHS,17,3
2020,12,NI,0.25,19
2020,12,Nuc,0.25,19
2020,12,Pen,1,5
2020,12,Pet,0,1
2020,12,Pol,10,7
2020,12,Pou,0.25,1
2020,12,Pov,13,5
2020,12,Pri,0.25,1
2020,12,Pub,3,20
2020,12,Rac,5,9
2020,12,SWA,2,20
2020,12,Tax,2,1
2020,12,TU,0.25,1
2020,12,Tra,2,10
2020,12,Une,9,1
2020,12,Oth,12,99
2020,12,DK,9,99
2021,1,AG,2,5
2021,1,AID,0,19
2021,1,AW,1,4
2021,1,Com,35,19
2021,1,Cou,0.25,4
2021,1,Cri,5,12
2021,1,CV,75,3
2021,1,Def,2,19
2021,1,Dru,1,12
2021,1,Eco,32,1
2021,1,Edu,15,6
2021,1,Foo,0.25,4
2021,1,Hou,6,14
2021,1,Imm,6,9
2021,1,Inf,1,1
2021,1,Lac,7,20
2021,1,LG,1,20
2021,1,Low,4,5
2021,1,Men,0,3
2021,1,Mor,2,20
2021,1,Nat,1,20
2021,1,NHS,20,3
2021,1,NI,0.25,19
2021,1,Nuc,0.25,19
2021,1,Pen,2,5
2021,1,Pet,0.25,1
2021,1,Pol,12,7
2021,1,Pou,1,1
2021,1,Pov,16,5
2021,1,Pri,1,1
2021,1,Pub,3,20
2021,1,Rac,5,9
2021,1,SWA,3,20
2021,1,Tax,2,1
2021,1,TU,2,1
2021,1,Tra,2,10
2021,1,Une,13,1
2021,1,Oth,14,99
2021,1,DK,10,99
2021,2,AG,3,5
2021,2,AW,1,4
2021,2,Com,33,19
2021,2,Cou,0.25,4
2021,2,Cri,4,12
2021,2,CV,72,3
2021,2,Def,3,19
2021,2,Dru,1,12
2021,2,Eco,35,1
2021,2,Edu,12,6
2021,2,Foo,0.25,4
2021,2,Hou,5,14
2021,2,Imm,5,9
2021,2,Inf,1,1
2021,2,Int,3,18
2021,2,Lac,4,20
2021,2,LG,1,20
2021,2,Low,2,5
2021,2,Men,5,3
2021,2,Mor,1,20
2021,2,Nat,1,20
2021,2,NHS,16,3
2021,2,NI,0.25,19
2021,2,Pen,1,5
2021,2,Pet,0.25,1
2021,2,Pol,14,7
2021,2,Pop,1,9
2021,2,Pou,0.25,1
2021,2,Pov,13,5
2021,2,Pri,1,1
2021,2,Pub,2,20
2021,2,Rac,6,9
2021,2,Tax,2,1
2021,2,TU,0.25,1
2021,2,Tra,2,10
2021,2,Une,12,1
2021,2,Uni,2,20
2021,2,Oth,11,99
2021,2,DK,12,99
2021,3,AG,5,5
2021,3,AW,0.25,4
2021,3,Com,26,19
2021,3,Cou,1,4
2021,3,Cri,7,12
2021,3,CV,49,3
2021,3,Def,3,19
2021,3,Dru,2,12
2021,3,Eco,36,1
2021,3,Edu,16,6
2021,3,Foo,1,4
2021,3,Hou,9,14
2021,3,Imm,8,9
2021,3,Inf,2,1
2021,3,Int,4,18
2021,3,Lac,5,20
2021,3,LG,2,20
2021,3,Low,5,5
2021,3,Men,5,3
2021,3,Mor,1,20
2021,3,Nat,1,20
2021,3,NHS,24,3
2021,3,NI,1,19
2021,3,Pen,2,5
2021,3,Pet,1,1
2021,3,Pol,13,7
2021,3,Pop,1,9
2021,3,Pou,1,1
2021,3,Pov,19,5
2021,3,Pri,1,1
2021,3,Pub,8,20
2021,3,Rac,5,9
2021,3,Tax,4,1
2021,3,TU,1,1
2021,3,Tra,3,10
2021,3,Une,15,1
2021,3,Uni,3,20
2021,3,Oth,16,99
2021,3,DK,11,99
2021,4,AG,2,5
2021,4,AW,0.25,4
2021,4,Com,24,19
2021,4,Cou,0.25,4
2021,4,Cri,8,12
2021,4,CV,49,3
2021,4,Def,3,19
2021,4,Dru,0.25,12
2021,4,Eco,30,1
2021,4,Edu,11,6
2021,4,Foo,0.25,4
2021,4,Hou,8,14
2021,4,Imm,7,9
2021,4,Inf,2,1
2021,4,Int,3,18
2021,4,Lac,7,20
2021,4,LG,1,20
2021,4,Low,4,5
2021,4,Men,4,3
2021,4,Mor,1,20
2021,4,Nat,1,20
2021,4,NHS,19,3
2021,4,NI,1,19
2021,4,Pen,1,5
2021,4,Pet,0.25,1
2021,4,Pol,18,7
2021,4,Pop,1,9
2021,4,Pou,0.25,1
2021,4,Pov,17,5
2021,4,Pri,0.25,1
2021,4,Pub,4,20
2021,4,Rac,9,9
2021,4,Tax,1,1
2021,4,TU,1,1
2021,4,Tra,2,10
2021,4,Une,12,1
2021,4,Uni,3,20
2021,4,Oth,14,99
2021,4,DK,15,99
2021,5,AG,2,5
2021,5,AW,1,4
2021,5,Com,22,19
2021,5,Cou,1,4
2021,5,Cri,7,12
2021,5,CV,49,3
2021,5,Def,2,19
2021,5,Dru,1,12
2021,5,Eco,29,1
2021,5,Edu,15,6
2021,5,Foo,1,4
2021,5,Hou,10,14
2021,5,Imm,8,9
2021,5,Inf,1,1
2021,5,Int,2,18
2021,5,Lac,8,20
2021,5,LG,0.25,20
2021,5,Low,2,5
2021,5,Men,2,3
2021,5,Mor,1,20
2021,5,Nat,1,20
2021,5,NHS,22,3
2021,5,NI,0.25,19
2021,5,Pen,2,5
2021,5,Pet,0,1
2021,5,Pol,18,7
2021,5,Pop,2,9
2021,5,Pou,0.25,1
2021,5,Pov,17,5
2021,5,Pri,1,1
2021,5,Pub,3,20
2021,5,Rac,7,9
2021,5,Tax,2,1
2021,5,TU,1,1
2021,5,Tra,2,10
2021,5,Une,14,1
2021,5,Uni,6,20
2021,5,Oth,11,99
2021,5,DK,14,99
2021,6,AG,3,5
2021,6,AW,1,4
2021,6,Com,23,19
2021,6,Cou,1,4
2021,6,Cri,9,12
2021,6,CV,56,3
2021,6,Def,4,19
2021,6,Dru,2,12
2021,6,Eco,27,1
2021,6,Edu,21,6
2021,6,Foo,2,4
2021,6,Hou,12,14
2021,6,Imm,13,9
2021,6,Inf,3,1
2021,6,Int,6,18
2021,6,Lac,8,20
2021,6,LG,2,20
2021,6,Low,5,5
2021,6,Men,3,3
2021,6,Mor,2,20
2021,6,Nat,1,20
2021,6,NHS,24,3
2021,6,NI,3,19
2021,6,Pen,3,5
2021,6,Pet,1,1
2021,6,Pol,21,7
2021,6,Pop,1,9
2021,6,Pou,0.25,1
2021,6,Pov,19,5
2021,6,Pri,1,1
2021,6,Pub,3,20
2021,6,Rac,10,9
2021,6,Tax,3,1
2021,6,TU,1,1
2021,6,Tra,3,10
2021,6,Une,10,1
2021,6,Uni,5,20
2021,6,Oth,14,99
2021,6,DK,13,99
2021,7,AG,4,5
2021,7,AW,1,4
2021,7,Com,19,19
2021,7,Cou,1,4
2021,7,Cri,7,12
2021,7,CV,48,3
2021,7,Def,5,19
2021,7,Dru,0.25,12
2021,7,Eco,36,1
2021,7,Edu,21,6
2021,7,Foo,2,4
2021,7,Hou,11,14
2021,7,Imm,11,9
2021,7,Inf,1,1
2021,7,Int,4,18
2021,7,Lac,7,20
2021,7,LG,0.25,20
2021,7,Low,4,5
2021,7,Men,4,3
2021,7,Mor,1,20
2021,7,Nat,1,20
2021,7,NHS,28,3
2021,7,NI,1,19
2021,7,Pen,3,5
2021,7,Pet,0.25,1
2021,7,Pol,16,7
2021,7,Pop,1,9
2021,7,Pou,0.25,1
2021,7,Pov,15,5
2021,7,Pri,1,1
2021,7,Pub,3,20
2021,7,Rac,6,9
2021,7,Tax,2,1
2021,7,TU,2,1
2021,7,Tra,2,10
2021,7,Une,12,1
2021,7,Uni,3,20
2021,7,Oth,19,99
2021,7,DK,10,99
2021,8,AG,3,5
2021,8,AW,0.25,4
2021,8,Com,19,19
2021,8,Cou,0.25,4
2021,8,Cri,7,12
2021,8,CV,40,3
2021,8,Def,3,19
2021,8,Dru,1,12
2021,8,Eco,28,1
2021,8,Edu,14,6
2021,8,Foo,1,4
2021,8,Hou,10,14
2021,8,Imm,12,9
2021,8,Inf,2,1
2021,8,Int,2,18
2021,8,Lac,8,20
2021,8,LG,1,20
2021,8,Low,5,5
2021,8,Men,3,3
2021,8,Mor,2,20
2021,8,Nat,1,20
2021,8,NHS,21,3
2021,8,NI,0,19
2021,8,Pen,2,5
2021,8,Pet,0.25,1
2021,8,Pol,32,7
2021,8,Pop,1,9
2021,8,Pou,0.25,1
2021,8,Pov,18,5
2021,8,Pri,0.25,1
2021,8,Pub,3,20
2021,8,Rac,8,9
2021,8,Tax,2,1
2021,8,TU,0.25,1
2021,8,Tra,4,10
2021,8,Une,10,1
2021,8,Uni,2,20
2021,8,Oth,13,99
2021,8,DK,13,99
2021,9,AG,12,5
2021,9,AW,1,4
2021,9,Com,20,19
2021,9,Cou,1,4
2021,9,Cri,7,12
2021,9,CV,37,3
2021,9,Def,8,19
2021,9,Dru,2,12
2021,9,Eco,24,1
2021,9,Edu,14,6
2021,9,Foo,3,4
2021,9,Hou,13,14
2021,9,Imm,16,9
2021,9,Inf,3,1
2021,9,Int,2,18
2021,9,Lac,8,20
2021,9,LG,2,20
2021,9,Low,4,5
2021,9,Men,4,3
2021,9,Mor,2,20
2021,9,Nat,1,20
2021,9,NHS,30,3
2021,9,NI,1,19
2021,9,Pen,5,5
2021,9,Pet,1,1
2021,9,Pol,23,7
2021,9,Pop,3,9
2021,9,Pou,1,1
2021,9,Pov,17,5
2021,9,Pri,1,1
2021,9,Pub,3,20
2021,9,Rac,6,9
2021,9,Tax,3,1
2021,9,TU,1,1
2021,9,Tra,2,10
2021,9,Une,10,1
2021,9,Uni,2,20
2021,9,Oth,14,99
2021,9,DK,13,99
2021,10,AG,3,5
2021,10,AW,0.25,4
2021,10,Com,28,19
2021,10,Cou,0.25,4
2021,10,Cri,10,12
2021,10,CV,27,3
2021,10,Def,3,19
2021,10,Dru,1,12
2021,10,Eco,26,1
2021,10,Edu,12,6
2021,10,Foo,3,4
2021,10,Hou,10,14
2021,10,Imm,10,9
2021,10,Inf,7,1
2021,10,Int,2,18
2021,10,Lac,9,20
2021,10,LG,1,20
2021,10,Low,5,5
2021,10,Men,3,3
2021,10,Mor,1,20
2021,10,Nat,1,20
2021,10,NHS,23,3
2021,10,NI,0.25,19
2021,10,Pen,4,5
2021,10,Pet,10,1
2021,10,Pol,24,7
2021,10,Pop,1,9
2021,10,Pou,1,1
2021,10,Pov,18,5
2021,10,Pri,1,1
2021,10,Pub,4,20
2021,10,Rac,6,9
2021,10,Tax,4,1
2021,10,TU,0.25,1
2021,10,Tra,4,10
2021,10,Une,11,1
2021,10,Uni,2,20
2021,10,Oth,17,99
2021,10,DK,13,99
2021,11,AG,4,5
2021,11,AW,0.25,4
2021,11,Com,22,19
2021,11,Cou,1,4
2021,11,Cri,6,12
2021,11,CV,27,3
2021,11,Def,3,19
2021,11,Dru,1,12
2021,11,Eco,21,1
2021,11,Edu,10,6
2021,11,Foo,1,4
2021,11,Hou,10,14
2021,11,Imm,11,9
2021,11,Inf,8,1
2021,11,Int,1,18
2021,11,Lac,11,20
2021,11,LG,1,20
2021,11,Low,6,5
2021,11,Men,3,3
2021,11,Mor,1,20
2021,11,Nat,1,20
2021,11,NHS,22,3
2021,11,NI,1,19
2021,11,Pen,3,5
2021,11,Pet,2,1
2021,11,Pol,40,7
2021,11,Pop,3,9
2021,11,Pou,0.25,1
2021,11,Pov,15,5
2021,11,Pri,1,1
2021,11,Pub,3,20
2021,11,Rac,5,9
2021,11,Tax,3,1
2021,11,TU,0.25,1
2021,11,Tra,3,10
2021,11,Une,7,1
2021,11,Uni,1,20
2021,11,Oth,14,99
2021,11,DK,14,99
2021,12,AG,3,5
2021,12,AW,1,4
2021,12,Com,21,19
2021,12,Cou,1,4
2021,12,Cri,6,12
2021,12,CV,62,3
2021,12,Def,2,19
2021,12,Dru,1,12
2021,12,Eco,24,1
2021,12,Edu,8,6
2021,12,Foo,1,4
2021,12,Hou,8,14
2021,12,Imm,13,9
2021,12,Inf,7,1
2021,12,Int,2,18
2021,12,Lac,14,20
2021,12,LG,3,20
2021,12,Low,3,5
2021,12,Men,3,3
2021,12,Mor,2,20
2021,12,Nat,2,20
2021,12,NHS,21,3
2021,12,NI,0.25,19
2021,12,Pen,2,5
2021,12,Pet,1,1
2021,12,Pol,13,7
2021,12,Pop,2,9
2021,12,Pou,1,1
2021,12,Pov,12,5
2021,12,Pri,1,1
2021,12,Pub,3,20
2021,12,Rac,4,9
2021,12,Tax,3,1
2021,12,TU,2,1
2021,12,Tra,2,10
2021,12,Une,8,1
2021,12,Uni,3,20
2021,12,Oth,10,99
2021,12,DK,14,99
2022,1,AG,3,5
2022,1,AW,1,4
2022,1,Com,18,19
2022,1,Cou,1,4
2022,1,Cri,7,12
2022,1,CV,42,3
2022,1,Def,3,19
2022,1,Dru,2,12
2022,1,Eco,25,1
2022,1,Edu,10,6
2022,1,Foo,2,4
2022,1,Hou,9,14
2022,1,Imm,10,9
2022,1,Inf,11,1
2022,1,Int,1,18
2022,1,Lac,25,20
2022,1,LG,1,20
2022,1,Low,3,5
2022,1,Men,3,3
2022,1,Mor,2,20
2022,1,Nat,2,20
2022,1,NHS,23,3
2022,1,NI,0.25,19
2022,1,Nuc,0,19
2022,1,Pen,2,5
2022,1,Pet,5,1
2022,1,Pol,16,7
2022,1,Pop,2,9
2022,1,Pou,0.25,1
2022,1,Pov,14,5
2022,1,Pri,1,1
2022,1,Pub,4,20
2022,1,Rac,4,9
2022,1,Tax,2,1
2022,1,TU,1,1
2022,1,Tra,2,10
2022,1,Une,5,1
2022,1,Uni,2,20
2022,1,Oth,11,99
2022,1,DK,12,99
2022,2,AG,3,5
2022,2,AW,1,4
2022,2,Com,13,19
2022,2,Cou,1,4
2022,2,Cri,8,12
2022,2,CV,23,3
2022,2,Def,9,19
2022,2,Dru,1,12
2022,2,Eco,26,1
2022,2,Edu,8,6
2022,2,Foo,1,4
2022,2,Hou,7,14
2022,2,Imm,8,9
2022,2,Inf,22,1
2022,2,Int,3,18
2022,2,Lac,17,20
2022,2,LG,2,20
2022,2,Low,5,5
2022,2,Men,3,3
2022,2,Mor,2,20
2022,2,Nat,2,20
2022,2,NHS,19,3
2022,2,NI,0.25,19
2022,2,Nuc,0,19
2022,2,Pen,3,5
2022,2,Pet,6,1
2022,2,Pol,13,7
2022,2,Pop,2,9
2022,2,Pou,1,1
2022,2,Pov,15,5
2022,2,Pri,1,1
2022,2,Pub,3,20
2022,2,Rac,3,9
2022,2,Tax,3,1
2022,2,TU,1,1
2022,2,Tra,2,10
2022,2,Une,6,1
2022,2,Uni,2,20
2022,2,Oth,10,99
2022,2,DK,19,99
2022,3,AG,3,5
2022,3,AW,1,4
2022,3,Com,10,19
2022,3,Cou,0.25,4
2022,3,Cri,5,12
2022,3,CV,16,3
2022,3,Def,35,19
2022,3,Dru,2,12
2022,3,Eco,23,1
2022,3,Edu,6,6
2022,3,Foo,2,4
2022,3,Hou,8,14
2022,3,Imm,7,9
2022,3,Inf,21,1
2022,3,Int,2,18
2022,3,Lac,15,20
2022,3,LG,3,20
2022,3,Low,5,5
2022,3,Men,3,3
2022,3,Mor,1,20
2022,3,Nat,1,20
2022,3,NHS,14,3
2022,3,NI,1,19
2022,3,Nuc,7,19
2022,3,Pen,3,5
2022,3,Pet,7,1
2022,3,Pol,11,7
2022,3,Pop,3,9
2022,3,Pou,0.25,1
2022,3,Pov,15,5
2022,3,Pri,0.25,1
2022,3,Pub,2,20
2022,3,Rac,3,9
2022,3,Tax,3,1
2022,3,TU,1,1
2022,3,Tra,1,10
2022,3,Une,4,1
2022,3,Uni,2,20
2022,3,Oth,10,99
2022,3,DK,15,99
2022,4,AG,3,5
2022,4,AW,0.25,4
2022,4,Com,9,19
2022,4,Cou,0.25,4
2022,4,Cri,4,12
2022,4,CV,9,3
2022,4,Def,19,19
2022,4,Dru,1,12
2022,4,Eco,29,1
2022,4,Edu,6,6
2022,4,Foo,2,4
2022,4,Hou,10,14
2022,4,Imm,6,9
2022,4,Inf,32,1
2022,4,Int,2,18
2022,4,Lac,12,20
2022,4,LG,1,20
2022,4,Low,3,5
2022,4,Men,2,3
2022,4,Mor,1,20
2022,4,Nat,2,20
2022,4,NHS,13,3
2022,4,NI,0.25,19
2022,4,Nuc,3,19
2022,4,Pen,2,5
2022,4,Pet,10,1
2022,4,Pol,13,7
2022,4,Pop,1,9
2022,4,Pou,0.25,1
2022,4,Pov,15,5
2022,4,Pri,1,1
2022,4,Pub,1,20
2022,4,Rac,3,9
2022,4,Tax,5,1
2022,4,TU,1,1
2022,4,Tra,1,10
2022,4,Une,5,1
2022,4,Uni,1,20
2022,4,Oth,11,99
2022,4,DK,20,99
2022,5,AG,3,5
2022,5,AW,1,4
2022,5,Com,10,19
2022,5,Cou,1,4
2022,5,Cri,6,12
2022,5,CV,8,3
2022,5,Def,19,19
2022,5,Dru,1,12
2022,5,Eco,27,1
2022,5,Edu,8,6
2022,5,Foo,2,4
2022,5,Hou,7,14
2022,5,Imm,8,9
2022,5,Inf,41,1
2022,5,Int,1,18
2022,5,Lac,17,20
2022,5,LG,3,20
2022,5,Low,3,5
2022,5,Men,1,3
2022,5,Mor,1,20
2022,5,Nat,2,20
2022,5,NHS,15,3
2022,5,NI,1,19
2022,5,Nuc,3,19
2022,5,Pen,2,5
2022,5,Pet,8,1
2022,5,Pol,13,7
2022,5,Pop,1,9
2022,5,Pou,1,1
2022,5,Pov,12,5
2022,5,Pri,1,1
2022,5,Pub,2,20
2022,5,Rac,3,9
2022,5,Tax,3,1
2022,5,TU,0.25,1
2022,5,Tra,1,10
2022,5,Une,4,1
2022,5,Uni,2,20
2022,5,Oth,11,99
2022,5,DK,17,99
2022,6,AG,1,5
2022,6,AW,0,4
2022,6,Com,10,19
2022,6,Cou,0.25,4
2022,6,Cri,4,12
2022,6,CV,4,3
2022,6,Def,13,19
2022,6,Dru,0.25,12
2022,6,Eco,30,1
2022,6,Edu,8,6
2022,6,Foo,1,4
2022,6,Hou,9,14
2022,6,Imm,8,9
2022,6,Inf,40,1
2022,6,Int,1,18
2022,6,Lac,26,20
2022,6,LG,3,20
2022,6,Low,4,5
2022,6,Men,2,3
2022,6,Mor,1,20
2022,6,Nat,1,20
2022,6,NHS,15,3
2022,6,NI,0.25,19
2022,6,Nuc,3,19
2022,6,Pen,1,5
2022,6,Pet,11,1
2022,6,Pol,11,7
2022,6,Pop,0.25,9
2022,6,Pou,1,1
2022,6,Pov,13,5
2022,6,Pri,0.25,1
2022,6,Pub,4,20
2022,6,Rac,3,9
2022,6,Tax,2,1
2022,6,TU,0.25,1
2022,6,Tra,2,10
2022,6,Une,4,1
2022,6,Uni,2,20
2022,6,Oth,11,99
2022,6,DK,18,99
2022,7,AG,3,5
2022,7,AW,1,4
2022,7,Com,13,19
2022,7,Cou,1,4
2022,7,Cri,4,12
2022,7,CV,6,3
2022,7,Def,14,19
2022,7,Dru,1,12
2022,7,Eco,34,1
2022,7,Edu,8,6
2022,7,Foo,2,4
2022,7,Hou,8,14
2022,7,Imm,12,9
2022,7,Inf,45,1
2022,7,Int,1,18
2022,7,Lac,16,20
2022,7,LG,4,20
2022,7,Low,5,5
2022,7,Men,4,3
2022,7,Mor,2,20
2022,7,Nat,2,20
2022,7,NHS,15,3
2022,7,NI,0.25,19
2022,7,Nuc,4,19
2022,7,Pen,2,5
2022,7,Pet,11,1
2022,7,Pol,13,7
2022,7,Pop,1,9
2022,7,Pou,1,1
2022,7,Pov,14,5
2022,7,Pri,1,1
2022,7,Pub,4,20
2022,7,Rac,2,9
2022,7,Tax,5,1
2022,7,TU,1,1
2022,7,Tra,3,10
2022,7,Une,3,1
2022,7,Uni,2,20
2022,7,Oth,11,99
2022,7,DK,13,99
2022,8,AG,3,5
2022,8,AW,1,4
2022,8,Com,11,19
2022,8,Cou,1,4
2022,8,Cri,6,12
2022,8,CV,4,3
2022,8,Def,11,19
2022,8,Dru,3,12
2022,8,Eco,36,1
2022,8,Edu,10,6
2022,8,Foo,4,4
2022,8,Hou,11,14
2022,8,Imm,11,9
2022,8,Inf,54,1
2022,8,Int,2,18
2022,8,Lac,16,20
2022,8,LG,3,20
2022,8,Low,6,5
2022,8,Men,4,3
2022,8,Mor,3,20
2022,8,Nat,3,20
2022,8,NHS,20,3
2022,8,NI,1,19
2022,8,Nuc,3,19
2022,8,Pen,3,5
2022,8,Pet,17,1
2022,8,Pol,23,7
2022,8,Pop,2,9
2022,8,Pou,2,1
2022,8,Pov,14,5
2022,8,Pri,2,1
2022,8,Pub,5,20
2022,8,Rac,3,9
2022,8,Tax,6,1
2022,8,TU,2,1
2022,8,Tra,5,10
2022,8,Une,5,1
2022,8,Uni,3,20
2022,8,Oth,10,99
2022,8,DK,13,99
2022,9,AG,2,5
2022,9,AW,0.25,4
2022,9,Com,9,19
2022,9,Cou,1,4
2022,9,Cri,6,12
2022,9,CV,1,3
2022,9,Def,11,19
2022,9,Dru,1,12
2022,9,Eco,41,1
2022,9,Edu,9,6
2022,9,Foo,1,4
2022,9,Hou,8,14
2022,9,Imm,9,9
2022,9,Inf,46,1
2022,9,Int,1,18
2022,9,Lac,9,20
2022,9,LG,2,20
2022,9,Low,5,5
2022,9,Men,2,3
2022,9,Mor,1,20
2022,9,Nat,1,20
2022,9,NHS,20,3
2022,9,NI,0.25,19
2022,9,Nuc,4,19
2022,9,Pen,2,5
2022,9,Pet,11,1
2022,9,Pol,15,7
2022,9,Pop,2,9
2022,9,Pou,0.25,1
2022,9,Pov,14,5
2022,9,Pri,0.25,1
2022,9,Pub,2,20
2022,9,Rac,2,9
2022,9,RF,1,20
2022,9,Tax,4,1
2022,9,TU,1,1
2022,9,Tra,2,10
2022,9,Une,2,1
2022,9,Uni,1,20
2022,9,Oth,8,99
2022,9,DK,16,99
2022,10,AG,4,5
2022,10,AW,1,4
2022,10,Com,6,19
2022,10,Cou,2,4
2022,10,Cri,6,12
2022,10,CV,3,3
2022,10,Def,9,19
2022,10,Dru,2,12
2022,10,Eco,51,1
2022,10,Edu,10,6
2022,10,Foo,3,4
2022,10,Hou,11,14
2022,10,Imm,11,9
2022,10,Inf,38,1
2022,10,Int,1,18
2022,10,Lac,16,20
2022,10,LG,3,20
2022,10,Low,5,5
2022,10,Men,3,3
2022,10,Mor,2,20
2022,10,Nat,3,20
2022,10,NHS,22,3
2022,10,NI,0.25,19
2022,10,Nuc,3,19
2022,10,Pen,3,5
2022,10,Pet,9,1
2022,10,Pol,14,7
2022,10,Pop,2,9
2022,10,Pou,2,1
2022,10,Pov,13,5
2022,10,Pri,1,1
2022,10,Pub,5,20
2022,10,Rac,3,9
2022,10,RF,1,20
2022,10,Tax,4,1
2022,10,TU,1,1
2022,10,Tra,2,10
2022,10,Une,5,1
2022,10,Uni,3,20
2022,10,Oth,10,99
2022,10,DK,15,99
2022,11,AG,3,5
2022,11,AW,1,4
2022,11,Com,7,19
2022,11,Cou,1,4
2022,11,Cri,6,12
2022,11,CV,3,3
2022,11,Def,8,19
2022,11,Dru,1,12
2022,11,Eco,45,1
2022,11,Edu,6,6
2022,11,Foo,2,4
2022,11,Hou,8,14
2022,11,Imm,21,9
2022,11,Inf,45,1
2022,11,Int,2,18
2022,11,Lac,20,20
2022,11,LG,3,20
2022,11,Low,5,5
2022,11,Men,2,3
2022,11,Mor,2,20
2022,11,Nat,1,20
2022,11,NHS,21,3
2022,11,NI,0.25,19
2022,11,Nuc,3,19
2022,11,Pen,3,5
2022,11,Pet,9,1
2022,11,Pol,16,7
2022,11,Pop,2,9
2022,11,Pou,2,1
2022,11,Pov,11,5
2022,11,Pri,1,1
2022,11,Pub,6,20
2022,11,Rac,2,9
2022,11,RF,0.25,20
2022,11,Tax,4,1
2022,11,TU,2,1
2022,11,Tra,2,10
2022,11,Une,4,1
2022,11,Uni,1,20
2022,11,Oth,11,99
2022,11,DK,12,99
2022,12,AG,4,5
2022,12,AW,1,4
2022,12,Com,10,19
2022,12,Cou,2,4
2022,12,Cri,4,12
2022,12,CV,2,3
2022,12,Def,7,19
2022,12,Dru,1,12
2022,12,Eco,40,1
2022,12,Edu,10,6
2022,12,Foo,3,4
2022,12,Hou,11,14
2022,12,Imm,15,9
2022,12,Inf,42,1
2022,12,Int,2,18
2022,12,Lac,18,20
2022,12,LG,4,20
2022,12,Low,6,5
2022,12,Men,2,3
2022,12,Mor,2,20
2022,12,Nat,2,20
2022,12,NHS,27,3
2022,12,NI,1,19
2022,12,Nuc,1,19
2022,12,Pen,3,5
2022,12,Pet,11,1
2022,12,Pol,14,7
2022,12,Pop,2,9
2022,12,Pou,2,1
2022,12,Pov,11,5
2022,12,Pri,1,1
2022,12,Pub,4,20
2022,12,Rac,2,9
2022,12,RF,1,20
2022,12,Tax,3,1
2022,12,TU,9,1
2022,12,Tra,4,10
2022,12,Une,3,1
2022,12,Uni,3,20
2022,12,Oth,10,99
2022,12,DK,16,99
2023,1,AG,2,5
2023,1,AW,1,4
2023,1,Com,8,19
2023,1,Cou,1,4
2023,1,Cri,6,12
2023,1,CV,1,3
2023,1,Def,8,19
2023,1,Dru,1,12
2023,1,Eco,37,1
2023,1,Edu,9,6
2023,1,Foo,2,4
2023,1,Hou,11,14
2023,1,Imm,15,9
2023,1,Inf,36,1
2023,1,Int,1,18
2023,1,Lac,11,20
2023,1,LG,2,20
2023,1,Low,7,5
2023,1,Men,3,3
2023,1,Mor,3,20
2023,1,Nat,1,20
2023,1,NHS,42,3
2023,1,NI,1,19
2023,1,Nuc,1,19
2023,1,Pen,1,5
2023,1,Pet,9,1
2023,1,Pol,11,7
2023,1,Pop,1,9
2023,1,Pou,0.25,1
2023,1,Pov,9,5
2023,1,Pri,1,1
2023,1,Pub,4,20
2023,1,Rac,1,9
2023,1,RF,0.25,20
2023,1,Tax,2,1
2023,1,TU,8,1
2023,1,Tra,3,10
2023,1,Une,3,1
2023,1,Uni,2,20
2023,1,Oth,10,99
2023,1,DK,12,99
2023,2,AG,5,5
2023,2,AW,2,4
2023,2,Com,9,19
2023,2,Cou,1,4
2023,2,Cri,8,12
2023,2,CV,2,3
2023,2,Def,8,19
2023,2,Dru,4,12
2023,2,Eco,40,1
2023,2,Edu,10,6
2023,2,Foo,2,4
2023,2,Hou,11,14
2023,2,Imm,12,9
2023,2,Inf,35,1
2023,2,Int,1,18
2023,2,Lac,14,20
2023,2,LG,3,20
2023,2,Low,9,5
2023,2,Men,3,3
2023,2,Mor,3,20
2023,2,Nat,3,20
2023,2,NHS,25,3
2023,2,NI,1,19
2023,2,Nuc,2,19
2023,2,Pen,3,5
2023,2,Pet,6,1
2023,2,Pol,9,7
2023,2,Pop,2,9
2023,2,Pou,2,1
2023,2,Pov,11,5
2023,2,Pri,2,1
2023,2,Pub,5,20
2023,2,Rac,4,9
2023,2,RF,1,20
2023,2,Tax,5,1
2023,2,TU,5,1
2023,2,Tra,3,10
2023,2,Une,5,1
2023,2,Uni,2,20
2023,2,Oth,7,99
2023,2,DK,17,99
2023,3,AG,4,5
2023,3,AW,1,4
2023,3,Com,13,19
2023,3,Cou,1,4
2023,3,Cri,5,12
2023,3,CV,1,3
2023,3,Def,9,19
2023,3,Dru,0.25,12
2023,3,Eco,37,1
2023,3,Edu,8,6
2023,3,Foo,2,4
2023,3,Hou,9,14
2023,3,Imm,20,9
2023,3,Inf,39,1
2023,3,Int,2,18
2023,3,Lac,17,20
2023,3,LG,2,20
2023,3,Low,6,5
2023,3,Men,1,3
2023,3,Mor,1,20
2023,3,Nat,1,20
2023,3,NHS,21,3
2023,3,NI,0.25,19
2023,3,Nuc,1,19
2023,3,Pen,2,5
2023,3,Pet,4,1
2023,3,Pol,10,7
2023,3,Pop,2,9
2023,3,Pou,0.25,1
2023,3,Pov,11,5
2023,3,Pri,1,1
2023,3,Pub,3,20
2023,3,Rac,2,9
2023,3,RF,0.25,20
2023,3,Tax,2,1
2023,3,TU,2,1
2023,3,Tra,3,10
2023,3,Une,2,1
2023,3,Uni,2,20
2023,3,Oth,11,99
2023,3,DK,15,99
2023,4,AG,3,5
2023,4,AW,1,4
2023,4,Com,9,19
2023,4,Cou,1,4
2023,4,Cri,6,12
2023,4,CV,2,3
2023,4,Def,9,19
2023,4,Dru,2,12
2023,4,Eco,33,1
2023,4,Edu,12,6
2023,4,Foo,3,4
2023,4,Hou,13,14
2023,4,Imm,20,9
2023,4,Inf,40,1
2023,4,Int,3,18
2023,4,Lac,13,20
2023,4,LG,3,20
2023,4,Low,6,5
2023,4,Men,4,3
2023,4,Mor,2,20
2023,4,Nat,2,20
2023,4,NHS,29,3
2023,4,NI,1,19
2023,4,Nuc,2,19
2023,4,Pen,4,5
2023,4,Pet,6,1
2023,4,Pol,12,7
2023,4,Pop,3,9
2023,4,Pou,1,1
2023,4,Pov,12,5
2023,4,Pri,2,1
2023,4,Pub,7,20
2023,4,Rac,3,9
2023,4,RF,1,20
2023,4,Tax,3,1
2023,4,TU,3,1
2023,4,Tra,4,10
2023,4,Une,5,1
2023,4,Uni,3,20
2023,4,Oth,12,99
2023,4,DK,18,99
2023,5,AG,3,5
2023,5,AW,1,4
2023,5,Com,7,19
2023,5,Cou,1,4
2023,5,Cri,6,12
2023,5,CV,2,3
2023,5,Def,7,19
2023,5,Dru,1,12
2023,5,Eco,35,1
2023,5,Edu,11,6
2023,5,Foo,2,4
2023,5,Hou,12,14
2023,5,Imm,17,9
2023,5,Inf,38,1
2023,5,Int,1,18
2023,5,Lac,13,20
2023,5,LG,1,20
2023,5,Low,6,5
2023,5,Men,2,3
2023,5,Mor,2,20
2023,5,Nat,1,20
2023,5,NHS,26,3
2023,5,NI,0,19
2023,5,Nuc,1,19
2023,5,Pen,2,5
2023,5,Pet,4,1
2023,5,Pol,12,7
2023,5,Pop,2,9
2023,5,Pou,0.25,1
2023,5,Pov,14,5
2023,5,Pri,1,1
2023,5,Pub,4,20
2023,5,Rac,3,9
2023,5,RF,1,20
2023,5,Tax,3,1
2023,5,TU,3,1
2023,5,Tra,1,10
2023,5,Une,3,1
2023,5,Uni,1,20
2023,5,Oth,12,99
2023,5,DK,16,99
2023,6,AG,3,5
2023,6,AW,0.25,4
2023,6,Com,9,19
2023,6,Cou,0.25,4
2023,6,Cri,6,12
2023,6,CV,1,3
2023,6,Def,6,19
2023,6,Dru,1,12
2023,6,Eco,31,1
2023,6,Edu,8,6
2023,6,Foo,1,4
2023,6,Hou,12,14
2023,6,Imm,21,9
2023,6,Inf,38,1
2023,6,Int,1,18
2023,6,Lac,14,20
2023,6,LG,2,20
2023,6,Low,5,5
2023,6,Men,2,3
2023,6,Mor,2,20
2023,6,Nat,1,20
2023,6,NHS,27,3
2023,6,NI,0.25,19
2023,6,Nuc,2,19
2023,6,Pen,3,5
2023,6,Pet,4,1
2023,6,Pol,14,7
2023,6,Pop,1,9
2023,6,Pou,1,1
2023,6,Pov,13,5
2023,6,Pri,1,1
2023,6,Pub,4,20
2023,6,Rac,1,9
2023,6,RF,0.25,20
2023,6,Tax,3,1
2023,6,TU,1,1
2023,6,Tra,2,10
2023,6,Une,5,1
2023,6,Uni,2,20
2023,6,Oth,11,99
2023,6,DK,15,99
2023,7,AG,2,5
2023,7,AW,0.25,4
2023,7,Com,8,19
2023,7,Cou,0.25,4
2023,7,Cri,6,12
2023,7,CV,1,3
2023,7,Def,5,19
2023,7,Dru,1,12
2023,7,Eco,30,1
2023,7,Edu,13,6
2023,7,Foo,1,4
2023,7,Hou,15,14
2023,7,Imm,21,9
2023,7,Inf,39,1
2023,7,Int,2,18
2023,7,Lac,16,20
2023,7,LG,2,20
2023,7,Low,5,5
2023,7,Men,2,3
2023,7,Mor,3,20
2023,7,Nat,2,20
2023,7,NHS,33,3
2023,7,NI,0.25,19
2023,7,Nuc,2,19
2023,7,Pen,2,5
2023,7,Pet,3,1
2023,7,Pol,12,7
2023,7,Pop,1,9
2023,7,Pou,1,1
2023,7,Pov,9,5
2023,7,Pri,1,1
2023,7,Pub,4,20
2023,7,Rac,2,9
2023,7,RF,0.25,20
2023,7,Tax,3,1
2023,7,TU,4,1
2023,7,Tra,4,10
2023,7,Une,4,1
2023,7,Uni,1,20
2023,7,Oth,11,99
2023,7,DK,18,99
2023,8,AG,1,5
2023,8,AW,0.25,4
2023,8,Com,7,19
2023,8,Cou,0.25,4
2023,8,Cri,7,12
2023,8,CV,0.25,3
2023,8,Def,5,19
2023,8,Dru,0.25,12
2023,8,Eco,37,1
2023,8,Edu,8,6
2023,8,Foo,1,4
2023,8,Hou,15,14
2023,8,Imm,23,9
2023,8,Inf,37,1
2023,8,Int,1,18
2023,8,Lac,12,20
2023,8,LG,1,20
2023,8,Low,5,5
2023,8,Men,2,3
2023,8,Mor,1,20
2023,8,Nat,1,20
2023,8,NHS,25,3
2023,8,NI,0,19
2023,8,Nuc,1,19
2023,8,Pen,3,5
2023,8,Pet,3,1
2023,8,Pol,25,7
2023,8,Pop,2,9
2023,8,Pou,1,1
2023,8,Pov,11,5
2023,8,Pri,0.25,1
2023,8,Pub,4,20
2023,8,Rac,2,9
2023,8,RF,0.25,20
2023,8,Tax,4,1
2023,8,TU,2,1
2023,8,Tra,3,10
2023,8,Une,4,1
2023,8,Uni,1,20
2023,8,Oth,10,99
2023,8,DK,16,99
2023,9,AG,2,5
2023,9,AW,0.25,4
2023,9,Com,9,19
2023,9,Cou,0.25,4
2023,9,Cri,7,12
2023,9,CV,1,3
2023,9,Def,6,19
2023,9,Dru,1,12
2023,9,Eco,37,1
2023,9,Edu,13,6
2023,9,Foo,1,4
2023,9,Hou,15,14
2023,9,Imm,26,9
2023,9,Inf,30,1
2023,9,Int,1,18
2023,9,Lac,15,20
2023,9,LG,2,20
2023,9,Low,4,5
2023,9,Men,2,3
2023,9,Mor,3,20
2023,9,Nat,1,20
2023,9,NHS,28,3
2023,9,NI,0,19
2023,9,Nuc,1,19
2023,9,Pen,2,5
2023,9,Pet,2,1
2023,9,Pol,18,7
2023,9,Pop,1,9
2023,9,Pou,0.25,1
2023,9,Pov,12,5
2023,9,Pri,0.25,1
2023,9,Pub,5,20
2023,9,Rac,2,9
2023,9,RF,0.25,20
2023,9,Tax,3,1
2023,9,TU,1,1
2023,9,Tra,3,10
2023,9,Une,4,1
2023,9,Uni,1,20
2023,9,Oth,13,99
2023,9,DK,13,99
2023,10,AG,3,5
2023,10,AW,0.25,4
2023,10,Com,7,19
2023,10,Cou,1,4
2023,10,Cri,11,12
2023,10,CV,2,3
2023,10,Def,5,19
2023,10,Dru,1,12
2023,10,Eco,38,1
2023,10,Edu,14,6
2023,10,Foo,2,4
2023,10,Hou,16,14
2023,10,Imm,22,9
2023,10,Inf,35,1
2023,10,Int,1,18
2023,10,Lac,16,20
2023,10,LG,2,20
2023,10,Low,5,5
2023,10,Men,2,3
2023,10,Mor,3,20
2023,10,Nat,1,20
2023,10,NHS,31,3
2023,10,NI,0.25,19
2023,10,Nuc,2,19
2023,10,Pen,2,5
2023,10,Pet,3,1
2023,10,Pol,14,7
2023,10,Pop,2,9
2023,10,Pou,0.25,1
2023,10,Pov,14,5
2023,10,Pri,1,1
2023,10,Pub,4,20
2023,10,Rac,2,9
2023,10,RF,0.25,20
2023,10,Tax,3,1
2023,10,TU,2,1
2023,10,Tra,5,10
2023,10,Une,6,1
2023,10,Uni,1,20
2023,10,Oth,11,99
2023,10,DK,12,99
2023,11,NA,34.72222222222222,1
2023,11,NA,25.297619047619047,1
2023,11,NA,23.90873015873016,3
2023,11,NA,21.924603174603178,9
2023,11,NA,18.154761904761905,14
2023,11,NA,15.873015873015872,20
2023,11,NA,12.896825396825395,7
2023,11,NA,12.896825396825395,5
2023,11,NA,11.805555555555555,6
2023,12,NA,33.6318407960199,1
2023,12,NA,30.44776119402985,1
2023,12,NA,29.55223880597015,9
2023,12,NA,27.66169154228856,3
2023,12,NA,15.024875621890548,14
2023,12,NA,13.930348258706468,5
2023,12,NA,12.935323383084578,7
2023,12,NA,12.338308457711443,20
2023,12,NA,11.343283582089551,6
2024,1,NA,32.34126984126984,1
2024,1,NA,31.0515873015873,3
2024,1,NA,30.45634920634921,1
2024,1,NA,23.115079365079364,9
2024,1,NA,15.773809523809524,14
2024,1,NA,14.781746031746032,5
2024,1,NA,14.285714285714286,19
2024,1,NA,14.186507936507937,20
2024,1,NA,11.904761904761903,7
2024,2,NA,34.226190476190474,3
2024,2,NA,29.067460317460316,1
2024,2,NA,25.694444444444443,1
2024,2,NA,18.452380952380953,9
2024,2,NA,15.178571428571429,5
2024,2,NA,14.384920634920634,7
2024,2,NA,12.698412698412698,20
2024,2,NA,12.59920634920635,14
2024,2,NA,11.408730158730158,19
2024,3,NA,36.03960396039603,1
2024,3,NA,34.851485148514854,3
2024,3,NA,28.514851485148515,1
2024,3,NA,24.356435643564357,9
2024,3,NA,14.455445544554456,14
2024,3,NA,13.86138613861386,5
2024,3,NA,13.465346534653465,20
2024,3,NA,11.88118811881188,6
2024,3,NA,10.495049504950495,12
2024,3,NA,10.297029702970296,19
2024,3,NA,10,7
2024,3,NA,9.108910891089108,20
2024,3,NA,6.534653465346534,19
2024,3,NA,5.643564356435643,5
2024,3,NA,5.346534653465347,1
2024,3,NA,4.851485148514851,1
2024,3,NA,3.8613861386138617,10
2024,3,NA,3.4653465346534653,3
2024,3,NA,2.6732673267326734,1
2024,3,NA,2.6732673267326734,9
2024,3,NA,2.5742574257425743,3
2024,3,NA,2.5742574257425743,5
2024,3,NA,2.1782178217821784,9
2024,3,NA,2.0792079207920793,20
2024,3,NA,1.881188118811881,19
2024,3,NA,1.881188118811881,4
2024,3,NA,1.881188118811881,1
2024,3,NA,1.2871287128712872,1
2024,3,NA,1.188118811881188,12
2024,3,NA,1.0891089108910892,20
2024,3,NA,0.99009900990099,4
2024,3,NA,0.8910891089108911,1
2024,3,NA,0.7920792079207921,1
2024,3,NA,0.693069306930693,18
2024,3,NA,0.693069306930693,20
2024,3,NA,0.693069306930693,4
2024,3,NA,0.49504950495049505,3
2024,3,NA,0.39603960396039606,1
2024,3,NA,0.39603960396039606,19
2024,3,NA,10.891089108910892,99
2024,3,NA,10.693069306930694,99
2024,4,NA,33.52657004830918,1
2024,4,NA,28.88888888888889,3
2024,4,NA,26.570048309178745,1
2024,4,NA,23.768115942028984,9
2024,4,NA,18.26086956521739,14
2024,4,NA,13.043478260869565,5
2024,4,NA,12.85024154589372,6
2024,4,NA,12.753623188405795,20
2024,4,NA,12.657004830917874,19
2024,6,NA,40.7,3
2024,6,NA,32.9,1
2024,6,NA,30.4,9
2024,6,NA,28.6,1
2024,6,NA,17.1,14
2024,6,NA,15.7,6
2024,6,NA,12.1,19
2024,6,NA,11.8,5
2024,6,NA,11.8,20
2024,6,NA,9.9,12
2024,6,NA,9.3,7
2024,6,NA,7,1
2024,6,NA,6,1
2024,6,NA,5.8,10
2024,6,NA,5.7,3
2024,6,NA,5.7,20
2024,6,NA,5.5,19
2024,6,NA,4.9,5
2024,6,NA,3.8,5
2024,6,NA,2.2,1
2024,6,NA,1.9,9
2024,6,NA,1.8,3
2024,6,NA,1.6,3
2024,6,NA,1.6,20
2024,6,NA,1.5,4
2024,6,NA,1.4,9
2024,6,NA,1.3,1
2024,6,NA,1,20
2024,6,NA,1,19
2024,6,NA,1,1
2024,6,NA,0.7,4
2024,6,NA,0.6,12
2024,6,NA,0.5,1
2024,6,NA,0.5,19
2024,6,NA,0.3,18
2024,6,NA,0.3,1
2024,6,NA,0.2,20
2024,6,NA,0.2,4
2024,6,NA,0.1,1
2024,6,NA,11.3,99
2024,6,NA,13.8,99
2024,7,NA,46.97720515361744,3
2024,7,NA,33.99405351833499,1
2024,7,NA,31.318136769078297,9
2024,7,NA,21.01090188305253,1
2024,7,NA,17.542120911793855,14
2024,7,NA,16.45193260654113,6
2024,7,NA,11.793855302279484,5
2024,7,NA,9.31615460852329,19
2024,7,NA,9.217046580773042,20
2024,7,NA,8.721506442021804,7
2024,7,NA,8.225966303270566,1
2024,7,NA,6.045589692765114,20
2024,7,NA,5.847373637264618,1
2024,7,NA,5.7482656095143705,12
2024,7,NA,4.063429137760159,19
2024,7,NA,3.666997026759168,5
2024,7,NA,3.270564915758176,5
2024,7,NA,2.9732408325074333,3
2024,7,NA,2.576808721506442,10
2024,7,NA,1.8830525272547076,3
2024,7,NA,1.684836471754212,1
2024,7,NA,1.4866204162537169,4
2024,7,NA,1.4866204162537169,9
2024,7,NA,1.288404360753221,20
2024,7,NA,1.189296333002973,1
2024,7,NA,1.189296333002973,9
2024,7,NA,0.9910802775024776,1
2024,7,NA,0.8919722497522299,20
2024,7,NA,0.8919722497522299,19
2024,7,NA,0.7928642220019821,18
2024,7,NA,0.7928642220019821,4
2024,7,NA,0.5946481665014867,12
2024,7,NA,0.49554013875123887,1
2024,7,NA,0.49554013875123887,3
2024,7,NA,0.396432111000991,1
2024,7,NA,0.396432111000991,4
2024,7,NA,0.1982160555004955,1
2024,7,NA,0.1982160555004955,20
2024,7,NA,0.09910802775024775,19
2024,7,NA,9.41526263627354,99
2024,7,NA,12.784935579781962,99
2024,8,NA,34.05940594059406,9
2024,8,NA,30.495049504950497,3
2024,8,NA,28.81188118811881,1
2024,8,NA,25.04950495049505,12
2024,8,NA,19.603960396039604,1
2024,8,NA,15.049504950495049,14
2024,8,NA,12.871287128712872,5
2024,8,NA,10.792079207920793,9
2024,8,NA,10.0990099009901,6
2024,8,NA,8.712871287128714,7
2024,8,NA,8.118811881188119,20
2024,8,NA,6.435643564356436,19
2024,8,NA,6.237623762376238,20
2024,8,NA,4.9504950495049505,1
2024,8,NA,4.851485148514851,1
2024,8,NA,4.554455445544554,5
2024,8,NA,4.455445544554456,3
2024,8,NA,4.257425742574258,10
2024,8,NA,3.8613861386138617,5
2024,8,NA,2.1782178217821784,20
2024,8,NA,2.1782178217821784,19
2024,8,NA,1.7821782178217822,1
2024,8,NA,1.7821782178217822,3
2024,8,NA,1.683168316831683,1
2024,8,NA,1.386138613861386,9
2024,8,NA,1.0891089108910892,1
2024,8,NA,1.0891089108910892,4
2024,8,NA,0.693069306930693,4
2024,8,NA,0.693069306930693,1
2024,8,NA,0.594059405940594,20
2024,8,NA,0.594059405940594,1
2024,8,NA,0.39603960396039606,18
2024,8,NA,0.39603960396039606,1
2024,8,NA,0.39603960396039606,19
2024,8,NA,0.39603960396039606,3
2024,8,NA,0.297029702970297,12
2024,8,NA,0.099009900990099,4
2024,8,NA,17.524752475247524,99
2024,8,NA,8.910891089108912,99
2024,9,NA,32.00398803589232,9
2024,9,NA,29.51146560319043,3
2024,9,NA,29.41176470588235,1
2024,9,NA,17.647058823529413,1
2024,9,NA,14.755732801595215,20
2024,9,NA,13.958125623130607,12
2024,9,NA,13.559322033898304,6
2024,9,NA,12.961116650049853,14
2024,9,NA,12.961116650049853,5
2024,9,NA,9.970089730807578,7
2024,9,NA,6.979062811565304,19
2024,9,NA,5.782652043868395,5
2024,9,NA,5.782652043868395,1
2024,9,NA,5.483549351944167,1
2024,9,NA,4.885343968095713,19
2024,9,NA,4.885343968095713,20
2024,9,NA,3.5892323030907276,3
2024,9,NA,3.389830508474576,9
2024,9,NA,3.1904287138584246,5
2024,9,NA,2.8913260219341974,20
2024,9,NA,2.7916251246261217,10
2024,9,NA,2.193419740777667,3
2024,9,NA,2.093718843469591,1
2024,9,NA,1.3958125623130608,1
2024,9,NA,1.1964107676969091,99
2024,9,NA,1.1964107676969091,1
2024,9,NA,1.1964107676969091,9
2024,9,NA,0.9970089730807578,20
2024,9,NA,0.7976071784646062,19
2024,9,NA,0.6979062811565304,3
2024,9,NA,0.6979062811565304,99
2024,9,NA,0.6979062811565304,12
2024,9,NA,0.6979062811565304,1
2024,9,NA,0.3988035892323031,4
2024,9,NA,0.3988035892323031,18
2024,9,NA,0.3988035892323031,1
2024,9,NA,0.3988035892323031,1
2024,9,NA,0.29910269192422734,99
2024,9,NA,0.29910269192422734,19
2024,9,NA,0.29910269192422734,20
2024,9,NA,0.1994017946161515,4
2024,9,NA,0.09970089730807576,4
2024,9,NA,10.667996011964108,99
2024,9,NA,15.952143569292124,99
2024,9,NA,32.00398803589232,9
2024,9,NA,29.51146560319043,3
2024,9,NA,29.41176470588235,1
2024,9,NA,17.647058823529413,1
2024,9,NA,14.755732801595215,20
2024,9,NA,13.958125623130607,12
2024,9,NA,13.559322033898304,6
2024,9,NA,12.961116650049853,14
2024,9,NA,12.961116650049853,5
2024,9,NA,9.970089730807578,7
2024,9,NA,6.979062811565304,19
2024,9,NA,5.782652043868395,5
2024,9,NA,5.782652043868395,1
2024,9,NA,5.483549351944167,1
2024,9,NA,4.885343968095713,19
2024,9,NA,4.885343968095713,20
2024,9,NA,3.5892323030907276,3
2024,9,NA,3.389830508474576,9
2024,9,NA,3.1904287138584246,5
2024,9,NA,2.8913260219341974,20
2024,9,NA,2.7916251246261217,10
2024,9,NA,2.193419740777667,3
2024,9,NA,2.093718843469591,1
2024,9,NA,1.3958125623130608,1
2024,9,NA,1.1964107676969091,99
2024,9,NA,1.1964107676969091,1
2024,9,NA,1.1964107676969091,9
2024,9,NA,0.9970089730807578,20
2024,9,NA,0.7976071784646062,19
2024,9,NA,0.6979062811565304,3
2024,9,NA,0.6979062811565304,99
2024,9,NA,0.6979062811565304,12
2024,9,NA,0.6979062811565304,1
2024,9,NA,0.3988035892323031,4
2024,9,NA,0.3988035892323031,18
2024,9,NA,0.3988035892323031,1
2024,9,NA,0.3988035892323031,1
2024,9,NA,0.29910269192422734,99
2024,9,NA,0.29910269192422734,19
2024,9,NA,0.29910269192422734,20
2024,9,NA,0.1994017946161515,4
2024,9,NA,0.09970089730807576,4
2024,9,NA,10.667996011964108,99
2024,9,NA,15.952143569292124,99
2024,10,NA,38.44621513944223,9
2024,10,NA,35.55776892430279,1
2024,10,NA,33.46613545816733,3
2024,10,NA,18.92430278884462,1
2024,10,NA,14.741035856573705,14
2024,10,NA,14.741035856573705,19
2024,10,NA,13.645418326693228,20
2024,10,NA,12.05179282868526,5
2024,10,NA,11.254980079681276,6
2024,10,NA,10.657370517928287,12
2024,10,NA,10.557768924302788,7
2024,10,NA,7.768924302788845,5
2024,10,NA,6.175298804780876,1
2024,10,NA,4.9800796812749,1
2024,10,NA,4.8804780876494025,3
2024,10,NA,4.681274900398407,20
2024,10,NA,3.8844621513944224,5
2024,10,NA,3.585657370517928,19
2024,10,NA,3.2868525896414345,10
2024,10,NA,3.2868525896414345,20
2024,10,NA,2.689243027888446,9
2024,10,NA,2.2908366533864544,3
2024,10,NA,2.091633466135458,9
2024,10,NA,2.091633466135458,99
2024,10,NA,1.8924302788844625,19
2024,10,NA,1.49402390438247,1
2024,10,NA,1.095617529880478,1
2024,10,NA,0.99601593625498,1
2024,10,NA,0.99601593625498,18
2024,10,NA,0.896414342629482,99
2024,10,NA,0.796812749003984,99
2024,10,NA,0.6972111553784861,20
2024,10,NA,0.5976095617529881,12
2024,10,NA,0.5976095617529881,1
2024,10,NA,0.5976095617529881,4
2024,10,NA,0.4980079681274901,4
2024,10,NA,0.398406374501992,20
2024,10,NA,0.398406374501992,3
2024,10,NA,0.398406374501992,1
2024,10,NA,0.29880478087649404,1
2024,10,NA,0.199203187250996,4
2024,10,NA,0.199203187250996,19
2024,10,NA,9.9601593625498,99
2024,10,NA,11.45418326693227,99
2024,11,NA,38.78968253968254,1
2024,11,NA,33.333333333333336,9
2024,11,NA,28.47222222222222,3
2024,11,NA,20.535714285714285,1
2024,11,NA,15.674603174603174,14
2024,11,NA,12.996031746031743,6
2024,11,NA,12.202380952380953,20
2024,11,NA,12.103174603174605,5
2024,11,NA,11.507936507936508,19
2024,11,NA,11.30952380952381,7
2024,11,NA,9.821428571428571,12
2024,11,NA,8.432539682539682,1
2024,11,NA,6.448412698412699,20
2024,11,NA,5.853174603174603,5
2024,11,NA,5.059523809523809,1
2024,11,NA,4.464285714285714,9
2024,11,NA,4.265873015873016,10
2024,11,NA,4.067460317460317,3
2024,11,NA,3.2738095238095237,20
2024,11,NA,3.1746031746031744,99
2024,11,NA,2.876984126984127,19
2024,11,NA,2.6785714285714284,5
2024,11,NA,2.5793650793650795,3
2024,11,NA,1.6865079365079363,19
2024,11,NA,1.5873015873015872,1
2024,11,NA,1.5873015873015872,1
2024,11,NA,1.2896825396825398,99
2024,11,NA,1.1904761904761905,18
2024,11,NA,1.1904761904761905,4
2024,11,NA,0.8928571428571429,3
2024,11,NA,0.6944444444444444,9
2024,11,NA,0.5952380952380952,1
2024,11,NA,0.5952380952380952,12
2024,11,NA,0.5952380952380952,20
2024,11,NA,0.5952380952380952,99
2024,11,NA,0.4960317460317461,1
2024,11,NA,0.3968253968253968,1
2024,11,NA,0.2976190476190476,4
2024,11,NA,0.0992063492063492,4
2024,11,NA,0.0992063492063492,20
2024,11,NA,8.531746031746032,99
2024,11,NA,11.21031746031746,99
2025,2,NA,35.72139303482587,1
2025,2,NA,32.13930348258707,9
2025,2,NA,31.243781094527364,3
2025,2,NA,19.800995024875625,1
2025,2,NA,17.81094527363184,14
2025,2,NA,17.01492537313433,19
2025,2,NA,12.835820895522389,5
2025,2,NA,12.338308457711443,6
2025,2,NA,12.238805970149254,20
2025,2,NA,11.144278606965177,12
2025,2,NA,9.651741293532336,1
2025,2,NA,8.557213930348258,7
2025,2,NA,7.462686567164179,1
2025,2,NA,5.174129353233831,20
2025,2,NA,4.975124378109452,3
2025,2,NA,4.278606965174129,99
2025,2,NA,4.17910447761194,10
2025,2,NA,3.9800995024875623,19
2025,2,NA,3.781094527363184,5
2025,2,NA,2.487562189054726,5
2025,2,NA,2.388059701492537,3
2025,2,NA,2.288557213930348,9
2025,2,NA,1.9900497512437811,4
2025,2,NA,1.791044776119403,19
2025,2,NA,1.691542288557214,20
2025,2,NA,1.691542288557214,1
2025,2,NA,1.592039800995025,1
2025,2,NA,1.492537313432836,9
2025,2,NA,1.492537313432836,18
2025,2,NA,1.0945273631840795,99
2025,2,NA,0.8955223880597015,1
2025,2,NA,0.7960199004975125,1
2025,2,NA,0.7960199004975125,12
2025,2,NA,0.4975124378109453,4
2025,2,NA,0.4975124378109453,1
2025,2,NA,0.4975124378109453,20
2025,2,NA,0.39800995024875624,99
2025,2,NA,0.29850746268656714,4
2025,2,NA,0.19900497512437812,20
2025,2,NA,0.19900497512437812,1
2025,2,NA,0.09950248756218906,3
2025,2,NA,0.09950248756218906,19
2025,2,NA,9.552238805970148,99
2025,2,NA,10.049751243781095,99
2025,3,NA,34.1,1
2025,3,NA,33.2,9
2025,3,NA,29.5,3
2025,3,NA,28.7,19
2025,3,NA,22.6,1
2025,3,NA,12,14
2025,3,NA,11.9,20
2025,3,NA,11.8,6
2025,3,NA,11.8,5
2025,3,NA,10.8,12
2025,3,NA,8.8,7
2025,3,NA,7.1,1
2025,3,NA,6.5,5
2025,3,NA,5,20
2025,3,NA,4.9,1
2025,3,NA,4.2,5
2025,3,NA,3.7,19
2025,3,NA,3.7,3
2025,3,NA,3.5,10
2025,3,NA,3.4,19
2025,3,NA,3.4,99
2025,3,NA,3,9
2025,3,NA,2.1,3
2025,3,NA,2,4
2025,3,NA,2,1
2025,3,NA,1.9,20
2025,3,NA,1.8,1
2025,3,NA,1.4,18
2025,3,NA,1.2,9
2025,3,NA,1.1,1
2025,3,NA,1,99
2025,3,NA,1,12
2025,3,NA,0.9,1
2025,3,NA,0.6,20
2025,3,NA,0.5,99
2025,3,NA,0.4,4
2025,3,NA,0.2,4
2025,3,NA,0.2,1
2025,3,NA,0.2,1
2025,3,NA,0.1,19
2025,3,NA,0.1,3
2025,3,NA,11.2,99
2025,3,NA,10.9,99
2025,4,NA,38.81188118811881,1
2025,4,NA,33.86138613861386,9
2025,4,NA,25.940594059405942,3
2025,4,NA,18.217821782178216,1
2025,4,NA,16.435643564356436,19
2025,4,NA,13.267326732673268,5
2025,4,NA,12.970297029702971,20
2025,4,NA,12.574257425742577,14
2025,4,NA,10.693069306930694,6
2025,4,NA,10.495049504950495,12
2025,4,NA,9.504950495049505,7
2025,4,NA,8.910891089108912,1
2025,4,NA,8.01980198019802,5
2025,4,NA,7.920792079207921,1
2025,4,NA,4.653465346534653,20
2025,4,NA,4.1584158415841586,99
2025,4,NA,3.762376237623762,18
2025,4,NA,3.366336633663366,5
2025,4,NA,3.1683168316831685,10
2025,4,NA,2.871287128712871,3
2025,4,NA,2.772277227722772,19
2025,4,NA,2.6732673267326734,1
2025,4,NA,2.4752475247524752,20
2025,4,NA,2.1782178217821784,3
2025,4,NA,2.1782178217821784,9
2025,4,NA,1.98019801980198,1
2025,4,NA,1.881188118811881,9
2025,4,NA,1.683168316831683,19
2025,4,NA,1.188118811881188,1
2025,4,NA,1.0891089108910892,1
2025,4,NA,0.8910891089108911,4
2025,4,NA,0.8910891089108911,12
2025,4,NA,0.7920792079207921,4
2025,4,NA,0.7920792079207921,99
2025,4,NA,0.7920792079207921,20
2025,4,NA,0.594059405940594,99
2025,4,NA,0.49504950495049505,4
2025,4,NA,0.39603960396039606,1
2025,4,NA,0.19801980198019803,1
2025,4,NA,0.099009900990099,3
2025,4,NA,0.099009900990099,20
2025,4,NA,9.306930693069306,99
2025,4,NA,9.9009900990099,99
2025,5,NA,48.80478087649402,9
2025,5,NA,34.16334661354582,3
2025,5,NA,32.76892430278885,1
2025,5,NA,20.51792828685259,1
2025,5,NA,17.62948207171315,19
2025,5,NA,15.239043824701197,14
2025,5,NA,13.247011952191237,5
2025,5,NA,12.05179282868526,1
2025,5,NA,12.05179282868526,6
2025,5,NA,10.756972111553784,5
2025,5,NA,9.760956175298803,7
2025,5,NA,8.864541832669323,12
2025,5,NA,8.366533864541832,20
2025,5,NA,7.370517928286852,1
2025,5,NA,5.079681274900398,20
2025,5,NA,4.48207171314741,3
2025,5,NA,4.382470119521912,10
2025,5,NA,3.98406374501992,5
2025,5,NA,3.3864541832669324,99
2025,5,NA,3.187250996015936,19
2025,5,NA,2.8884462151394423,9
2025,5,NA,2.191235059760956,18
2025,5,NA,1.99203187250996,19
2025,5,NA,1.792828685258964,1
2025,5,NA,1.3944223107569722,1
2025,5,NA,1.3944223107569722,4
2025,5,NA,1.3944223107569722,9
2025,5,NA,1.3944223107569722,3
2025,5,NA,0.896414342629482,20
2025,5,NA,0.896414342629482,1
2025,5,NA,0.896414342629482,4
2025,5,NA,0.896414342629482,1
2025,5,NA,0.796812749003984,1
2025,5,NA,0.398406374501992,20
2025,5,NA,0.398406374501992,12
2025,5,NA,0.29880478087649404,99
2025,5,NA,0.29880478087649404,4
2025,5,NA,0.199203187250996,1
2025,5,NA,0.199203187250996,20
2025,5,NA,0.099601593625498,19
2025,5,NA,0.099601593625498,3
2025,5,NA,12.350597609561753,99
2025,5,NA,10.657370517928287,99
2025,6,NA,4.287138584247258,3
2025,6,NA,1.694915254237288,99
2025,6,NA,0.09970089730807576,4
2025,6,NA,3.688933200398804,99
2025,6,NA,0.09970089730807576,3
2025,6,NA,2.3928215353938187,19
2025,6,NA,0.7976071784646062,4
2025,6,NA,6.979062811565304,12
2025,6,NA,23.13060817547358,19
2025,6,NA,0.6979062811565304,12
2025,6,NA,33.39980059820538,1
2025,6,NA,10.86739780658026,6
2025,6,NA,1.1964107676969091,4
2025,6,NA,14.257228315054835,14
2025,6,NA,36.29112662013958,9
2025,6,NA,17.148554336989033,1
2025,6,NA,1.296111665004985,18
2025,6,NA,6.380857427716849,20
2025,6,NA,1.7946161515453638,1
2025,6,NA,4.685942173479561,5
2025,6,NA,1.89431704885344,3
2025,6,NA,2.8913260219341974,20
2025,6,NA,33.39980059820538,3
2025,6,NA,0.6979062811565304,1
2025,6,NA,1.89431704885344,19
2025,6,NA,8.873379860418744,5
2025,6,NA,0.3988035892323031,1
2025,6,NA,8.275174476570289,7
2025,6,NA,0.7976071784646062,9
2025,6,NA,0.09970089730807576,1
2025,6,NA,11.665004985044863,5
2025,6,NA,0.7976071784646062,1
2025,6,NA,5.483549351944167,20
2025,6,NA,4.287138584247258,9
2025,6,NA,0.5982053838484547,20
2025,6,NA,8.175473579262214,1
2025,6,NA,0.4985044865403789,1
2025,6,NA,4.885343968095713,10
2025,6,NA,7.577268195413759,1
2025,6,NA,8.773678963110669,99
2025,6,NA,10.667996011964108,99
2025,7,NA,4.695304695304696,3
2025,7,NA,0.999000999000999,99
2025,7,NA,0.1998001998001998,4
2025,7,NA,3.896103896103896,99
2025,7,NA,0.1998001998001998,3
2025,7,NA,1.7982017982017982,19
2025,7,NA,0.0999000999000999,4
2025,7,NA,8.491508491508492,12
2025,7,NA,19.78021978021978,19
2025,7,NA,0.7992007992007992,12
2025,7,NA,29.97002997002997,1
2025,7,NA,9.99000999000999,6
2025,7,NA,1.5984015984015985,4
2025,7,NA,12.987012987012989,14
2025,7,NA,39.96003996003996,9
2025,7,NA,16.983016983016984,1
2025,7,NA,0.5994005994005994,18
2025,7,NA,10.48951048951049,20
2025,7,NA,1.098901098901099,1
2025,7,NA,2.897102897102897,5
2025,7,NA,2.3976023976023977,3
2025,7,NA,3.3966033966033966,20
2025,7,NA,29.97002997002997,3
2025,7,NA,1.5984015984015985,1
2025,7,NA,2.797202797202797,19
2025,7,NA,11.588411588411589,5
2025,7,NA,0.1998001998001998,1
2025,7,NA,7.392607392607393,7
2025,7,NA,1.4985014985014986,9
2025,7,NA,0.0999000999000999,1
2025,7,NA,10.48951048951049,5
2025,7,NA,0.4995004995004995,1
2025,7,NA,4.795204795204795,20
2025,7,NA,2.997002997002997,9
2025,7,NA,0.1998001998001998,20
2025,7,NA,0.3996003996003996,20
2025,7,NA,8.491508491508492,1
2025,7,NA,0.0999000999000999,1
2025,7,NA,3.3966033966033966,10
2025,7,NA,7.892107892107892,1
2025,7,NA,8.791208791208792,99
2025,7,NA,11.188811188811188,99
2025,8,NA,47.51984126984127,9
2025,8,NA,32.638888888888886,1
2025,8,NA,22.123015873015873,3
2025,8,NA,17.75793650793651,1
2025,8,NA,14.682539682539682,14
2025,8,NA,12.797619047619047,19
2025,8,NA,11.507936507936508,20
2025,8,NA,10.11904761904762,5
2025,8,NA,10.11904761904762,12
2025,8,NA,9.72222222222222,6
2025,8,NA,8.531746031746032,1
2025,8,NA,8.234126984126984,7
2025,8,NA,6.845238095238095,5
2025,8,NA,6.349206349206349,1
2025,8,NA,5.555555555555555,20
2025,8,NA,3.2738095238095237,20
2025,8,NA,2.9761904761904763,5
2025,8,NA,2.9761904761904763,9
2025,8,NA,2.380952380952381,10
2025,8,NA,2.2817460317460316,99
2025,8,NA,1.7857142857142858,4
2025,8,NA,1.6865079365079363,19
2025,8,NA,1.5873015873015872,18
2025,8,NA,1.5873015873015872,19
2025,8,NA,1.5873015873015872,9
2025,8,NA,1.5873015873015872,1
2025,8,NA,1.2896825396825398,3
2025,8,NA,1.2896825396825398,3
2025,8,NA,0.8928571428571429,20
2025,8,NA,0.7936507936507936,1
2025,8,NA,0.5952380952380952,12
2025,8,NA,0.5952380952380952,1
2025,8,NA,0.4960317460317461,99
2025,8,NA,0.2976190476190476,1
2025,8,NA,0.2976190476190476,99
2025,8,NA,0.2976190476190476,1
2025,8,NA,0.2976190476190476,1
2025,8,NA,0.1984126984126984,20
2025,8,NA,0.0992063492063492,4
2025,8,NA,10.218253968253968,99
2025,8,NA,13.194444444444445,99
2025,9,NA,51.3,9
2025,9,NA,34.9,1
2025,9,NA,26.4,3
2025,9,NA,19,1
2025,9,NA,16.3,14
2025,9,NA,15.3,19
2025,9,NA,13.2,6
2025,9,NA,11.4,1
2025,9,NA,10.5,12
2025,9,NA,8.3,5
2025,9,NA,8.1,20
2025,9,NA,6.3,5
2025,9,NA,6.1,7
2025,9,NA,5.2,20
2025,9,NA,5,1
2025,9,NA,4.7,9
2025,9,NA,4.5,20
2025,9,NA,3.4,10
2025,9,NA,3.1,3
2025,9,NA,2.8,4
2025,9,NA,2.6,3
2025,9,NA,2.6,5
2025,9,NA,2.5,19
2025,9,NA,2,9
2025,9,NA,1.9,99
2025,9,NA,1.8,1
2025,9,NA,1.7,99
2025,9,NA,1.5,19
2025,9,NA,0.9,18
2025,9,NA,0.9,12
2025,9,NA,0.9,1
2025,9,NA,0.7,99
2025,9,NA,0.5,20
2025,9,NA,0.4,1
2025,9,NA,0.3,1
2025,9,NA,0.2,3
2025,9,NA,0.1,20
2025,9,NA,0.1,4
2025,9,NA,0.1,1
2025,9,NA,11.6,99
2025,9,NA,10.2,99
2025,10,NA,46.9061876247505,9
2025,10,NA,33.13373253493014,1
2025,10,NA,24.05189620758483,3
2025,10,NA,22.45508982035928,1
2025,10,NA,13.872255489021956,20
2025,10,NA,11.976047904191615,19
2025,10,NA,11.976047904191615,5
2025,10,NA,11.57684630738523,6
2025,10,NA,11.077844311377245,14
2025,10,NA,9.3812375249501,12
2025,10,NA,8.682634730538922,7
2025,10,NA,7.884231536926148,9
2025,10,NA,7.385229540918163,1
2025,10,NA,6.586826347305389,1
2025,10,NA,5.089820359281437,5
2025,10,NA,4.391217564870259,20
2025,10,NA,4.391217564870259,20
2025,10,NA,3.7924151696606785,99
2025,10,NA,3.193612774451098,5
2025,10,NA,2.9940119760479043,3
2025,10,NA,2.4950099800399204,10
2025,10,NA,1.996007984031936,99
2025,10,NA,1.996007984031936,1
2025,10,NA,1.8962075848303392,9
2025,10,NA,1.6966067864271457,19
2025,10,NA,1.3972055888223551,3
2025,10,NA,1.1976047904191616,4
2025,10,NA,0.8982035928143712,20
2025,10,NA,0.7984031936127745,12
2025,10,NA,0.7984031936127745,99
2025,10,NA,0.7984031936127745,19
2025,10,NA,0.6986027944111777,1
2025,10,NA,0.5988023952095808,1
2025,10,NA,0.2994011976047904,1
2025,10,NA,0.1996007984031936,1
2025,10,NA,0.1996007984031936,18
2025,10,NA,0.1996007984031936,4
2025,10,NA,0.0998003992015968,3
2025,10,NA,10.479041916167663,99
2025,10,NA,10.978043912175648,99
2025,11,NA,50,9
2025,11,NA,34.72222222222222,1
2025,11,NA,25.297619047619047,3
2025,11,NA,22.42063492063492,1
2025,11,NA,14.98015873015873,20
2025,11,NA,14.384920634920634,12
2025,11,NA,12.797619047619047,14
2025,11,NA,11.805555555555555,1
2025,11,NA,11.011904761904765,5
2025,11,NA,8.829365079365079,6
2025,11,NA,7.936507936507937,5
2025,11,NA,7.738095238095238,19
2025,11,NA,7.341269841269841,7
2025,11,NA,6.25,1
2025,11,NA,5.9523809523809526,9
2025,11,NA,5.555555555555555,20
2025,11,NA,5.555555555555555,20
2025,11,NA,4.067460317460317,10
2025,11,NA,3.5714285714285716,5
2025,11,NA,2.876984126984127,3
2025,11,NA,2.876984126984127,99
2025,11,NA,2.5793650793650795,19
2025,11,NA,2.5793650793650795,3
2025,11,NA,2.4801587301587302,99
2025,11,NA,2.2817460317460316,9
2025,11,NA,1.6865079365079363,1
2025,11,NA,1.488095238095238,4
2025,11,NA,1.0912698412698412,12
2025,11,NA,0.7936507936507936,19
2025,11,NA,0.7936507936507936,1
2025,11,NA,0.7936507936507936,99
2025,11,NA,0.6944444444444444,1
2025,11,NA,0.4960317460317461,18
2025,11,NA,0.4960317460317461,20
2025,11,NA,0.4960317460317461,1
2025,11,NA,0.4960317460317461,1
2025,11,NA,0.4960317460317461,20
2025,11,NA,0.3968253968253968,4
2025,11,NA,0.3968253968253968,4
2025,11,NA,0.1984126984126984,1
2025,11,NA,8.134920634920634,99
2025,11,NA,8.73015873015873,99
2025,12,NA,46.214355948869226,9
2025,12,NA,32.055063913470995,1
2025,12,NA,27.13864306784661,3
2025,12,NA,19.272369714847592,1
2025,12,NA,13.27433628318584,1
2025,12,NA,13.176007866273354,5
2025,12,NA,12.487708947885938,14
2025,12,NA,12.192723697148477,19
2025,12,NA,11.799410029498524,20
2025,12,NA,10.816125860373647,12
2025,12,NA,10.71779744346116,6
2025,12,NA,8.357915437561456,1
2025,12,NA,6.981317600786627,7
2025,12,NA,6.1946902654867255,20
2025,12,NA,6.096361848574238,5
2025,12,NA,4.3264503441494595,9
2025,12,NA,4.031465093411996,10
2025,12,NA,3.933136676499508,20
2025,12,NA,3.343166175024582,3
2025,12,NA,2.949852507374631,99
2025,12,NA,2.949852507374631,5
2025,12,NA,2.4582104228121926,19
2025,12,NA,1.966568338249754,1
2025,12,NA,1.8682399213372665,3
2025,12,NA,1.4749262536873156,9
2025,12,NA,1.376597836774828,4
2025,12,NA,1.27826941986234,99
2025,12,NA,1.1799410029498525,19
2025,12,NA,1.0816125860373649,20
2025,12,NA,0.8849557522123894,99
2025,12,NA,0.8849557522123894,4
2025,12,NA,0.7866273352999017,1
2025,12,NA,0.688298918387414,18
2025,12,NA,0.688298918387414,12
2025,12,NA,0.688298918387414,4
2025,12,NA,0.688298918387414,1
2025,12,NA,0.4916420845624385,1
2025,12,NA,0.4916420845624385,1
2025,12,NA,0.3933136676499509,1
2025,12,NA,0.09832841691248773,20
2025,12,NA,0.09832841691248773,3
2025,12,NA,9.144542772861357,99
2025,12,NA,8.55457227138643,99
2026,1,NA,41.235059760956176,9
2026,1,NA,33.56573705179283,1
2026,1,NA,24.50199203187251,3
2026,1,NA,24.00398406374502,19
2026,1,NA,23.10756972111554,1
2026,1,NA,14.641434262948207,20
2026,1,NA,14.04382470119522,14
2026,1,NA,12.94820717131474,5
2026,1,NA,10.756972111553784,1
2026,1,NA,8.96414342629482,6
2026,1,NA,8.466135458167331,12
2026,1,NA,8.266932270916335,1
2026,1,NA,6.872509960159363,5
2026,1,NA,6.872509960159363,7
2026,1,NA,5.577689243027889,20
2026,1,NA,5.577689243027889,9
2026,1,NA,3.784860557768925,20
2026,1,NA,3.685258964143426,19
2026,1,NA,3.2868525896414345,99
2026,1,NA,3.2868525896414345,10
2026,1,NA,3.087649402390438,5
2026,1,NA,3.087649402390438,3
2026,1,NA,2.49003984063745,3
2026,1,NA,1.99203187250996,1
2026,1,NA,1.6932270916334662,99
2026,1,NA,1.49402390438247,9
2026,1,NA,1.294820717131474,18
2026,1,NA,1.294820717131474,99
2026,1,NA,1.095617529880478,4
2026,1,NA,0.896414342629482,20
2026,1,NA,0.6972111553784861,19
2026,1,NA,0.6972111553784861,1
2026,1,NA,0.5976095617529881,1
2026,1,NA,0.5976095617529881,1
2026,1,NA,0.4980079681274901,4
2026,1,NA,0.4980079681274901,1
2026,1,NA,0.4980079681274901,4
2026,1,NA,0.29880478087649404,3
2026,1,NA,0.29880478087649404,12
2026,1,NA,0.099601593625498,1
2026,1,NA,8.864541832669323,99
2026,1,NA,9.46215139442231,99
2026,5,NA,40.97706879361914,9
2026,5,NA,33.59920239282154,1
2026,5,NA,25.124626121635096,1
2026,5,NA,22.43270189431705,3
2026,5,NA,14.556331006979065,19
2026,5,NA,13.659022931206382,20
2026,5,NA,11.964107676969093,14
2026,5,NA,10.967098703888334,5
2026,5,NA,10.667996011964108,1
2026,5,NA,9.072781655034897,6
2026,5,NA,8.873379860418744,1
2026,5,NA,8.474576271186441,12
2026,5,NA,7.477567298105683,7
2026,5,NA,6.679960119641077,5
2026,5,NA,4.785643070787637,10
2026,5,NA,4.48654037886341,9
2026,5,NA,4.187437686939182,20
2026,5,NA,4.087736789631107,19
2026,5,NA,3.8883349950149553,20
2026,5,NA,3.489531405782652,1
2026,5,NA,2.991026919242273,99
2026,5,NA,2.59222333000997,5
2026,5,NA,2.3928215353938187,1
2026,6,NA,38.622754491017965,9
2026,6,NA,36.52694610778443,1
2026,6,NA,23.15369261477046,1
2026,6,NA,18.7624750499002,3
2026,6,NA,15.169660678642714,12
2026,6,NA,13.572854291417164,20
2026,6,NA,13.47305389221557,19
2026,6,NA,13.273453093812376,1
2026,6,NA,10.179640718562874,5
2026,6,NA,9.481037924151696,14
2026,6,NA,9.081836327345307,6
2026,6,NA,8.48303393213573,9
2026,6,NA,8.183632734530939,5
2026,6,NA,7.984031936127744,1
2026,6,NA,7.684630738522954,7
2026,6,NA,6.586826347305389,20
2026,6,NA,5.788423153692615,20
2026,6,NA,3.6926147704590817,5
2026,6,NA,3.493013972055888,99
2026,6,NA,2.7944111776447107,10
2026,6,NA,2.7944111776447107,1
2026,6,NA,2.7944111776447107,19
2026,6,NA,2.095808383233533,99
2026,6,NA,1.996007984031936,99
2026,6,NA,1.7964071856287425,3
2026,6,NA,1.6966067864271457,1
2026,6,NA,1.6966067864271457,4
2026,6,NA,1.3972055888223551,9
2026,6,NA,1.0978043912175648,3
2026,6,NA,1.0978043912175648,1
2026,6,NA,0.998003992015968,19
2026,6,NA,0.7984031936127745,12
2026,6,NA,0.7984031936127745,20
2026,6,NA,0.6986027944111777,18
2026,6,NA,0.6986027944111777,1
2026,6,NA,0.5988023952095808,4
2026,6,NA,0.2994011976047904,1
2026,6,NA,0.0998003992015968,3
2026,6,NA,0.0998003992015968,1
2026,6,NA,0.0998003992015968,20
2026,6,NA,4.790419161676646,99
2026,6,NA,10.678642714570858,99
